hip_flexion_l,hip_adduction_l,hip_rotation_l,hip_flexion_r,hip_adduction_r,hip_rotation_r,knee_angle_l,osl_knee_angle_r,ankle_angle_l,osl_ankle_angle_r,pelvis_euler_roll,pelvis_euler_pitch,pelvis_euler_yaw,pelvis_vel_X,pelvis_vel_Y,pelvis_vel_Z,l_foot_relative_X,l_foot_relative_Y,l_foot_relative_Z,r_foot_relative_X,r_foot_relative_Y,r_foot_relative_Z
0.482554915,0.016533679,-0.118054769,-0.297110191,0.027959302,-0.250894571,-0.051825632,0.102300729,0.105687017,0.255768403,0.012550139,0.067847231,-1.561603852,1.29439,0.12196,-0.23504,0.46466,-0.11492,-0.74614,-0.18441,0.10426,-0.85992
0.486526721,0.018594032,-0.107967268,-0.296376956,0.021547094,-0.248998469,-0.050761664,0.110195345,0.110943172,0.250559097,0.015729345,0.071461634,-1.564150911,1.307553688,0.127931434,-0.215534458,0.466787704,-0.112943251,-0.744225277,-0.186616401,0.107787233,-0.86017886
0.488675299,0.022429312,-0.097104646,-0.296786264,0.012989809,-0.245460768,-0.047356919,0.118770651,0.115900762,0.243271056,0.020240108,0.073531139,-1.567761805,1.317836098,0.132701615,-0.190638243,0.466989865,-0.110135165,-0.743844715,-0.189856348,0.11254671,-0.860401585
0.488841676,0.02756267,-0.088164485,-0.29920886,0.00350194,-0.240288485,-0.041591279,0.127209924,0.118366846,0.234526936,0.025344801,0.073716043,-1.571942411,1.330372636,0.139595454,-0.1636042,0.465258311,-0.106884623,-0.745215989,-0.194561446,0.117954361,-0.860320677
0.486944313,0.033506904,-0.083680839,-0.304403685,-0.005739719,-0.233538668,-0.033433093,0.134753434,0.116376401,0.224929012,0.030327313,0.071753131,-1.576207516,1.349907299,0.151603669,-0.137688803,0.461620525,-0.103565347,-0.748507815,-0.201097432,0.123443724,-0.859693573
0.483801801,0.039654454,-0.084286745,-0.311829952,-0.013996655,-0.225850033,-0.022716691,0.141303985,0.110613924,0.214842631,0.034721681,0.068268357,-1.580175487,1.376633974,0.167831983,-0.116190683,0.456518469,-0.10037482,-0.753319783,-0.209064315,0.128653026,-0.858567554
0.480813462,0.045320111,-0.089388776,-0.320108343,-0.020813118,-0.218236561,-0.00918994,0.147191824,0.10347328,0.204480279,0.038223324,0.064461335,-1.583531523,1.407810987,0.184879669,-0.102435671,0.450661516,-0.097396823,-0.758884308,-0.217568092,0.133352549,-0.857176896
0.479379655,0.049822178,-0.098360219,-0.327850048,-0.025744093,-0.211711957,0.007392512,0.152756638,0.097360745,0.194052185,0.040534395,0.061534485,-1.585965374,1.440635011,0.199315073,-0.09970342,0.444761731,-0.094712472,-0.764430508,-0.225710285,0.137316784,-0.855758346
0.480382254,0.052767459,-0.109803733,-0.333935444,-0.028706071,-0.206898006,0.026782516,0.158477157,0.093717768,0.183785795,0.041599644,0.060285108,-1.587373188,1.471538889,0.208357292,-0.108475637,0.439425505,-0.092356816,-0.769357073,-0.232818178,0.140440673,-0.854509907
0.483899487,0.054209932,-0.121127499,-0.337662148,-0.030175874,-0.20380902,0.047967003,0.165047624,0.092490316,0.17393525,0.041739841,0.060882563,-1.587971029,1.49577153,0.210234091,-0.124897218,0.435095428,-0.090293493,-0.773325526,-0.23856898,0.142805847,-0.85356953
0.48994045,0.054242041,-0.129636948,-0.338363666,-0.030678525,-0.202407055,0.069867101,0.173180819,0.093495717,0.164756987,0.041308104,0.063442195,-1.588002481,1.50848,0.20326,-0.14474,0.4322,-0.08848,-0.77602,-0.24267,0.14451,-0.85307
0.498166141,0.053070205,-0.133291131,-0.335787698,-0.030721784,-0.202479986,0.091333522,0.183372812,0.096155548,0.156315727,0.040625536,0.067822747,-1.587715587,1.506704005,0.187140069,-0.163620199,0.430949787,-0.086860505,-0.77731565,-0.24506677,0.145667274,-0.853073532
0.506845165,0.051356747,-0.132663583,-0.331338719,-0.030744363,-0.203118959,0.110935304,0.195252832,0.098308392,0.147909336,0.039885181,0.072856568,-1.587376232,1.495053821,0.167141416,-0.176531544,0.430683614,-0.085325865,-0.777851731,-0.246657708,0.146457604,-0.853360064
0.51389803,0.049877967,-0.128981456,-0.326835397,-0.031167711,-0.203240941,0.127171067,0.208233396,0.097397088,0.138643967,0.03924807,0.077119407,-1.587254758,1.480032363,0.149921675,-0.178312144,0.430522373,-0.083753611,-0.77845852,-0.248579451,0.147077371,-0.853638963
0.517390962,0.049383725,-0.123472349,-0.323987247,-0.0324039,-0.201833582,0.138681264,0.221736738,0.091057867,0.127654542,0.038881468,0.079286384,-1.587601358,1.467915262,0.141783215,-0.164302567,0.42963318,-0.082015131,-0.779917445,-0.25189372,0.147733085,-0.85363768
0.517084148,0.050316569,-0.11736901,-0.323234906,-0.034756001,-0.198706268,0.145755177,0.235298052,0.079175169,0.114410461,0.039025163,0.079187811,-1.588431986,1.462335932,0.144898417,-0.135684469,0.427720494,-0.079910418,-0.782442074,-0.256791318,0.148748969,-0.85329389
0.513830653,0.052920777,-0.111907512,-0.324200376,-0.03845676,-0.194198531,0.14974585,0.248525411,0.063083892,0.098596915,0.039965728,0.077399282,-1.589611471,1.46522313,0.15877516,-0.097407953,0.424835453,-0.077193404,-0.78587961,-0.262901168,0.150525196,-0.8526809
0.508505026,0.05743216,-0.108310471,-0.32648644,-0.04373407,-0.188657027,0.152023051,0.261036022,0.044145786,0.079914944,0.041987059,0.074510856,-1.591001833,1.478428882,0.182840002,-0.054487724,0.4210379,-0.073620278,-0.790069078,-0.26984074,0.153458429,-0.851874556
0.502177729,0.063776611,-0.10698975,-0.329361215,-0.050594862,-0.182325482,0.153896375,0.272922313,0.023883116,0.058800739,0.045165726,0.071235012,-1.592447649,1.500905759,0.214305094,-0.012046131,0.416563478,-0.069128691,-0.79472526,-0.277102456,0.157658998,-0.850967611
0.496222895,0.071399663,-0.107100547,-0.331574096,-0.058703582,-0.175288088,0.156582147,0.285013302,0.004066949,0.036829982,0.049256941,0.068473978,-1.593766461,1.527112188,0.246950242,0.024627628,0.41192032,-0.063937561,-0.799370356,-0.283984904,0.162793411,-0.850079022
0.492040779,0.079705522,-0.107689956,-0.331829851,-0.067695213,-0.167615313,0.161288669,0.298201371,-0.013510245,0.015676373,0.05398827,0.067146307,-1.594773486,1.55112,0.27426,0.05023,0.40764,-0.05829,-0.80351,-0.28977,0.16849,-0.84933
0.49056752,0.088098719,-0.10786763,-0.32919764,-0.077132997,-0.159592261,0.168878485,0.313259323,-0.027358194,-0.003421612,0.059016654,0.06784096,-1.595301071,1.568098243,0.291109583,0.060955496,0.404062986,-0.052466116,-0.806795872,-0.293995661,0.174342084,-0.848791333
0.490882785,0.095985075,-0.106993429,-0.324204166,-0.086293205,-0.152362589,0.178831116,0.330481657,-0.037195425,-0.020966391,0.06371653,0.069828529,-1.595250099,1.577604825,0.297936848,0.05899087,0.400765338,-0.046893999,-0.809463832,-0.297223806,0.179802934,-0.848332115
0.491602125,0.10277073,-0.104489773,-0.317740521,-0.094380366,-0.147284591,0.190280325,0.35004329,-0.043042663,-0.037895602,0.067391709,0.072050014,-1.594538584,1.580294872,0.296570315,0.04802094,0.397132009,-0.042038735,-0.811895786,-0.300272357,0.184290807,-0.847771015
0.491399523,0.107896363,-0.09987809,-0.310696894,-0.100653004,-0.14562191,0.202393901,0.372031394,-0.044941651,-0.055152581,0.06939659,0.07348531,-1.593101665,1.576997058,0.288957967,0.031849875,0.392573008,-0.03833209,-0.814455996,-0.30392522,0.187268596,-0.84693685
0.489628246,0.11120416,-0.093830844,-0.303952967,-0.104997372,-0.14753784,0.214735206,0.395513027,-0.043178479,-0.07374683,0.069673687,0.073566478,-1.591073555,1.570557575,0.27843656,0.015669317,0.386789577,-0.035818463,-0.817303603,-0.308570879,0.188718061,-0.845776398
0.486079807,0.11279534,-0.087763098,-0.298381643,-0.107704702,-0.152485777,0.227122805,0.418897118,-0.038196876,-0.094730549,0.068544945,0.072017302,-1.588716902,1.565124238,0.26923883,0.00556605,0.37967085,-0.034292343,-0.820465417,-0.314342705,0.188955723,-0.84431254
0.480562234,0.112782198,-0.083096408,-0.294841227,-0.109077068,-0.15989562,0.239378297,0.440595437,-0.030453769,-0.119136391,0.066341938,0.068576659,-1.586294435,1.564806453,0.265563208,0.0075801,0.371116427,-0.033540753,-0.823963801,-0.321362244,0.188305907,-0.842570747
0.473436083,0.11168253,-0.080899343,-0.293320848,-0.109661825,-0.168497377,0.251250042,0.459848536,-0.021040328,-0.146781831,0.063594816,0.063597436,-1.583945192,1.570107476,0.268653842,0.024050691,0.361465805,-0.033152755,-0.827686916,-0.329296597,0.187226725,-0.840655933
0.46591833,0.110642657,-0.081693335,-0.292462409,-0.110386521,-0.175936226,0.262372883,0.477181575,-0.012030803,-0.175600809,0.06114152,0.058384241,-1.581616497,1.575941025,0.275175738,0.051580809,0.35174033,-0.032410563,-0.8313149,-0.337108476,0.186383652,-0.838796139
0.459299624,0.110862965,-0.085952753,-0.290791925,-0.112211406,-0.179764026,0.272371894,0.493230221,-0.005584006,-0.203365241,0.059846467,0.054323548,-1.579239183,1.57674,0.2814,0.08628,0.34302,-0.03057,-0.83451,-0.3437,0.18646,-0.83723
0.454640482,0.113318912,-0.09375792,-0.286974162,-0.115860553,-0.178359308,0.280983576,0.508785485,-0.003428498,-0.228182093,0.060379078,0.052541573,-1.57674421,1.567724794,0.284094239,0.123956243,0.336174799,-0.027065432,-0.837005002,-0.348178709,0.187968493,-0.836129883
0.452080898,0.118086234,-0.103612975,-0.280228899,-0.121113319,-0.173407284,0.288390115,0.525259758,-0.005571821,-0.249498528,0.062628787,0.053123507,-1.574063062,1.547265766,0.282012106,0.159211258,0.331234662,-0.022045405,-0.838814862,-0.350473825,0.190739491,-0.83540309
0.451530732,0.125015736,-0.113628013,-0.269914667,-0.12751288,-0.167419838,0.294885122,0.544220778,-0.011591269,-0.267096758,0.066290033,0.055894283,-1.571127352,1.51452077,0.274403763,0.186345196,0.328019511,-0.015837011,-0.840025074,-0.350719994,0.194432764,-0.834890653
0.452840985,0.133886327,-0.121998071,-0.255529454,-0.13457944,-0.162800828,0.300786488,0.567072145,-0.020938621,-0.280872703,0.071020106,0.060614731,-1.567883265,1.469122595,0.260728339,0.200224342,0.326300159,-0.00879845,-0.840733504,-0.34910187,0.198685626,-0.834433634
0.455178355,0.143641147,-0.127905637,-0.238192407,-0.141566128,-0.16069834,0.3066944,0.593309378,-0.031606622,-0.292044126,0.07604447,0.066300455,-1.564446392,1.416225162,0.242874222,0.202296251,0.325276519,-0.001649526,-0.841181809,-0.346385484,0.202874335,-0.8338734
0.457268058,0.152684127,-0.131170267,-0.220068584,-0.14755377,-0.161450282,0.31339117,0.621196974,-0.0406467,-0.302681594,0.080309986,0.071486273,-1.561041619,1.364544412,0.224297065,0.198254459,0.323780185,0.004656656,-0.841704411,-0.34371195,0.206206722,-0.833051518
0.457838329,0.159423654,-0.131630774,-0.203323242,-0.151629351,-0.165364039,0.3216504,0.648987499,-0.045122849,-0.314846966,0.08276801,0.074712911,-1.55789336,1.3227995,0.208447989,0.193831023,0.320648146,0.009171302,-0.842634124,-0.342216798,0.207895601,-0.831812199
0.456239868,0.163074858,-0.129644384,-0.18908766,-0.153421979,-0.171725713,0.331541119,0.675448754,-0.04379451,-0.329227016,0.082918105,0.075356369,-1.555088374,1.296340315,0.196938903,0.192823219,0.315409368,0.011437368,-0.844114328,-0.342325542,0.207620969,-0.83015812
0.452788202,0.164103316,-0.126371862,-0.17689045,-0.153401049,-0.178238421,0.34204026,0.700147153,-0.038049051,-0.34437713,0.081109548,0.074087326,-1.552500057,1.285294384,0.188530939,0.196029414,0.308665387,0.011760022,-0.845994786,-0.34336317,0.20578696,-0.828337578
0.447881855,0.163082169,-0.123043094,-0.166122358,-0.152108237,-0.182469112,0.352030816,0.722717805,-0.029499904,-0.35866935,0.077764716,0.071687828,-1.54998345,1.28934,0.18174,0.20399,0.30111,0.01051,-0.8481,-0.34456,0.20286,-0.82662
0.441863493,0.160628645,-0.12059505,-0.156122517,-0.150062988,-0.182696319,0.360512533,0.743085102,-0.019730453,-0.370519406,0.073341691,0.068875526,-1.547457062,1.307279864,0.175405801,0.216428868,0.293351869,0.008092731,-0.850286407,-0.345229325,0.199310601,-0.825196577
0.434852365,0.157536322,-0.11879302,-0.146023592,-0.147695822,-0.180044933,0.366952189,0.762330553,-0.010203903,-0.378517792,0.068441409,0.066110474,-1.54509327,1.334414308,0.169663303,0.22980388,0.285659101,0.005052409,-0.852538169,-0.345016331,0.195625629,-0.823945547
0.426911861,0.154642866,-0.117109376,-0.134906632,-0.145415023,-0.176351431,0.370933314,0.781824949,-0.002353411,-0.381298688,0.063700511,0.063788332,-1.543127916,1.365168075,0.164971277,0.239756395,0.278214668,0.001967922,-0.854871381,-0.343649181,0.192296035,-0.822666913
0.418065329,0.152689315,-0.115067948,-0.121971379,-0.143568159,-0.173374669,0.372084871,0.8028221,0.002537765,-0.3776686,0.05969073,0.062237085,-1.541801457,1.39401688,0.161701226,0.242407613,0.271155219,-0.000639566,-0.85730731,-0.340915804,0.189761957,-0.821165634
0.407870595,0.151293448,-0.11279076,-0.107797372,-0.141796921,-0.171971142,0.370563945,0.825215925,0.004929,-0.368437262,0.056229177,0.060998062,-1.541407972,1.416029009,0.159210161,0.239456894,0.264078942,-0.002919922,-0.859927353,-0.337298954,0.187872792,-0.819304297
0.395585147,0.149348354,-0.110785765,-0.093854341,-0.139287595,-0.172415178,0.366868345,0.848023,0.006403948,-0.355706816,0.052646113,0.059105066,-1.542276133,1.426655052,0.15620058,0.236202411,0.256236627,-0.005455934,-0.862851702,-0.333729657,0.186096816,-0.816982666
0.380476286,0.145748137,-0.109567423,-0.081610688,-0.135231405,-0.174962147,0.361501045,0.870251584,0.008551615,-0.341586148,0.048272749,0.055595835,-1.54472865,1.421400611,0.151364075,0.237954459,0.246884536,-0.00882981,-0.866198166,-0.331135063,0.183902042,-0.814104134
0.362700243,0.140172264,-0.109654523,-0.071564783,-0.129571061,-0.179312185,0.354934246,0.891288555,0.012158135,-0.32729627,0.042984104,0.050251682,-1.54869564,1.398689835,0.143392302,0.247151736,0.235954714,-0.013155959,-0.869902819,-0.329761443,0.181121683,-0.810752643
0.343791098,0.133517527,-0.111572564,-0.062711454,-0.123414087,-0.184304814,0.347592453,0.911107641,0.016765178,-0.312681988,0.037498107,0.044006468,-1.553498707,1.361470621,0.130977021,0.261781968,0.224426666,-0.017823706,-0.873620046,-0.328799712,0.178155012,-0.807291978
0.325401455,0.126785429,-0.115847625,-0.053916188,-0.1179682,-0.188705522,0.339896065,0.929733053,0.021807365,-0.297469729,0.032605194,0.037893192,-1.558407107,1.31308,0.11281,0.27945,0.21337,-0.02216,-0.87698,-0.32735,0.17545,-0.80411
0.308956429,0.120878239,-0.122545201,-0.044186542,-0.114245901,-0.191650577,0.33233032,0.947227923,0.026738852,-0.281412616,0.028959661,0.032796572,-1.562741266,1.257977359,0.088767608,0.297309224,0.203667427,-0.025588213,-0.87969273,-0.324648803,0.173365926,-0.801525554
0.294971182,0.116301272,-0.129888456,-0.033098347,-0.112478806,-0.193759349,0.325639798,0.963811069,0.031091922,-0.264370571,0.02667125,0.029008172,-1.566026268,1.20511149,0.063464621,0.310707218,0.19545407,-0.027917398,-0.881787869,-0.320478076,0.17190732,-0.79958143
0.283733387,0.113460608,-0.135639971,-0.020369497,-0.112703311,-0.196021984,0.320633916,0.979740226,0.034418391,-0.246230216,0.025713562,0.026671275,-1.567838367,1.164553535,0.04270042,0.314540103,0.188678155,-0.029053029,-0.883374946,-0.314756142,0.170990022,-0.798251407
0.275443264,0.112667598,-0.137730951,-0.005793073,-0.114863913,-0.199324523,0.318040266,0.99520381,0.036328507,-0.226963359,0.025993996,0.025883799,-1.567806718,1.145565383,0.031862961,0.304339459,0.183249793,-0.028961796,-0.88456895,-0.307438806,0.17049653,-0.797514342
0.269284391,0.113132368,-0.136052822,0.009963862,-0.117836806,-0.203342754,0.317635222,1.009584348,0.037111763,-0.207532103,0.026650316,0.026216359,-1.566175469,1.14800135,0.031557428,0.283024037,0.178635987,-0.028322035,-0.885548339,-0.298917646,0.169921745,-0.797408163
0.263784447,0.11335458,-0.131761674,0.025670377,-0.119808956,-0.206971659,0.318581469,1.021744444,0.037495882,-0.189537452,0.026323749,0.026899374,-1.563585539,1.165646344,0.039303348,0.258278509,0.174017871,-0.028271209,-0.886532525,-0.289865381,0.168510504,-0.798008907
0.257472282,0.11183656,-0.126037749,0.040099901,-0.11897604,-0.209096335,0.320030046,1.030550128,0.038209173,-0.174573566,0.023664391,0.027166227,-1.560684009,1.192177719,0.052558692,0.237809149,0.168581712,-0.029941203,-0.887739039,-0.280951732,0.165514341,-0.79939202
0.24960293,0.107951176,-0.120245943,0.052851122,-0.114745753,-0.208789676,0.321046813,1.035593032,0.039577114,-0.163185087,0.018350956,0.026768501,-1.558090752,1.220888726,0.068174026,0.22585259,0.162107798,-0.03367013,-0.88923187,-0.27238542,0.160836729,-0.801559477
0.240557003,0.102420622,-0.116037356,0.064801879,-0.10840442,-0.20541566,0.320565605,1.037589468,0.041300797,-0.154289899,0.011656516,0.026260983,-1.556383476,1.244477259,0.082058431,0.221267518,0.155297152,-0.038565752,-0.890837015,-0.263660609,0.155391648,-0.804399371
0.23081194,0.096083168,-0.115087709,0.076940048,-0.101399964,-0.198363302,0.317508901,1.037352498,0.043027602,-0.146665951,0.004991293,0.026267554,-1.556136259,1.25559,0.09004,0.22245,0.14893,-0.04363,-0.89236,-0.25421,0.15018,-0.80779
0.220763346,0.089689214,-0.118440017,0.090036006,-0.094986968,-0.187506269,0.311188105,1.035719139,0.044508674,-0.139285087,-0.00045772,0.027214772,-1.557745919,1.249174662,0.089358159,0.227224988,0.143580641,-0.048004285,-0.893647219,-0.243648751,0.146038938,-0.81156978
0.210479501,0.083637695,-0.124606475,0.103990152,-0.089646628,-0.174656827,0.302470316,1.033622242,0.045910221,-0.131894723,-0.004396442,0.028739898,-1.560900221,1.229383095,0.082897665,0.231132966,0.138999673,-0.051387955,-0.894708552,-0.23232186,0.143150611,-0.815417613
0.199946853,0.078239679,-0.131466569,0.118485383,-0.085666798,-0.162111892,0.292611558,1.032018618,0.047502219,-0.124436169,-0.006754022,0.030282868,-1.565109668,1.20266818,0.074954609,0.229143301,0.134731766,-0.053619844,-0.895594749,-0.220756788,0.141533413,-0.818972518
0.189159387,0.073756655,-0.137013571,0.133194465,-0.083260581,-0.152059761,0.282843291,1.031795211,0.049553042,-0.116838494,-0.007531008,0.031305748,-1.569858227,1.175220623,0.069554179,0.216818459,0.130330767,-0.054596507,-0.896356191,-0.20946453,0.141146892,-0.821897457
0.178198699,0.06987377,-0.140563466,0.147672331,-0.081772097,-0.145426031,0.274111406,1.033026803,0.05231247,-0.108888462,-0.007557997,0.031527853,-1.574321407,1.150183315,0.067572315,0.196615671,0.125457212,-0.054885515,-0.897038995,-0.198764715,0.141266467,-0.824133703
0.167202909,0.06590434,-0.142285603,0.161397895,-0.079984834,-0.142321657,0.26717756,1.035264195,0.056018288,-0.100281029,-0.008201099,0.03083446,-1.577475709,1.128732821,0.067853184,0.175440399,0.119840464,-0.055487352,-0.897686523,-0.188853505,0.140726186,-0.825802082
0.156311951,0.061164558,-0.142371774,0.173857094,-0.07668772,-0.14283735,0.262786969,1.038048353,0.06090234,-0.090706212,-0.010819556,0.029119273,-1.578305225,1.111998385,0.069200921,0.16021639,0.113217523,-0.057398891,-0.898341399,-0.179918418,0.138365559,-0.827026683
0.145718225,0.055515352,-0.141506961,0.185033321,-0.071556573,-0.14666392,0.260882845,1.040853982,0.066852224,-0.079649499,-0.015825133,0.026615315,-1.576448571,1.100236567,0.070049455,0.154515997,0.105714682,-0.060967387,-0.89900484,-0.171751764,0.133793279,-0.82794759
0.135695447,0.049661978,-0.141140586,0.195681023,-0.065641899,-0.152872333,0.26016529,1.043053086,0.07322195,-0.06627936,-0.022160999,0.024081563,-1.572558874,1.09235126,0.068258897,0.156716918,0.098061639,-0.065533181,-0.899613871,-0.163533278,0.127810266,-0.828729689
0.126524328,0.044382327,-0.14278783,0.206620978,-0.060112456,-0.160480232,0.259227471,1.044008835,0.079319629,-0.049736997,-0.028643995,0.022322238,-1.567376529,1.08713,0.06164,0.16475,0.09104,-0.07035,-0.9001,-0.15439,0.12132,-0.82954
0.118353105,0.040337507,-0.147520902,0.218486315,-0.055970742,-0.16861768,0.256888825,1.043202077,0.084542363,-0.029721767,-0.034224139,0.021936928,-1.561653351,1.083360357,0.04892889,0.175976897,0.085245067,-0.074737256,-0.900419211,-0.143671047,0.115175133,-0.830522072
0.110800118,0.037721515,-0.15464013,0.231159584,-0.053554229,-0.176864405,0.252873877,1.040584379,0.088643205,-0.008165666,-0.038384175,0.022706708,-1.556186839,1.079830044,0.032563202,0.185482494,0.080526931,-0.078277097,-0.900625405,-0.131613835,0.110025004,-0.831725578
0.10335123,0.036611566,-0.163002866,0.244335691,-0.053034129,-0.184912551,0.247133418,1.036224988,0.091464201,0.01244115,-0.040740027,0.02420802,-1.551785911,1.075326809,0.015905949,0.187782486,0.076549384,-0.080617356,-0.900796963,-0.118677856,0.106468125,-0.833176724
0.095538946,0.037050108,-0.171464035,0.257710918,-0.054518798,-0.192442731,0.239682424,1.030188361,0.092876254,0.029707006,-0.040977348,0.02603013,-1.549169152,1.068718874,0.002163639,0.177955297,0.072985192,-0.081454794,-0.901007496,-0.105307537,0.10502685,-0.834902677
0.087437952,0.038675388,-0.17885031,0.270997544,-0.057385872,-0.199001472,0.231281971,1.022483296,0.093085764,0.042385041,-0.039592383,0.027911373,-1.548005026,1.059810003,-0.007276555,0.157621088,0.069611481,-0.081054958,-0.901275151,-0.091772165,0.10533821,-0.836941783
0.07947273,0.040864879,-0.183970141,0.283918167,-0.060541554,-0.2040488,0.223174493,1.013082683,0.092515575,0.049966986,-0.037604339,0.029686255,-1.547284497,1.049007529,-0.01220123,0.132620495,0.066272703,-0.080050352,-0.901582298,-0.078228034,0.106468059,-0.839339606
0.072066618,0.042995356,-0.185649333,0.29619547,-0.062892263,-0.207047939,0.216596186,1.001955742,0.091590396,0.051969846,-0.036033384,0.031191349,-1.545995297,1.036755169,-0.012432385,0.108830564,0.062814436,-0.079075731,-0.901910716,-0.064828124,0.107479652,-0.842141165
0.065224579,0.044662486,-0.183773385,0.307546734,-0.063828679,-0.207740655,0.211927722,0.988887578,0.090630161,0.048688495,-0.035434192,0.032290842,-1.543608688,1.025075866,-0.008742548,0.090092307,0.059082351,-0.078533849,-0.902242713,-0.051639484,0.107851504,-0.845351778
0.058303093,0.045801213,-0.179870317,0.317680867,-0.063492087,-0.206300455,0.208223701,0.973377914,0.089792409,0.041623507,-0.035639932,0.03289173,-1.540345407,1.018440372,-0.003377559,0.077090888,0.054922263,-0.078467865,-0.90256141,-0.038595975,0.107705776,-0.848915227
0.050602855,0.046375667,-0.175609444,0.326306059,-0.062088343,-0.202937984,0.204424656,0.954901922,0.089220708,0.032379174,-0.036421705,0.032904692,-1.536490659,1.02153,0.00129,0.07024,0.05018,-0.07889,-0.90285,-0.02562,0.10722,-0.85277
0.041488474,0.046399936,-0.172481079,0.333244408,-0.059893689,-0.198098175,0.199572737,0.933258229,0.089046448,0.022418884,-0.037508672,0.03225626,-1.532378571,1.037488914,0.003332814,0.068953368,0.044716825,-0.079752826,-0.90308928,-0.012686662,0.106615602,-0.8568256
0.030580217,0.046087936,-0.171259529,0.338773654,-0.057465923,-0.193163114,0.193116574,0.909539271,0.08935231,0.012642432,-0.038462225,0.03093637,-1.528538948,1.063312674,0.002604615,0.06864485,0.038455735,-0.0807703,-0.903250464,1.81E-05,0.106289588,-0.8608756
0.017562264,0.045703541,-0.172540101,0.343285446,-0.055433234,-0.189749176,0.184606412,0.885160936,0.090208797,0.003808712,-0.038801817,0.028950815,-1.525550517,1.094459685,-0.000595602,0.063728337,0.031335162,-0.081596728,-0.903302371,0.01225582,0.106682862,-0.864684585
0.002212271,0.045488899,-0.176813993,0.347181561,-0.054381256,-0.189377818,0.173686838,0.861479483,0.091713213,-0.003372875,-0.038095892,0.026337492,-1.523923913,1.12636456,-0.005948623,0.049021376,0.023331792,-0.081912129,-0.903213388,0.023819572,0.108191253,-0.868028389
-0.014605451,0.045433584,-0.183362161,0.350981501,-0.05440098,-0.192467077,0.161099099,0.839157965,0.09427444,-0.008768252,-0.03648243,0.023507564,-1.523378257,1.154185294,-0.012900195,0.024034028,0.014867034,-0.081695434,-0.902946894,0.034872288,0.110686634,-0.870813556
-0.031325524,0.045364225,-0.190684757,0.355280719,-0.055264264,-0.198723109,0.148291971,0.818412211,0.098502375,-0.012614524,-0.034466853,0.021113008,-1.523122007,1.172901416,-0.020744427,-0.00869622,0.006649211,-0.081118427,-0.902463037,0.045815356,0.113702838,-0.873030963
-0.046381631,0.045103468,-0.197281214,0.360669707,-0.056733497,-0.207827065,0.136716379,0.799440384,0.104999098,-0.015156915,-0.032559984,0.019804279,-1.522362234,1.177550932,-0.028771869,-0.046570468,-0.000613819,-0.080357447,-0.901723032,0.057053054,0.116768637,-0.874673752
-0.058852313,0.044398045,-0.202388545,0.367365308,-0.058321767,-0.218671679,0.12724484,0.781828096,0.113696484,-0.01675653,-0.031229094,0.019899742,-1.520733209,1.166858792,-0.0362113,-0.086332373,-0.006529164,-0.0796694,-0.900755549,0.068924351,0.119447006,-0.875786749
-0.068815636,0.042877018,-0.206387017,0.375005205,-0.059155756,-0.228927636,0.119853333,0.76421151,0.123487594,-0.017954095,-0.030873963,0.02120302,-1.518531366,1.145264712,-0.042195746,-0.123706561,-0.011192125,-0.079436074,-0.899693802,0.081666988,0.121353942,-0.87649489
-0.076435647,0.040159328,-0.20975524,0.383177263,-0.058328904,-0.236160501,0.114440715,0.745145111,0.133176127,-0.019305785,-0.031888562,0.023473457,-1.5161101,1.1177,-0.04585,-0.15433,-0.01474,-0.08005,-0.89868,0.09551,0.12211,-0.87693
-0.08201545,0.035976608,-0.212928334,0.391480789,-0.055169482,-0.238564042,0.110811602,0.723561585,0.141631559,-0.021089858,-0.034531589,0.026420381,-1.513813022,1.088915551,-0.046300623,-0.174946022,-0.017378783,-0.081814193,-0.897836835,0.110541717,0.121453823,-0.877182027
-0.086414362,0.030511257,-0.216167443,0.399560852,-0.04994509,-0.236844843,0.108393632,0.69990641,0.14798647,-0.022472896,-0.038520654,0.02955306,-1.511944616,1.062940609,-0.042681258,-0.186723417,-0.019589254,-0.084673611,-0.897208936,0.126287662,0.1195964,-0.877173403
-0.090630756,0.024058364,-0.219690224,0.407073967,-0.043158157,-0.232337692,0.106520201,0.67500326,0.151439212,-0.022343561,-0.043438094,0.032330743,-1.510799583,1.043624007,-0.034127319,-0.191937339,-0.021920891,-0.088483697,-0.896821416,0.142132653,0.116866804,-0.876784684
-0.095616187,0.016935814,-0.223671694,0.413683854,-0.035344285,-0.226360053,0.104538556,0.649636766,0.151348545,-0.019648532,-0.04885786,0.034251129,-1.510630859,1.034553684,-0.02002364,-0.192884395,-0.024889117,-0.093074683,-0.896686723,0.157483537,0.113613756,-0.875907086
-0.101777948,0.009726506,-0.227791241,0.419138043,-0.027424724,-0.22002799,0.101956955,0.624137634,0.148937936,-0.014008905,-0.0542564,0.035258868,-1.511205835,1.036284735,-0.002654538,-0.192110569,-0.028613483,-0.097983722,-0.896670097,0.172003212,0.110414348,-0.874555782
-0.109172195,0.003184312,-0.231408488,0.423238131,-0.020569522,-0.214327637,0.098387534,0.598543724,0.146633887,-0.005480883,-0.059047259,0.035586963,-1.511978652,1.047415577,0.013825032,-0.192322733,-0.032958142,-0.102558881,-0.896541801,0.185519774,0.107993009,-0.872825915
-0.117849857,-0.001938425,-0.233884474,0.425787885,-0.015940103,-0.210228625,0.093447496,0.572883828,0.146863928,0.005862572,-0.062646892,0.035471103,-1.512404696,1.066501062,0.02525004,-0.19620622,-0.03778502,-0.106149107,-0.89607221,0.197866452,0.107069189,-0.870814031
-0.127899375,-0.005152119,-0.234984775,0.426667078,-0.013931431,-0.207840643,0.08695419,0.54693579,0.150913956,0.019378174,-0.064709282,0.035019679,-1.512327346,1.091438866,0.028721739,-0.204993017,-0.043077987,-0.108345206,-0.895133368,0.209019158,0.107916174,-0.868620854
-0.139467332,-0.006374461,-0.235102009,0.425873296,-0.013750458,-0.20594046,0.079035191,0.520088477,0.158300351,0.033538632,-0.065256581,0.034143772,-1.512191366,1.119108037,0.023304118,-0.217662434,-0.049009932,-0.10911286,-0.893754903,0.219174973,0.110115696,-0.86635359
-0.152705314,-0.005558176,-0.234682731,0.423414259,-0.014501941,-0.203190184,0.069844761,0.491697298,0.168387272,0.046740616,-0.06434261,0.03273749,-1.512493254,1.1463,0.00823,-0.233,-0.05577,-0.10845,-0.89198,0.22855,0.11319,-0.86412
-0.167647066,-0.002835564,-0.234134368,0.419418138,-0.015287857,-0.198667712,0.059656568,0.461347752,0.180299872,0.057565949,-0.062154376,0.030722004,-1.513651195,1.169962864,-0.015957788,-0.249691022,-0.063501357,-0.106492731,-0.88987601,0.237371259,0.116619172,-0.861999725
-0.183854977,0.000942755,-0.233707838,0.414494922,-0.01519906,-0.193114076,0.049221917,0.429545694,0.192207272,0.06533709,-0.059411631,0.028126739,-1.51577012,1.18767148,-0.043476414,-0.26601991,-0.072163245,-0.10392986,-0.887606947,0.245909429,0.119714668,-0.859959923
-0.200773597,0.004746586,-0.233614927,0.409375051,-0.013323621,-0.187686093,0.039411521,0.397027071,0.202039585,0.069561655,-0.056967314,0.025008184,-1.518876648,1.197157382,-0.067233044,-0.280170852,-0.081668923,-0.101588367,-0.885360992,0.254446103,0.121745784,-0.857939632
-0.217812034,0.007586984,-0.234036164,0.40476802,-0.008859865,-0.183484312,0.031060373,0.364491567,0.207916202,0.069796021,-0.055626502,0.021457343,-1.522934718,1.19633963,-0.080591237,-0.290430996,-0.09188765,-0.100250424,-0.883317327,0.263261876,0.122056951,-0.855872419
-0.23396739,0.008954542,-0.234788666,0.40113983,-0.002287791,-0.180955128,0.024588198,0.332217333,0.210156855,0.066163419,-0.055637884,0.0179665,-1.527179614,1.185317236,-0.082220103,-0.296284435,-0.102177142,-0.100177277,-0.881550549,0.2726257,0.120866025,-0.853628275
-0.247970956,0.008649234,-0.235455093,0.398799388,0.005085713,-0.180122905,0.020146812,0.300210561,0.210500856,0.059152793,-0.056891188,0.01528682,-1.530376519,1.165595631,-0.074211696,-0.297987481,-0.111565092,-0.10129409,-0.880067775,0.28279902,0.11895436,-0.851036173
-0.258559836,0.006483756,-0.235613213,0.398048967,0.011943771,-0.180993426,0.017880864,0.268473411,0.210704275,0.049269064,-0.059265128,0.014168021,-1.531293622,1.138721926,-0.058743276,-0.295819746,-0.119080866,-0.103515946,-0.878874564,0.294039472,0.11711138,-0.847924639
-0.265085653,0.002724843,-0.234781715,0.398949883,0.017197124,-0.182879564,0.017773021,0.237038117,0.212109232,0.037610254,-0.062336389,0.015013817,-1.529349435,1.107337354,-0.039681868,-0.290686681,-0.124184312,-0.106488991,-0.877950277,0.306383673,0.116046991,-0.844136359
-0.267852539,-0.001657013,-0.232387718,0.401189961,0.020109318,-0.184020191,0.019554874,0.205983527,0.215416229,0.026193681,-0.065213519,0.017691628,-1.524970477,1.075779042,-0.023513625,-0.284463784,-0.127002526,-0.109442528,-0.877233668,0.31952566,0.116347846,-0.839535971
-0.26724656,-0.005630781,-0.227850465,0.404424902,0.019974246,-0.182561789,0.022936419,0.1753925,0.221270574,0.017115746,-0.066964793,0.022022739,-1.518669974,1.04853,-0.01695,-0.27911,-0.12772,-0.11157,-0.87666,0.33313,0.11859,-0.83399
-0.263804536,-0.008320347,-0.220847521,0.408399392,0.016406462,-0.177080943,0.027581336,0.145449704,0.229963414,0.012133997,-0.066855115,0.027783431,-1.511088522,1.029440034,-0.024717956,-0.276169475,-0.126629541,-0.112232256,-0.876170775,0.346884206,0.123110269,-0.827411128
-0.258666289,-0.009469258,-0.212089751,0.413214074,0.010303158,-0.167874659,0.032968047,0.116747047,0.240369267,0.011650585,-0.064935896,0.034569974,-1.503376186,1.019826134,-0.043606488,-0.275527168,-0.124457212,-0.111459774,-0.875732449,0.360567562,0.129288531,-0.819896667
-0.253122395,-0.008975976,-0.202546346,0.419058581,0.002882183,-0.155670042,0.038528662,0.089978248,0.251008492,0.015728808,-0.061455176,0.041933633,-1.496810399,1.020372086,-0.068420099,-0.276653244,-0.122037392,-0.109450435,-0.875317719,0.373982298,0.136265426,-0.811590089
-0.248417296,-0.00677896,-0.193202941,0.426071171,-0.004680249,-0.141260466,0.043711816,0.065789568,0.260469496,0.024317231,-0.056684114,0.04942366,-1.49256476,1.031566897,-0.094031501,-0.278985552,-0.120173007,-0.106422612,-0.87489906,0.386921879,0.143208855,-0.802655548
-0.245259162,-0.003281621,-0.18523636,0.433792873,-0.011691966,-0.126209616,0.0481583,0.044275576,0.268131747,0.036030646,-0.051162669,0.056565891,-1.4906058,1.051635265,-0.116106334,-0.281586289,-0.11930138,-0.102832875,-0.874446372,0.3990779,0.149603622,-0.793497685
-0.244010175,0.000812658,-0.179946772,0.441379414,-0.017773076,-0.112578159,0.051632871,0.025174909,0.273885072,0.048623344,-0.045604216,0.062871052,-1.4901213,1.077341042,-0.130821806,-0.283275298,-0.11962396,-0.099291468,-0.873927897,0.410076233,0.155138981,-0.784676289
-0.245022286,0.004799979,-0.178618992,0.447983228,-0.022552686,-0.102421292,0.053906266,0.008220167,0.27763218,0.059852066,-0.040720216,0.067852441,-1.490290142,1.105439335,-0.134420898,-0.282878922,-0.121336106,-0.096406361,-0.873311925,0.419543477,0.159510655,-0.776750742
-0.248379413,0.008245277,-0.181493203,0.452944631,-0.02588738,-0.096969172,0.054983902,-0.006862494,0.279538218,0.068481267,-0.036933834,0.071192479,-1.490536217,1.133621351,-0.126581302,-0.279855896,-0.124503778,-0.09449541,-0.872571528,0.427215536,0.162597992,-0.770100853
-0.253750024,0.011130189,-0.187190404,0.455895156,-0.027986334,-0.096173144,0.055234958,-0.02035691,0.280175112,0.074837346,-0.03422138,0.072835738,-1.490663177,1.161029249,-0.112304516,-0.274645167,-0.128992364,-0.093426791,-0.871687182,0.432997742,0.164564957,-0.764828096
-0.260766851,0.013472196,-0.194192314,0.456491389,-0.029089054,-0.099874547,0.055059902,-0.032547773,0.28014978,0.079381065,-0.03252072,0.072749337,-1.490507341,1.18693,-0.09705,-0.26777,-0.13465,-0.09303,-0.87064,0.43681,0.1656,-0.76101
-0.268950713,0.015299448,-0.201036182,0.45472436,-0.029442849,-0.10762029,0.054847839,-0.043543935,0.27988224,0.082582278,-0.031716118,0.071089426,-1.489995851,1.21065432,-0.085504014,-0.259633773,-0.141228374,-0.093117514,-0.869449143,0.438732548,0.165891322,-0.758616786
-0.277374787,0.016682755,-0.206481395,0.451922876,-0.029326238,-0.117779571,0.054942418,-0.052750892,0.279044923,0.084947208,-0.031477415,0.068768256,-1.489419121,1.231787891,-0.079260025,-0.250160309,-0.148093397,-0.093433746,-0.868285958,0.439486956,0.165626131,-0.75718945
-0.285000336,0.017703598,-0.209342869,0.449750193,-0.029025545,-0.12842716,0.055675923,-0.059398299,0.27712336,0.086991168,-0.031420845,0.066887106,-1.48915839,1.249980138,-0.079138298,-0.239153543,-0.15451453,-0.093706089,-0.867359835,0.439955125,0.164991389,-0.756161679
-0.290830022,0.018426134,-0.20855638,0.449782718,-0.028821143,-0.137685551,0.057380267,-0.062739379,0.273642105,0.089191948,-0.03118892,0.066489688,-1.489540561,1.264861327,-0.085758484,-0.226505022,-0.159798237,-0.093690549,-0.86686764,0.440966918,0.164173547,-0.755001643
-0.294347724,0.018713132,-0.204462653,0.45258727,-0.028924286,-0.144232051,0.060383036,-0.062301363,0.268579326,0.091591101,-0.030729612,0.067950484,-1.490260911,1.275838995,-0.097408046,-0.213124765,-0.163681091,-0.09347572,-0.866860583,0.442747255,0.163353137,-0.753578358
-0.295347787,0.018297438,-0.198308831,0.458079324,-0.029501626,-0.14710191,0.065009027,-0.05778826,0.262205852,0.093948741,-0.030187968,0.071212218,-1.490607216,1.282176987,-0.110869815,-0.200579878,-0.16617716,-0.093364773,-0.867295906,0.445130768,0.162706868,-0.752019456
-0.293638769,0.016911751,-0.191349466,0.466154361,-0.030713584,-0.145350366,0.071579029,-0.048916389,0.25480243,0.096021875,-0.029712981,0.076203879,-1.48986775,1.28316452,-0.12292892,-0.190429359,-0.167310257,-0.093663229,-0.868127701,0.447942467,0.162407821,-0.750458559
-0.289571362,0.014410023,-0.184377028,0.476159759,-0.032390979,-0.138873936,0.080176216,-0.035963987,0.24695241,0.09766262,-0.029493324,0.082462202,-1.487768283,1.279756942,-0.132013048,-0.183088902,-0.167411552,-0.094603126,-0.869214988,0.450820211,0.162415108,-0.749130303
-0.284336575,0.010834144,-0.177467762,0.486593329,-0.033853759,-0.128873122,0.090515462,-0.020080267,0.239708174,0.098870515,-0.029779175,0.088915932,-1.484712695,1.275492102,-0.139095854,-0.177202073,-0.167288616,-0.096302602,-0.870269427,0.45311178,0.162356191,-0.748425892
-0.279197702,0.00624217,-0.170636303,0.495879805,-0.034377925,-0.1166606,0.102279959,-0.002489363,0.234162448,0.099657777,-0.030826005,0.094441511,-1.481163198,1.27413,-0.14537,-0.17126,-0.16779,-0.09887,-0.87099,0.45414,0.16183,-0.74875
-0.275278279,0.000738494,-0.16386668,0.502702456,-0.033377263,-0.103577345,0.115090513,0.015619623,0.231024233,0.099836958,-0.032802372,0.098107693,-1.477576943,1.278944084,-0.151719898,-0.163470824,-0.169633166,-0.102353522,-0.871139255,0.453396485,0.160484561,-0.750408361
-0.2731428,-0.005387154,-0.157020491,0.506778689,-0.030816709,-0.091077556,0.128318387,0.033197719,0.229467612,0.098421945,-0.035529191,0.09975248,-1.474390833,1.291261598,-0.157796956,-0.150910749,-0.173011205,-0.106560815,-0.870734,0.451047994,0.158164266,-0.753310963
-0.273216004,-0.011798707,-0.149928726,0.508084452,-0.026798987,-0.080643732,0.14127246,0.049230984,0.228282938,0.094226956,-0.038740464,0.099406184,-1.47203671,1.311923234,-0.162944332,-0.130372994,-0.177986118,-0.111239387,-0.869854605,0.447430073,0.154762602,-0.757268853
-0.275829553,-0.018162507,-0.142484182,0.506651248,-0.021470412,-0.0736604,0.153322538,0.062777433,0.226261005,0.086167283,-0.042168224,0.097147045,-1.470884339,1.341508666,-0.16655767,-0.099100209,-0.184574774,-0.116138862,-0.868593502,0.442888139,0.1502174,-0.762081191
-0.280233114,-0.024172876,-0.13529816,0.50315646,-0.015484082,-0.070373134,0.164546706,0.073731556,0.222197702,0.074333187,-0.045521586,0.093610435,-1.470581869,1.377563244,-0.168642768,-0.059559666,-0.192269374,-0.121033428,-0.867183323,0.437882342,0.14498201,-0.767408925
-0.284978296,-0.029542186,-0.129445511,0.498694168,-0.009820047,-0.070292698,0.175480003,0.082527506,0.214892205,0.059572976,-0.048494881,0.089791172,-1.47031189,1.415674686,-0.169599073,-0.017589363,-0.200223625,-0.125713126,-0.865947152,0.432946859,0.139842372,-0.772823833
-0.288616497,-0.033985748,-0.126000303,0.494356617,-0.005453678,-0.072914913,0.186663704,0.089608326,0.203158258,0.042749669,-0.050785081,0.086681523,-1.469259752,1.451431603,-0.169861656,0.020935256,-0.207593422,-0.129969371,-0.865206304,0.428611563,0.135582292,-0.777899856
-0.29038467,-0.037376914,-0.125526019,0.490709462,-0.002752544,-0.07757384,0.198556357,0.095410852,0.186680264,0.024851111,-0.052262368,0.084761397,-1.467242173,1.482433751,-0.171609399,0.051262794,-0.214004558,-0.133660218,-0.865085636,0.425074152,0.132524709,-0.782429871
-0.290582371,-0.039834008,-0.127794737,0.487502137,-0.001142119,-0.083352803,0.21148828,0.100362298,0.166492147,0.007058621,-0.053065401,0.083716548,-1.465054488,1.509398157,-0.179724083,0.070384127,-0.219811157,-0.136747016,-0.865405486,0.422017452,0.130278227,-0.786546112
-0.289600563,-0.041496425,-0.132510458,0.484413865,3.32E-05,-0.089313559,0.225778759,0.104889052,0.143743921,-0.009429839,-0.053355937,0.083164415,-1.463576213,1.53331,-0.19932,0.07544,-0.22543,-0.1392,-0.86596,0.41908,0.12839,-0.79041
-0.288029961,-0.042569441,-0.139233657,0.481081584,0.001522624,-0.094587534,0.241571193,0.109395734,0.11964246,-0.02374353,-0.053343994,0.082641517,-1.463696514,1.554887725,-0.233315673,0.065467975,-0.231341728,-0.141037007,-0.86649823,0.415875528,0.12632324,-0.794207268
-0.287260279,-0.043521862,-0.146950704,0.476973101,0.004450634,-0.098584827,0.258305422,0.114199902,0.095622089,-0.036320601,-0.053432648,0.081360695,-1.466343158,1.573782836,-0.275846559,0.047092867,-0.238282438,-0.142466293,-0.866588858,0.411918544,0.123205387,-0.798220883
-0.288880983,-0.044888372,-0.154504446,0.471513939,0.010035319,-0.100785204,0.275245399,0.119597348,0.073173994,-0.047926425,-0.054073241,0.078453871,-1.472453563,1.589380102,-0.318852345,0.028836304,-0.247052088,-0.143743717,-0.865755474,0.406698753,0.118079937,-0.802758119
-0.294270661,-0.04717704,-0.160779201,0.464224822,0.01934409,-0.10074859,0.291731814,0.125886356,0.053664417,-0.059264403,-0.055683397,0.073166145,-1.482786248,1.60091115,-0.354355562,0.018858046,-0.258328534,-0.145125432,-0.863577304,0.399769868,0.110115964,-0.808085288
-0.302356492,-0.050586507,-0.165141409,0.455733153,0.031692271,-0.098966768,0.307997452,0.133394167,0.037007137,-0.070317488,-0.058288809,0.06605832,-1.496020042,1.605827331,-0.375341791,0.021111138,-0.271370193,-0.146871021,-0.860280367,0.391429707,0.099942366,-0.813992524
-0.310484095,-0.055115784,-0.167268552,0.447380327,0.045264815,-0.096532711,0.324850642,0.142466708,0.022178857,-0.080603832,-0.061662305,0.058540041,-1.509492039,1.600431434,-0.37541793,0.03683461,-0.284519713,-0.149242274,-0.856507966,0.382456157,0.089129864,-0.819962742
-0.315983639,-0.060757607,-0.166848721,0.440511013,0.058233043,-0.094548094,0.343105663,0.15344379,0.008135042,-0.089632427,-0.065571689,0.052028068,-1.520528912,1.581079414,-0.348340248,0.067156493,-0.296112165,-0.152498271,-0.852908629,0.37363208,0.079257849,-0.825476511
-0.316839855,-0.067327848,-0.16389528,0.435952452,0.069081051,-0.094035156,0.363358289,0.166279724,-0.006506196,-0.096827374,-0.069735928,0.047517388,-1.527174014,1.548465829,-0.296205812,0.10925872,-0.304943775,-0.156733059,-0.850027153,0.365558788,0.071483957,-0.830180635
-0.312052047,-0.074368236,-0.158925773,0.433729867,0.076777728,-0.095893025,0.385865606,0.180331294,-0.023649638,-0.101481201,-0.073798302,0.045349236,-1.528581543,1.510010067,-0.234039926,0.154206776,-0.310525554,-0.161784887,-0.848247549,0.358556193,0.066312111,-0.833979586
-0.300706791,-0.08139692,-0.15250111,0.433799491,0.080333666,-0.101010232,0.410855567,0.194903885,-0.045245043,-0.102875117,-0.077395578,0.04580861,-1.524001257,1.47371,-0.17798,0.19254,-0.31243,-0.16747,-0.84794,0.35292,0.06419,-0.8368
-0.282671745,-0.087977938,-0.145274814,0.435857867,0.079295328,-0.109706086,0.438305791,0.20934869,-0.072401137,-0.100541477,-0.080226909,0.048873942,-1.513440198,1.446571317,-0.141586332,0.216385238,-0.310660513,-0.173516495,-0.849247635,0.348735641,0.065192976,-0.838655393
-0.260938887,-0.093858876,-0.138270842,0.438562767,0.075352659,-0.120022982,0.467192547,0.223200152,-0.102862498,-0.095017225,-0.082240975,0.053297409,-1.499934554,1.431630993,-0.128110779,0.224219369,-0.306944091,-0.17929987,-0.851405383,0.345247461,0.067907042,-0.839906804
-0.239281277,-0.098833208,-0.132605761,0.440312275,0.070731476,-0.12943409,0.496241771,0.236038521,-0.133532669,-0.087090455,-0.083448845,0.057524622,-1.487277802,1.430933823,-0.138228085,0.216106782,-0.303438634,-0.184107476,-0.853421122,0.341489536,0.070545863,-0.841002148
-0.221281193,-0.102708539,-0.129326665,0.439594468,0.067553516,-0.135549966,0.524262976,0.247475806,-0.161398164,-0.077551676,-0.083866638,0.060078425,-1.479065885,1.445817158,-0.171785161,0.192522359,-0.302189938,-0.187267941,-0.854344458,0.336543916,0.071429908,-0.842368051
-0.208303068,-0.105456712,-0.12867302,0.435943615,0.066730627,-0.137578292,0.551037261,0.257493182,-0.184410026,-0.067219508,-0.083569229,0.060379506,-1.476598429,1.46939431,-0.219005364,0.158712987,-0.303940594,-0.188589739,-0.853710083,0.330050392,0.070121218,-0.844183593
-0.200280471,-0.107155537,-0.130363242,0.429568948,0.068394079,-0.135757156,0.57697256,0.266309998,-0.201141578,-0.056930705,-0.0826694,0.058427803,-1.479693564,1.489472759,-0.263903305,0.123004264,-0.308592423,-0.188190925,-0.851365648,0.322008586,0.066982851,-0.846468147
-0.197106635,-0.107886242,-0.1341015,0.420696445,0.072651929,-0.130357016,0.602486947,0.274149456,-0.21021308,-0.047515869,-0.08128116,0.054238736,-1.488126725,1.493876873,-0.29053535,0.093719207,-0.316024402,-0.186199809,-0.847170336,0.312428676,0.062394985,-0.849236748
-0.197685637,-0.107829357,-0.139258159,0.409881938,0.079000074,-0.122560236,0.627980171,0.281227926,-0.212438696,-0.039418338,-0.079554407,0.048177405,-1.500593007,1.476750191,-0.291671962,0.075947189,-0.325585855,-0.183050471,-0.84136225,0.301594386,0.05696395,-0.85240358
-0.199388355,-0.107319329,-0.144686191,0.398192531,0.085985556,-0.114962629,0.653823576,0.287751183,-0.21203315,-0.032481184,-0.07769466,0.041150912,-1.514112975,1.442030964,-0.273590449,0.06976543,-0.335805141,-0.179650937,-0.83476682,0.290213431,0.051646615,-0.855726521
-0.199453783,-0.106703845,-0.149194061,0.386739306,0.092073797,-0.110281596,0.680386066,0.293924093,-0.213503684,-0.026495843,-0.075912223,0.034112984,-1.525563152,1.3945,-0.24373,0.07482,-0.34514,-0.17695,-0.82826,0.27903,0.04743,-0.85895
-0.195598944,-0.10625634,-0.151906456,0.37649579,0.096033147,-0.110399318,0.707859782,0.299922069,-0.220562227,-0.021236955,-0.07435212,0.02793316,-1.532465506,1.339876154,-0.209238729,0.090142299,-0.352286938,-0.175687358,-0.822604414,0.268711509,0.045065765,-0.861848006
-0.187452986,-0.105953237,-0.153212964,0.367885277,0.097843671,-0.113857102,0.735729835,0.305802734,-0.233739449,-0.016411962,-0.072898248,0.023144229,-1.534923785,1.28763048,-0.176100444,0.112305049,-0.356897525,-0.175766317,-0.81810937,0.259618276,0.044364117,-0.864312768
-0.175123089,-0.105696707,-0.153819394,0.361193507,0.097788361,-0.118361035,0.763304576,0.311594259,-0.252770706,-0.011711507,-0.071369224,0.020194793,-1.533687184,1.24817208,-0.150007878,0.137266301,-0.358862099,-0.176881084,-0.814970851,0.252033846,0.044899903,-0.866266073
-0.158796104,-0.105386166,-0.154407921,0.356635805,0.096165528,-0.121698951,0.789923542,0.317313104,-0.277226516,-0.006845979,-0.06959733,0.019468643,-1.529529267,1.230961337,-0.135954863,0.161190878,-0.358120955,-0.178718919,-0.813344627,0.246187963,0.046256362,-0.867646442
-0.139585075,-0.104889026,-0.155385956,0.353608953,0.093451531,-0.122608964,0.815288822,0.322839551,-0.304761151,-0.001755289,-0.067573718,0.020596144,-1.523506882,1.23442979,-0.130810515,0.182647302,-0.355195154,-0.180886286,-0.812919065,0.241684932,0.048114322,-0.868586909
-0.11920059,-0.104052047,-0.156983645,0.350981641,0.090237603,-0.120442275,0.839336411,0.327966026,-0.331792594,0.003472571,-0.065392035,0.022721576,-1.516859642,1.249893594,-0.126202196,0.201754868,-0.350980442,-0.182937527,-0.813080976,0.23772555,0.05021757,-0.869346001
-0.099353301,-0.102723555,-0.159416651,0.347620072,0.087112731,-0.114585926,0.862008832,0.332487524,-0.354742533,0.008750217,-0.063147514,0.02498324,-1.510820382,1.268585342,-0.113763548,0.21865657,-0.346374268,-0.184429625,-0.813215707,0.233506762,0.052312813,-0.870182717
-0.081160202,-0.100866403,-0.162208833,0.34276925,0.084416493,-0.105964312,0.883406575,0.33644097,-0.371491097,0.014174764,-0.060927925,0.026646603,-1.506032581,1.283839205,-0.090746658,0.233366435,-0.342001543,-0.185130119,-0.81292226,0.228397958,0.054258945,-0.871258794
-0.06481812,-0.098620958,-0.163811757,0.336261326,0.082101878,-0.097884726,0.903874976,0.340238277,-0.382179004,0.020129306,-0.058809472,0.027174251,-1.502226207,1.292246812,-0.063112206,0.245698598,-0.338064741,-0.185132917,-0.812130805,0.222035814,0.056088758,-0.872585216
-0.050444728,-0.096142858,-0.16258475,0.327978957,0.080088622,-0.093859444,0.923780433,0.344323616,-0.38714143,0.027021537,-0.056867365,0.026045723,-1.499052648,1.29068,-0.03757,0.25545,-0.33473,-0.18456,-0.8108,0.21408,0.05785,-0.87416
-0.037963444,-0.093537484,-0.157360901,0.318002762,0.078303615,-0.096443302,0.943378874,0.348987023,-0.386695693,0.035120134,-0.055113355,0.023016308,-1.496232518,1.277565921,-0.01996826,0.262570976,-0.332004817,-0.18350423,-0.808962001,0.204422356,0.059587756,-0.875943969
-0.026520672,-0.090709187,-0.148868349,0.307205212,0.076702378,-0.104361395,0.962484345,0.353901993,-0.381087681,0.044137724,-0.053305353,0.018944296,-1.493763331,1.257552985,-0.012708866,0.26762545,-0.329262133,-0.181941988,-0.806942953,0.193883402,0.061336458,-0.877749172
-0.015068561,-0.087512059,-0.138308996,0.29665674,0.07524759,-0.11538138,0.980800426,0.358587887,-0.370545424,0.053647917,-0.05113781,0.014963729,-1.491711826,1.236844915,-0.017332109,0.27133074,-0.32571625,-0.179820535,-0.8051425,0.183515827,0.063127877,-0.879350464
-0.002634368,-0.083808847,-0.126911226,0.287339489,0.073891397,-0.127264517,0.998026083,0.362552694,-0.355346477,0.063216272,-0.048326769,0.012141069,-1.490144013,1.22128685,-0.034821816,0.274331079,-0.320639264,-0.177093411,-0.80393597,0.174311605,0.064995179,-0.880542868
0.010881525,-0.079562891,-0.116211289,0.279209233,0.072463506,-0.137697704,1.013806713,0.365172241,-0.336344149,0.072314759,-0.044839275,0.010757171,-1.489117441,1.212555358,-0.059692874,0.276421046,-0.313975143,-0.173787139,-0.803416019,0.166556873,0.066987781,-0.881355878
0.025015426,-0.074802432,-0.107944058,0.27155957,0.070714631,-0.144319858,1.027753143,0.365737083,-0.314763199,0.080354963,-0.040804312,0.010586047,-1.488684195,1.209637608,-0.082286663,0.27684706,-0.306101319,-0.169975327,-0.803492934,0.160082393,0.069165581,-0.881970255
0.039294163,-0.069558912,-0.10382614,0.263676164,0.068397385,-0.144805919,1.039479859,0.363547073,-0.291834466,0.086754607,-0.036355153,0.011390443,-1.488894791,1.211470215,-0.092970008,0.274838955,-0.297403207,-0.165733197,-0.80407359,0.154708244,0.07158653,-0.882568218
0.053238957,-0.063990988,-0.104279513,0.255030873,0.065457211,-0.139039908,1.048855133,0.358545102,-0.268782058,0.091360097,-0.031720524,0.012763991,-1.489710907,1.216645938,-0.087810001,0.269179734,-0.288311693,-0.161185739,-0.805042406,0.150069083,0.07418137,-0.883267955
0.066362338,-0.0584545,-0.107719481,0.245384154,0.062138445,-0.130329932,1.05614061,0.351670771,-0.246819648,0.094682287,-0.027277101,0.014038196,-1.490956525,1.223224555,-0.071709151,0.257959805,-0.279328146,-0.156535085,-0.806249001,0.14551216,0.076683661,-0.884088412
0.07817609,-0.053322252,-0.112388732,0.234521288,0.058711131,-0.12227864,1.061631773,0.343949418,-0.227160013,0.09728919,-0.02341429,0.014522012,-1.492443784,1.22922,-0.05033,0.23921,-0.27096,-0.15199,-0.80754,0.14036,0.07881,-0.88504
0.088434289,-0.048873576,-0.116727752,0.222466644,0.055435497,-0.117817568,1.065575242,0.336341171,-0.210773759,0.099710654,-0.020417732,0.013775053,-1.49397317,1.232419596,-0.028946578,0.212206524,-0.263506087,-0.14771517,-0.808833208,0.134162232,0.080360042,-0.886106866
0.097860191,-0.045013922,-0.119968229,0.210200935,0.052532504,-0.117193792,1.068022173,0.32954532,-0.197662816,0.102323856,-0.018158019,0.012359554,-1.495298559,1.229704237,-0.011278866,0.181207075,-0.25643084,-0.143698958,-0.810331158,0.127376899,0.081465665,-0.887168109
0.107419346,-0.04155527,-0.121539649,0.198943959,0.050213293,-0.119983273,1.068974857,0.324195943,-0.187586946,0.105467805,-0.016401977,0.011088409,-1.496162178,1.217728208,-0.00065833,0.151714725,-0.248990093,-0.139885645,-0.812307565,0.120689146,0.082341802,-0.888076568
0.118034349,-0.038298623,-0.120960633,0.189833476,0.048649576,-0.125669015,1.0684626,0.320879037,-0.180274391,0.109454548,-0.014911268,0.010724717,-1.49632871,1.193468935,5.39E-05,0.129020123,-0.240478525,-0.136212724,-0.815009813,0.114743524,0.083206952,-0.888695782
0.130128455,-0.034917352,-0.118785976,0.183053551,0.047554666,-0.132653386,1.066828743,0.319621675,-0.175087009,0.114282675,-0.013387469,0.011452721,-1.495823921,1.157660342,-0.006535029,0.115944538,-0.230642407,-0.132538726,-0.818379205,0.109712649,0.084321058,-0.889013706
0.143802767,-0.03100249,-0.116238976,0.178172958,0.046346135,-0.138641568,1.064619227,0.320090328,-0.171150273,0.119748546,-0.011493396,0.01308321,-1.494842018,1.113459903,-0.014290375,0.113716085,-0.219519356,-0.128671245,-0.822159569,0.105464667,0.085970802,-0.889098562
0.159147053,-0.026146646,-0.114546403,0.174745903,0.0444401,-0.141350814,1.06238404,0.321941964,-0.16758097,0.125643296,-0.008893215,0.015418076,-1.49358179,1.064106127,-0.017081205,0.123484874,-0.207156317,-0.124417806,-0.826090442,0.101860075,0.088440644,-0.88902013
0.175893368,-0.020119587,-0.114474814,0.172067554,0.041461057,-0.139919639,1.060713191,0.324623681,-0.163210808,0.131646789,-0.005370864,0.01809903,-1.49234869,1.015276101,-0.012542073,0.143313721,-0.1938686,-0.119632646,-0.82985127,0.098604985,0.091854919,-0.888861482
0.193219302,-0.012965673,-0.116077436,0.169031579,0.03735649,-0.135689521,1.060258726,0.32725729,-0.156429628,0.137266421,-0.000895922,0.020519495,-1.491613493,0.976426715,-0.004143984,0.166480139,-0.180387477,-0.114242418,-0.833028358,0.095166216,0.096089773,-0.888726291
0.210254754,-0.004752881,-0.119346138,0.164497107,0.032101666,-0.130191439,1.061678024,0.328936619,-0.145589258,0.141994752,0.004546059,0.022051537,-1.491861193,0.95734,0.00414,0.18585,-0.16748,-0.10818,-0.8352,0.09099,0.101,-0.88872
0.226276689,0.004373105,-0.124101961,0.157594256,0.025748534,-0.124804779,1.065306298,0.32884039,-0.129644557,0.14545059,0.010914448,0.022274046,-1.493408759,0.964940727,0.008918746,0.195869813,-0.155736463,-0.101448055,-0.836092105,0.085697444,0.106423365,-0.888917981
0.241150355,0.013955779,-0.12948265,0.148537091,0.018655763,-0.120302555,1.070190075,0.326486901,-0.109962502,0.147757734,0.01794829,0.021593204,-1.495901035,0.994724623,0.009128844,0.197308626,-0.14504012,-0.094328378,-0.836021046,0.079609153,0.112129511,-0.88927531
0.254888067,0.023460931,-0.134455121,0.137810669,0.011258707,-0.117306186,1.075053712,0.321479343,-0.0885131,0.14916623,0.02533155,0.020622017,-1.498814838,1.039330156,0.004288813,0.192516121,-0.135097463,-0.087172546,-0.835450811,0.073220603,0.117871048,-0.88971699
0.267518759,0.032353951,-0.138028165,0.125914062,0.004003053,-0.116430111,1.078637942,0.313491502,-0.067243878,0.149896408,0.032726799,0.019950783,-1.50163284,1.091306551,-0.005757181,0.183846675,-0.125603256,-0.08033712,-0.834841089,0.067012918,0.123386843,-0.890173737
0.279264548,0.040095614,-0.139697335,0.1135093,-0.002545356,-0.118207601,1.079873842,0.303017821,-0.047841062,0.149823144,0.039547933,0.019905836,-1.503905788,1.142165611,-0.017379356,0.173709232,-0.116115924,-0.07423662,-0.83460158,0.061300362,0.128255966,-0.890642649
0.290472182,0.046143714,-0.139272222,0.101363545,-0.007743154,-0.123119564,1.077815299,0.291082204,-0.031822295,0.148598438,0.045048409,0.020643202,-1.505228348,1.182749831,-0.024505595,0.164547942,-0.106105926,-0.069322953,-0.835109733,0.056289545,0.131954394,-0.891163654
0.301489754,0.049964367,-0.136579591,0.090240711,-0.010953823,-0.131636741,1.071529459,0.278714012,-0.020686417,0.145877366,0.04848726,0.022313936,-1.505203065,1.203982837,-0.021091209,0.158761143,-0.095045539,-0.066041975,-0.836737785,0.052182824,0.133963188,-0.891776711
0.312621249,0.051525984,-0.132162475,0.080604558,-0.012029064,-0.143672465,1.060756556,0.266740881,-0.014972667,0.141722374,0.049618606,0.024940691,-1.503861162,1.202325347,-0.005179629,0.15596323,-0.082603887,-0.064438904,-0.839577335,0.049034955,0.134171631,-0.892480895
0.324102293,0.051575535,-0.127674126,0.072453612,-0.011577322,-0.158276084,1.0462801,0.255677762,-0.013732906,0.136827335,0.048963949,0.028347114,-1.501898321,1.182820571,0.018849137,0.151453485,-0.068755211,-0.063937974,-0.843285006,0.046671915,0.13310175,-0.893211908
0.336162631,0.050926962,-0.124863298,0.065746378,-0.010272135,-0.17442262,1.028973347,0.24601271,-0.015891048,0.131940434,0.0471108,0.032339729,-1.500067382,1.15125,0.04607,0.14016,-0.0535,-0.06391,-0.84748,0.0449,0.13133,-0.8939
0.348962693,0.050404117,-0.125050199,0.060347181,-0.008866811,-0.190984642,1.009723125,0.238070547,-0.020345605,0.128004658,0.044752442,0.036727026,-1.49899319,1.113278905,0.071781307,0.11839028,-0.036916846,-0.063725145,-0.851789251,0.04351347,0.129489361,-0.894453603
0.36238565,0.050870486,-0.127840848,0.055743616,-0.008433724,-0.206424883,0.989470551,0.231523159,-0.025893481,0.126742194,0.043005238,0.041325351,-1.498788608,1.074107684,0.092175158,0.087969491,-0.019396757,-0.062750969,-0.855870625,0.042258439,0.128438908,-0.894693873
0.376245363,0.053199468,-0.132412719,0.051329102,-0.010125015,-0.219103619,0.969170313,0.225879198,-0.03130618,0.130070029,0.043091324,0.045953015,-1.499438507,1.038820518,0.103667094,0.052102212,-0.001408848,-0.060354379,-0.859389718,0.040868985,0.129094241,-0.894420146
0.390320321,0.058154562,-0.137878993,0.046503828,-0.014950458,-0.227546561,0.949718369,0.220651676,-0.035362652,0.139627989,0.046103905,0.05041171,-1.500897727,1.012362729,0.103092201,0.014030635,0.016572662,-0.055990793,-0.862036781,0.039079611,0.132262737,-0.89346115
0.403977842,0.065221718,-0.142605474,0.040746725,-0.022264772,-0.23220256,0.931327907,0.215404278,-0.036928421,0.153833933,0.05163742,0.05430993,-1.502772023,0.998065404,0.09216279,-0.022565831,0.034014205,-0.050144557,-0.86378866,0.036629766,0.137493708,-0.891987282
0.416319973,0.073062659,-0.144475784,0.033587524,-0.030354903,-0.234761212,0.91377162,0.209733381,-0.034924868,0.169027027,0.058319361,0.057131529,-1.504441934,0.998218188,0.07573777,-0.053725699,0.05034392,-0.04396384,-0.864807104,0.033262089,0.143524809,-0.89038937
0.426451812,0.080328476,-0.141392464,0.024563227,-0.03749622,-0.23692277,0.896809487,0.203238633,-0.028303713,0.181526288,0.064764443,0.058364917,-1.505291926,1.015032633,0.058699675,-0.075528694,0.064996316,-0.038602984,-0.865258559,0.028723337,0.149084616,-0.889060352
0.433926677,0.085856615,-0.132875118,0.013596176,-0.042337347,-0.239786535,0.879878974,0.195683393,-0.017781327,0.188520478,0.069787919,0.057896522,-1.505167441,1.04707612,0.044201921,-0.086809418,0.077826226,-0.034922884,-0.865406486,0.02300405,0.153168517,-0.888299122
0.438992634,0.088773371,-0.120949808,0.001205995,-0.044105445,-0.243520323,0.861917659,0.187084759,-0.006809286,0.188546465,0.072515872,0.056229706,-1.504628432,1.087267567,0.032717785,-0.090672528,0.089339993,-0.033329582,-0.865664711,0.016472634,0.155185469,-0.888258807
0.441957509,0.088229884,-0.107858206,-0.012036314,-0.042077445,-0.248211825,0.84182012,0.177481659,0.000925548,0.180257082,0.072101122,0.0539209,-1.504296315,1.12804,0.02449,-0.09059,0.1001,-0.03419,-0.86646,0.00953,0.15458,-0.88908
0.443219826,0.083834102,-0.095676013,-0.025552435,-0.036020432,-0.253821719,0.818726509,0.167019286,0.002464376,0.163420206,0.06813018,0.051510865,-1.504658034,1.162261474,0.019576651,-0.089778197,0.110664485,-0.037573774,-0.868082247,0.002565572,0.151127118,-0.89078437
0.443540886,0.077021186,-0.085815055,-0.038734797,-0.027662112,-0.259802644,0.792759278,0.156267891,-0.002239345,0.142263907,0.061924314,0.049477686,-1.505662648,1.184540143,0.017297248,-0.09043104,0.121575095,-0.042361416,-0.870273877,-0.004077179,0.145923739,-0.892917914
0.443772688,0.069683102,-0.079521191,-0.050968516,-0.019220348,-0.265480229,0.764286458,0.145903988,-0.012504092,0.122131296,0.055238481,0.048283778,-1.507124747,1.18991919,0.016786657,-0.094486838,0.133369327,-0.047136159,-0.872640444,-0.010066273,0.140397253,-0.894907705
0.444699629,0.063634689,-0.077892626,-0.061704121,-0.012792647,-0.27022263,0.733723803,0.136581101,-0.027372502,0.108091533,0.04974282,0.048330119,-1.508840736,1.174256659,0.017261451,-0.103751692,0.146514674,-0.050561334,-0.874787265,-0.015118454,0.135900282,-0.896211501
0.446320267,0.059794171,-0.080311112,-0.071152565,-0.009077392,-0.273892396,0.702041889,0.128685469,-0.04268056,0.102029053,0.046121436,0.04930345,-1.510395633,1.142883383,0.018888042,-0.118494752,0.160664785,-0.052231433,-0.876316851,-0.019516946,0.132916222,-0.896643712
0.448126163,0.058501314,-0.085051012,-0.080015395,-0.007870306,-0.276671039,0.670569239,0.122430889,-0.052195447,0.10377363,0.044422284,0.050429719,-1.511238077,1.107241671,0.022445643,-0.137993591,0.17494825,-0.052341701,-0.876829904,-0.023910436,0.131367682,-0.89624885
0.449603864,0.06007566,-0.090378342,-0.088996941,-0.008946125,-0.278740935,0.640628609,0.118023072,-0.049719701,0.113099587,0.044676612,0.050933543,-1.510823511,1.078787717,0.028706115,-0.161494156,0.188491079,-0.051101342,-0.875932936,-0.028947936,0.131164501,-0.895077038
0.45044597,0.064201928,-0.095165732,-0.098477912,-0.011723055,-0.280017401,0.612838779,0.115355087,-0.033246276,0.128508776,0.046549299,0.050420607,-1.509151871,1.063699286,0.03738744,-0.187336537,0.200789329,-0.04895659,-0.873582846,-0.034932257,0.132011077,-0.893284859
0.450664459,0.069580858,-0.099226062,-0.108337398,-0.015066675,-0.280001811,0.586727362,0.113835409,-0.007263266,0.146530728,0.04913736,0.049087248,-1.507067061,1.059972577,0.046574085,-0.212456743,0.211912643,-0.046721067,-0.870279629,-0.041629598,0.133293384,-0.891193914
0.450298787,0.074828548,-0.102453096,-0.11841134,-0.017795028,-0.27815993,0.561728111,0.112830824,0.02318251,0.163525308,0.051488958,0.047180613,-1.505485583,1.0649,0.05421,-0.23367,0.22198,-0.04524,-0.86657,-0.04876,0.13437,-0.88914
0.449488663,0.078848212,-0.104760909,-0.128469571,-0.019025077,-0.274266188,0.537222332,0.111780891,0.053166098,0.176473605,0.052878455,0.044997776,-1.505108501,1.075565182,0.058680728,-0.248332803,0.231247024,-0.04512225,-0.862918892,-0.055998653,0.134764539,-0.887409435
0.448774827,0.081691529,-0.106144829,-0.138017498,-0.019069467,-0.269329676,0.512381553,0.110416258,0.078249987,0.184841602,0.053484997,0.043035523,-1.505775126,1.08821662,0.060138191,-0.255966709,0.24051591,-0.046031222,-0.859464116,-0.062841346,0.134660746,-0.886090624
0.448798275,0.083697293,-0.1066205,-0.146494418,-0.01853976,-0.264668146,0.486324853,0.108540347,0.094118527,0.188716503,0.05371393,0.041840572,-1.507109326,1.09889403,0.059175902,-0.256634545,0.250725493,-0.047393952,-0.856261705,-0.068739015,0.1344074,-0.885222496
0.450103072,0.085209848,-0.106202157,-0.153437492,-0.018018335,-0.261553442,0.458242859,0.10597656,0.096971912,0.188293749,0.05395351,0.041884394,-1.508725155,1.104056443,0.056421164,-0.250640415,0.262705484,-0.048661052,-0.853356856,-0.073227595,0.134332276,-0.884826184
0.452106447,0.086638013,-0.104887697,-0.15952154,-0.0177483,-0.260723672,0.428157875,0.102780592,0.089006965,0.185027021,0.054393366,0.042763747,-1.510122556,1.105037443,0.052894046,-0.24109331,0.276016989,-0.049557162,-0.850668833,-0.0768311,0.134518989,-0.884715961
0.45349864,0.088432204,-0.102664469,-0.166155354,-0.017753874,-0.262572599,0.396628773,0.099158007,0.076289311,0.181181771,0.055094976,0.043511063,-1.510727848,1.106315484,0.049868014,-0.232911821,0.289402662,-0.049983715,-0.84803565,-0.080711012,0.13489363,-0.884572647
0.452969946,0.091035254,-0.099523349,-0.174744986,-0.018052956,-0.267471552,0.364224279,0.09531827,0.064913178,0.17902795,0.056114681,0.043158552,-1.509976695,1.112353319,0.048608972,-0.230997415,0.301600478,-0.049849861,-0.845295193,-0.086028345,0.135378764,-0.884076573
0.449940851,0.094393155,-0.09567702,-0.185797983,-0.018502954,-0.274790071,0.331567625,0.091555193,0.058820317,0.180293952,0.057328819,0.041289608,-1.507938983,1.123526777,0.049675508,-0.237414333,0.311886175,-0.049350827,-0.842358876,-0.093278294,0.135842908,-0.883012454
0.444963648,0.097681805,-0.091681978,-0.198429211,-0.018712514,-0.282344916,0.299366534,0.088293325,0.058616142,0.185868748,0.058334722,0.038341958,-1.505667639,1.133876949,0.05252987,-0.249829113,0.320369025,-0.049125273,-0.839252082,-0.101924043,0.136070808,-0.881326789
0.438687984,0.100010857,-0.088124292,-0.211633738,-0.018268885,-0.28781928,0.268335995,0.085968461,0.06461907,0.196569103,0.05870572,0.034826823,-1.504300155,1.1369,0.05654,-0.26553,0.32723,-0.04985,-0.83601,-0.11134,0.13584,-0.87898
0.431946565,0.100655624,-0.085466133,-0.224338842,-0.016883746,-0.289380499,0.239039711,0.084914056,0.076463735,0.21250269,0.058107379,0.031342361,-1.504727264,1.128043855,0.061250986,-0.281582442,0.332858245,-0.052018245,-0.832602267,-0.120810478,0.134989274,-0.876034446
0.426304317,0.099554059,-0.083674071,-0.235200643,-0.014766496,-0.287132503,0.211436229,0.085054209,0.091049631,0.23094081,0.056574205,0.028834486,-1.506852674,1.110563459,0.066916506,-0.294160707,0.338475583,-0.055388985,-0.828736323,-0.129259412,0.133602421,-0.872960256
0.423509223,0.096809776,-0.082590779,-0.242807474,-0.012250961,-0.281663364,0.185332811,0.086210679,0.104592471,0.248445675,0.054232941,0.028336051,-1.510333337,1.089665513,0.073967385,-0.29921627,0.345512011,-0.059537634,-0.824054056,-0.13552064,0.131824484,-0.870329501
0.425128289,0.092561613,-0.082082134,-0.245932987,-0.009658689,-0.273628432,0.160532014,0.088177848,0.113578185,0.261716852,0.051223879,0.030759859,-1.514794977,1.070441492,0.082700326,-0.293178473,0.355261102,-0.064033018,-0.818235321,-0.138563715,0.129800718,-0.868674393
0.430624689,0.087357893,-0.082283797,-0.245505165,-0.007168441,-0.264465106,0.136781732,0.090431864,0.117634005,0.269050679,0.047844828,0.035623137,-1.519500334,1.056643337,0.09185284,-0.278031899,0.367430519,-0.068367402,-0.811401312,-0.138935871,0.127678853,-0.868063805
0.438104286,0.082011123,-0.083505481,-0.243841883,-0.004866859,-0.256115335,0.113794594,0.092243554,0.11841381,0.269773673,0.044495224,0.041542739,-1.523477958,1.05115878,0.099156509,-0.259345158,0.380704763,-0.071983657,-0.803957958,-0.1382022,0.125608213,-0.868267677
0.445660467,0.077331077,-0.086051536,-0.243266871,-0.002837226,-0.250507719,0.091288197,0.092890347,0.117598488,0.263263584,0.041572573,0.047129245,-1.525763324,1.056801123,0.102343901,-0.242716229,0.39375721,-0.07433147,-0.79631564,-0.137934668,0.123736637,-0.869049572
0.451995475,0.07369947,-0.089730388,-0.245065311,-0.001053329,-0.248265575,0.069313535,0.092250951,0.116462906,0.250941972,0.039257125,0.051517113,-1.526041418,1.072782287,0.100212639,-0.231921289,0.405617102,-0.075319032,-0.788867064,-0.139099818,0.122121063,-0.870089234
0.456755276,0.070834516,-0.093581788,-0.24891263,0.000680763,-0.247989021,0.048438374,0.091136052,0.115652599,0.237398314,0.037392378,0.054652817,-1.52500397,1.092732049,0.093211183,-0.227912721,0.415865271,-0.075565209,-0.781977534,-0.14172579,0.120677541,-0.870936493
0.459667016,0.068397359,-0.096579365,-0.254345785,0.002575582,-0.248104138,0.029274931,0.090436504,0.115758963,0.227494592,0.035792863,0.056552682,-1.523429313,1.1098,0.08193,-0.2314,0.42413,-0.07575,-0.77601,-0.14576,0.11931,-0.87113
0.460697743,0.06610245,-0.097820295,-0.260789098,0.004737421,-0.247187875,0.012351179,0.090893779,0.117092488,0.22500321,0.034309609,0.057365303,-1.522056852,1.119327207,0.067715605,-0.242032036,0.430240408,-0.076441261,-0.771206258,-0.151003988,0.117961877,-0.870346648
0.460774109,0.06387749,-0.096895952,-0.26721637,0.006855621,-0.244420654,-0.00214189,0.092651799,0.118840028,0.229338253,0.032939637,0.057768357,-1.52147029,1.125420642,0.054938705,-0.25521547,0.434828964,-0.07775827,-0.767323488,-0.156675788,0.116734635,-0.868816287
0.461062667,0.06170349,-0.093521263,-0.272488772,0.008515283,-0.239133768,-0.014097528,0.0957051,0.119907527,0.238824223,0.031716467,0.058571796,-1.522214404,1.13437875,0.048726055,-0.265296372,0.438728977,-0.079708162,-0.76399772,-0.161847561,0.115769243,-0.866907009
0.462628795,0.059573142,-0.087518526,-0.275606958,0.009324037,-0.230807252,-0.023413958,0.099983297,0.119316014,0.251658866,0.030678473,0.060502264,-1.524772672,1.152051017,0.053829547,-0.267004133,0.442701155,-0.08227241,-0.760898367,-0.165682037,0.115206849,-0.864977041
0.465361724,0.057614944,-0.07995826,-0.277193085,0.009151373,-0.220650283,-0.030047204,0.104661277,0.117424373,0.264566329,0.029920429,0.063318002,-1.528915963,1.179067768,0.070643273,-0.259524182,0.44666225,-0.085134168,-0.758082958,-0.168394864,0.115190654,-0.863269939
0.468391876,0.056045008,-0.07271629,-0.278915446,0.008035728,-0.210987613,-0.033990581,0.108427008,0.11545462,0.273320053,0.029573503,0.066152473,-1.533955401,1.212692126,0.096749842,-0.244916821,0.449984525,-0.087784125,-0.755859419,-0.170880989,0.115865189,-0.861955281
