time/time_elapsed,time/fps,rollout/ep_len_mean,time/episodes,time/total_timesteps,rollout/ep_rew_mean,train/ent_coef,train/critic_loss,train/n_updates,train/learning_rate,train/actor_loss,train/ent_coef_loss
52,30,160.3,10,1603,-3749.8417937,,,,,,
144,23,166.7,20,3334,-3906.8297231999995,0.7875382304191589,15.972585678100586,333,0.00073,-18.223514556884766,-14.430051803588867
402,12,173.46666666666667,30,5204,-2885.0408162333333,0.325329452753067,70.59305572509766,2203,0.00073,-498.95770263671875,-10.308850288391113
667,10,178.35,40,7134,-2762.426364075,0.4634510278701782,432.638427734375,4133,0.00073,-1479.4141845703125,6.962892055511475
928,9,180.24,50,9012,-2672.7811996600003,0.9241676926612854,1852.02734375,6011,0.00073,-3266.757080078125,0.13835175335407257
1203,9,183.53333333333333,60,11012,-3019.2369210666666,1.4065678119659424,3662.89794921875,8011,0.00073,-5709.23876953125,-1.4548527002334595
1437,8,181.22857142857143,70,12686,-3071.3656242857137,1.5517698526382446,6182.15625,9685,0.00073,-7263.63818359375,-0.958128809928894
1691,8,181.625,80,14530,-3273.1088963750003,1.6083906888961792,6848.73583984375,11529,0.00073,-8380.90234375,0.4037740230560303
1968,8,183.66666666666666,90,16530,-3182.2013524999998,1.6922603845596313,8594.06640625,13529,0.00073,-9447.515625,1.161999225616455
2151,8,178.65,100,17865,-3079.64989686,1.6604340076446533,13107.9072265625,14864,0.00073,-9541.71875,-1.2252187728881836
2372,8,178.55,110,19458,-3142.6226845,1.6357048749923706,12019.1396484375,16457,0.00073,-9754.48046875,0.40055784583091736
2629,8,179.92,120,21326,-2987.92113364,1.3905692100524902,8450.84375,18325,0.00073,-8844.2333984375,0.7061384320259094
2906,8,181.22,130,23326,-3124.207530310001,1.132485270500183,5007.9169921875,20325,0.00073,-7521.53515625,0.08235269784927368
3184,7,181.92,140,25326,-2973.08858209,0.8951926231384277,3750.018310546875,22325,0.00073,-6176.34521484375,0.01673245057463646
3461,7,183.14,150,27326,-2908.3231659000007,0.7218061089515686,2449.12939453125,24325,0.00073,-4863.8330078125,0.7033931612968445
3740,7,183.14,160,29326,-2643.42081751,0.5377649664878845,1895.2724609375,26325,0.00073,-3724.394775390625,0.4289817214012146
4019,7,186.4,170,31326,-2382.4167384699995,0.4285716116428375,1265.280517578125,28325,0.00073,-2896.35009765625,1.6299257278442383
4297,7,187.96,180,33326,-1912.41958119,0.3418746590614319,789.6162109375,30325,0.00073,-2200.626708984375,-1.4188456535339355
4575,7,187.96,190,35326,-1686.9402000999999,0.29474636912345886,576.061279296875,32325,0.00073,-1755.6298828125,-2.7834672927856445
4854,7,194.61,200,37326,-1455.2687598799998,0.24033376574516296,380.0433349609375,34325,0.00073,-1359.775146484375,-1.3943315744400024
5131,7,198.68,210,39326,-998.3518878799998,0.18868650496006012,195.11990356445312,36325,0.00073,-1095.856689453125,-0.9053781032562256
5410,7,200.0,220,41326,-732.6953986999999,0.17020517587661743,174.28091430664062,38325,0.00073,-907.727294921875,-3.969839334487915
5692,7,200.0,230,43326,-478.23956447999996,0.15023629367351532,112.16284942626953,40325,0.00073,-782.9892578125,-2.0423548221588135
5972,7,200.0,240,45326,-413.83094652999995,0.12871944904327393,93.68592834472656,42325,0.00073,-660.4680786132812,-1.0845355987548828
6250,7,200.0,250,47326,-207.33832901000005,0.11110755801200867,79.91388702392578,44325,0.00073,-563.2483520507812,-3.1090996265411377
6528,7,200.0,260,49326,25.823135900000008,0.10162685066461563,52.70860290527344,46325,0.00073,-521.8447265625,-2.9121313095092773
6807,7,200.0,270,51326,113.68990240000001,0.09309511631727219,58.726417541503906,48325,0.00073,-455.80743408203125,4.572612762451172
7085,7,200.0,280,53326,146.89708839000002,0.0857241302728653,48.41841506958008,50325,0.00073,-411.8515625,1.1113471984863281
7367,7,200.0,290,55326,217.69662606000006,0.08303999900817871,36.127628326416016,52325,0.00073,-399.1119384765625,-0.08971977233886719
7652,7,200.0,300,57326,292.93387952,0.07549116015434265,32.402122497558594,54325,0.00073,-386.2325439453125,-3.134413242340088
7931,7,200.0,310,59326,305.66886476999997,0.0707988366484642,38.00867462158203,56325,0.00073,-354.0273132324219,3.3157835006713867
8213,7,200.0,320,61326,307.91982188000003,0.06805334985256195,33.52080535888672,58325,0.00073,-345.0222473144531,-4.167758941650391
8495,7,200.0,330,63326,373.1207840099999,0.06648854911327362,32.871665954589844,60325,0.00073,-334.9740905761719,-4.834866046905518
8780,7,200.0,340,65326,498.08541768000003,0.06447842717170715,28.437545776367188,62325,0.00073,-322.39630126953125,-1.1490787267684937
9067,7,200.0,350,67326,555.5266703,0.06400826573371887,28.616641998291016,64325,0.00073,-325.43243408203125,-4.884916305541992
9356,7,200.0,360,69326,652.7111796300001,0.06348146498203278,33.2638053894043,66325,0.00073,-319.63311767578125,0.48836493492126465
9650,7,200.0,370,71326,721.2971333800001,0.06326562166213989,29.88751983642578,68325,0.00073,-322.1045837402344,2.7902605533599854
9955,7,200.0,380,73326,746.8852743800002,0.061114855110645294,28.424068450927734,70325,0.00073,-324.9222717285156,0.7364503145217896
10249,7,200.0,390,75326,795.1406753599999,0.06230933219194412,28.63753890991211,72325,0.00073,-326.4110412597656,-0.040636539459228516
10540,7,200.0,400,77326,846.41571766,0.06007695198059082,29.884916305541992,74325,0.00073,-342.9877014160156,-7.48006010055542
10827,7,200.0,410,79326,926.3870465500003,0.06095536798238754,25.27333641052246,76325,0.00073,-354.57275390625,0.026587247848510742
11118,7,200.0,420,81326,1007.5022793699999,0.05844341963529587,25.71141815185547,78325,0.00073,-360.5795593261719,2.2350845336914062
11406,7,200.0,430,83326,971.9960743400001,0.06125367060303688,29.168264389038086,80325,0.00073,-372.1031188964844,-8.831826210021973
11688,7,200.0,440,85326,990.4973572399999,0.05838300660252571,28.07834815979004,82325,0.00073,-363.1456604003906,7.336121082305908
11973,7,200.0,450,87326,1049.64171373,0.05799006298184395,29.631858825683594,84325,0.00073,-373.2882995605469,-0.6202722787857056
12258,7,200.0,460,89326,1086.43480891,0.0581946037709713,21.44322967529297,86325,0.00073,-389.0957946777344,-6.931420803070068
12541,7,200.0,470,91326,1145.52443516,0.058711957186460495,30.48712921142578,88325,0.00073,-403.448974609375,-0.857124924659729
12828,7,200.0,480,93326,1063.92951054,0.05351144075393677,27.08138656616211,90325,0.00073,-388.2194519042969,2.853614091873169
13119,7,200.0,490,95326,1121.5958489699997,0.05169011652469635,25.719402313232422,92325,0.00073,-391.62200927734375,1.2507058382034302
13411,7,200.0,500,97326,1126.4266866,0.05312565714120865,29.86597442626953,94325,0.00073,-388.9332275390625,-2.242027759552002
13704,7,200.0,510,99326,1165.67119334,0.05107517167925835,24.011411666870117,96325,0.00073,-376.6954040527344,8.05130672454834
13989,7,200.0,520,101326,1233.00855795,0.05181027948856354,23.630962371826172,98325,0.00073,-404.2984924316406,4.9312005043029785
14283,7,200.0,530,103326,1327.4540576599998,0.05252818390727043,25.416690826416016,100325,0.00073,-379.048095703125,11.02547836303711
14583,7,200.0,540,105326,1371.3423520699998,0.052182458341121674,20.556793212890625,102325,0.00073,-407.35223388671875,-2.6236696243286133
14882,7,200.0,550,107326,1376.7073442399999,0.05059442296624184,26.25824737548828,104325,0.00073,-407.39984130859375,-3.1292388439178467
15167,7,200.0,560,109326,1406.4403952399998,0.051299870014190674,24.40841293334961,106325,0.00073,-421.98773193359375,2.872781753540039
15444,7,200.0,570,111326,1444.92529679,0.050423894077539444,23.21049690246582,108325,0.00073,-412.5449523925781,4.2978739738464355
15719,7,200.0,580,113326,1647.17086541,0.05124231055378914,25.00562858581543,110325,0.00073,-431.8091125488281,-2.9525136947631836
15993,7,200.0,590,115326,1670.6399016399996,0.050118930637836456,21.12586212158203,112325,0.00073,-424.47021484375,-3.0132341384887695
16282,7,200.0,600,117326,1703.7209235399998,0.05043787509202957,25.514381408691406,114325,0.00073,-432.42694091796875,1.643908977508545
16567,7,200.0,610,119326,1681.12036215,0.048255614936351776,23.79615020751953,116325,0.00073,-439.0291442871094,-2.8828535079956055
16858,7,200.0,620,121326,1666.8226695099997,0.048824749886989594,29.954221725463867,118325,0.00073,-428.700927734375,-0.4321160316467285
17154,7,200.0,630,123326,1705.7484776699996,0.04726991057395935,25.69307518005371,120325,0.00073,-443.47943115234375,3.1247172355651855
17445,7,200.0,640,125326,1732.0176010199998,0.048088252544403076,18.469242095947266,122325,0.00073,-450.57373046875,-2.856606960296631
17741,7,200.0,650,127326,1743.74175984,0.04658442735671997,28.870208740234375,124325,0.00073,-447.06719970703125,3.674652099609375
18033,7,200.0,660,129326,1728.38128555,0.04480911046266556,27.514991760253906,126325,0.00073,-435.6306457519531,2.6863038539886475
18321,7,200.0,670,131326,1707.25744337,0.043027933686971664,22.95122718811035,128325,0.00073,-455.0932922363281,-2.2782886028289795
18610,7,200.0,680,133326,1719.0271243199998,0.04156924784183502,21.275663375854492,130325,0.00073,-443.8057861328125,5.1268415451049805
18900,7,200.0,690,135326,1710.5929912100003,0.04314820095896721,22.639419555664062,132325,0.00073,-452.68994140625,-1.9475135803222656
19191,7,200.0,700,137326,1724.2182871,0.04223493114113808,30.169225692749023,134325,0.00073,-449.7029724121094,5.310969829559326
19479,7,200.0,710,139326,1784.0985715900001,0.04315466061234474,25.948719024658203,136325,0.00073,-472.5294494628906,-8.173741340637207
19766,7,200.0,720,141326,1828.0015273600002,0.04197131097316742,32.75023651123047,138325,0.00073,-470.4266052246094,6.9615559577941895
20055,7,200.0,730,143326,1818.0896569799997,0.04269260913133621,19.22906494140625,140325,0.00073,-459.0275573730469,7.832097053527832
20348,7,200.0,740,145326,1806.9726369700002,0.04174492135643959,20.162147521972656,142325,0.00073,-479.5023193359375,-10.649003982543945
20650,7,200.0,750,147326,1828.13030105,0.04217962548136711,25.383392333984375,144325,0.00073,-453.5791320800781,-4.030738353729248
20951,7,200.0,760,149326,1854.46515553,0.041480373591184616,20.159053802490234,146325,0.00073,-458.64666748046875,6.226179599761963
21249,7,200.0,770,151326,1892.75789878,0.0420137494802475,25.103485107421875,148325,0.00073,-467.02435302734375,6.1597747802734375
21548,7,200.0,780,153326,1899.45350565,0.04168252274394035,23.63077163696289,150325,0.00073,-465.1587829589844,9.094550132751465
21845,7,200.0,790,155326,1928.5937060499998,0.040453068912029266,24.004112243652344,152325,0.00073,-477.2864990234375,2.7753286361694336
22144,7,200.0,800,157326,1902.0179434599997,0.04179759323596954,23.745018005371094,154325,0.00073,-484.54522705078125,0.029112935066223145
22442,7,200.0,810,159326,1890.8399693299998,0.04088679701089859,17.54819679260254,156325,0.00073,-488.27142333984375,-8.52910327911377
22735,7,200.0,820,161326,1897.9463329199998,0.03999235853552818,17.262592315673828,158325,0.00073,-496.74969482421875,-4.83268928527832
23023,7,200.0,830,163326,1911.4719793400006,0.04084024950861931,21.603839874267578,160325,0.00073,-493.0270080566406,2.946793556213379
23313,7,200.0,840,165326,1927.8751135399996,0.038659900426864624,18.888553619384766,162325,0.00073,-480.29644775390625,4.865330219268799
23600,7,200.0,850,167326,1926.44026316,0.039236802607774734,20.093856811523438,164325,0.00073,-506.1646728515625,-10.586061477661133
23886,7,200.0,860,169326,1873.7862790600002,0.038197822868824005,17.323768615722656,166325,0.00073,-499.4395751953125,-2.8141064643859863
24179,7,200.0,870,171326,1787.7342881600007,0.03760802373290062,20.508358001708984,168325,0.00073,-495.14764404296875,-5.0520124435424805
24470,7,200.0,880,173326,1785.73750762,0.03890252858400345,20.97705841064453,170325,0.00073,-494.9142761230469,-3.5597848892211914
24762,7,200.0,890,175326,1780.8723436100001,0.03800121694803238,23.371505737304688,172325,0.00073,-488.5504455566406,-0.2783968448638916
25055,7,200.0,900,177326,1813.9206570399997,0.03848930075764656,23.747539520263672,174325,0.00073,-496.13507080078125,-2.6379637718200684
25347,7,200.0,910,179326,1835.1235341599997,0.03601783141493797,22.47544288635254,176325,0.00073,-490.51171875,13.680407524108887
25635,7,200.0,920,181326,1832.36682547,0.03522114455699921,19.719829559326172,178325,0.00073,-506.7967834472656,1.1053307056427002
25928,7,200.0,930,183326,1833.6409271100001,0.035974979400634766,18.187091827392578,180325,0.00073,-502.69683837890625,-0.21995329856872559
26222,7,200.0,940,185326,1824.0659083,0.03647744655609131,20.640594482421875,182325,0.00073,-514.44921875,4.890028476715088
26516,7,200.0,950,187326,1804.0482374500002,0.035481445491313934,21.455904006958008,184325,0.00073,-504.78692626953125,5.580206871032715
26811,7,200.0,960,189326,1863.7833576799999,0.03481646627187729,19.574600219726562,186325,0.00073,-486.3485412597656,10.90044116973877
27103,7,200.0,970,191326,1958.32290867,0.03518535569310188,24.418292999267578,188325,0.00073,-493.54302978515625,1.3588223457336426
27414,7,200.0,980,193326,1965.7034154199998,0.034646060317754745,19.482666015625,190325,0.00073,-506.9798278808594,4.46422815322876
27718,7,200.0,990,195326,1977.2897148700001,0.034862324595451355,21.474292755126953,192325,0.00073,-515.2984619140625,-2.4024977684020996
28011,7,200.0,1000,197326,1982.7686361400001,0.03503382205963135,21.219058990478516,194325,0.00073,-509.8554382324219,-7.85462760925293
28302,7,200.0,1010,199326,1990.7114329800002,0.03383253142237663,17.573562622070312,196325,0.00073,-509.54437255859375,1.400024175643921
28595,7,200.0,1020,201326,1983.2751392100001,0.034995220601558685,18.116670608520508,198325,0.00073,-503.7315979003906,-2.1722357273101807
28890,7,200.0,1030,203326,1987.24784813,0.034087006002664566,17.027925491333008,200325,0.00073,-514.5753784179688,-2.848212957382202
29186,7,200.0,1040,205326,2007.4514124999998,0.03347637131810188,21.179962158203125,202325,0.00073,-512.4266357421875,12.05230712890625
29477,7,200.0,1050,207326,2039.1191517900004,0.03513699397444725,18.458351135253906,204325,0.00073,-517.3036499023438,6.9544572830200195
29768,7,200.0,1060,209326,2046.8825184200002,0.03423066809773445,18.086505889892578,206325,0.00073,-536.5057373046875,3.0756001472473145
30057,7,200.0,1070,211326,2059.4057856199997,0.03336559608578682,17.308258056640625,208325,0.00073,-532.7998046875,8.860982894897461
30347,7,200.0,1080,213326,2055.40485148,0.03311945125460625,17.93136215209961,210325,0.00073,-528.7713623046875,-2.9004364013671875
30635,7,200.0,1090,215326,2039.48919214,0.0318136066198349,18.896690368652344,212325,0.00073,-523.8045043945312,7.595302104949951
30921,7,200.0,1100,217326,2043.89665987,0.031290944665670395,17.671886444091797,214325,0.00073,-544.448486328125,-10.169172286987305
31201,7,200.0,1110,219326,2045.8515520800001,0.030579786747694016,17.00192642211914,216325,0.00073,-530.8466796875,-5.746276378631592
31482,7,200.0,1120,221326,2050.5866283100004,0.031085945665836334,17.4783992767334,218325,0.00073,-527.5621337890625,-2.4029324054718018
31764,7,200.0,1130,223326,2038.94645908,0.030976811423897743,18.75152587890625,220325,0.00073,-543.5294189453125,-14.616714477539062
32057,7,200.0,1140,225326,2043.33605425,0.03109731711447239,15.272055625915527,222325,0.00073,-533.1672973632812,-1.7090697288513184
32348,7,200.0,1150,227326,2043.44786475,0.029717346653342247,16.249553680419922,224325,0.00073,-558.6008911132812,-11.459558486938477
32637,7,200.0,1160,229326,2039.2475115199998,0.031207559630274773,14.643075942993164,226325,0.00073,-525.1797485351562,-3.87138295173645
32925,7,200.0,1170,231326,2036.2117621600003,0.029989514499902725,15.112399101257324,228325,0.00073,-533.5852661132812,-8.99988079071045
33216,7,200.0,1180,233326,2047.68589833,0.03031001426279545,19.223892211914062,230325,0.00073,-533.56787109375,0.10376143455505371
33507,7,200.0,1190,235326,2072.10242763,0.03009539283812046,17.065509796142578,232325,0.00073,-543.0589599609375,-4.956663131713867
33799,7,200.0,1200,237326,2078.21600617,0.029520150274038315,16.741657257080078,234325,0.00073,-549.763916015625,-7.472784042358398
34094,7,200.0,1210,239326,2071.1825434599996,0.030977601185441017,19.806026458740234,236325,0.00073,-539.124755859375,7.052458763122559
34386,7,200.0,1220,241326,2096.8499129,0.03139001131057739,18.73995018005371,238325,0.00073,-540.3482666015625,-0.034610748291015625
34679,7,200.0,1230,243326,2113.7403583600003,0.0307815819978714,19.830577850341797,240325,0.00073,-543.2206420898438,10.268702507019043
34974,7,200.0,1240,245326,2106.89935374,0.02981613576412201,16.82061767578125,242325,0.00073,-553.3067626953125,-3.8878166675567627
35265,7,200.0,1250,247326,2111.8108935900004,0.030166102573275566,22.352018356323242,244325,0.00073,-546.8704833984375,2.125000238418579
35557,7,200.0,1260,249326,2108.83283905,0.030865490436553955,17.381271362304688,246325,0.00073,-560.068603515625,-2.5301661491394043
35847,7,200.0,1270,251326,2116.58239272,0.029613200575113297,17.565786361694336,248325,0.00073,-532.6043701171875,-8.456857681274414
36139,7,200.0,1280,253326,2112.8014233900003,0.028897302225232124,17.666671752929688,250325,0.00073,-556.6246948242188,-3.6979191303253174
36431,7,200.0,1290,255326,2130.2984588099994,0.02942020259797573,21.635906219482422,252325,0.00073,-545.82763671875,-1.317030668258667
36724,7,200.0,1300,257326,2156.0159752,0.028692074120044708,20.53369140625,254325,0.00073,-554.9583129882812,-12.732110023498535
37012,7,200.0,1310,259326,2191.1886427000004,0.02892354317009449,15.23347282409668,256325,0.00073,-557.739990234375,-4.044300079345703
37291,7,200.0,1320,261326,2212.27830137,0.028361020609736443,13.358757019042969,258325,0.00073,-552.712646484375,12.977483749389648
37569,7,200.0,1330,263326,2204.0943174800004,0.028525060042738914,15.314326286315918,260325,0.00073,-556.6458129882812,7.079347610473633
37848,7,200.0,1340,265326,2226.20561653,0.02955513633787632,14.80535888671875,262325,0.00073,-561.797119140625,-6.284901142120361
38131,7,200.0,1350,267326,2274.9963362100007,0.02982785366475582,16.473304748535156,264325,0.00073,-569.5921630859375,-5.453895568847656
38428,7,200.0,1360,269326,2316.4719806000003,0.028516370803117752,16.88667106628418,266325,0.00073,-558.5088500976562,14.867619514465332
38726,7,200.0,1370,271326,2327.70926297,0.029722483828663826,15.661361694335938,268325,0.00073,-550.900146484375,1.4502670764923096
39023,7,200.0,1380,273326,2340.92410123,0.029092952609062195,18.248489379882812,270325,0.00073,-557.2008056640625,8.97968864440918
39320,7,200.0,1390,275326,2331.4413373400002,0.029328498989343643,19.97333526611328,272325,0.00073,-562.0578002929688,-11.791474342346191
39619,6,200.0,1400,277326,2294.4921026800007,0.029207827523350716,16.448970794677734,274325,0.00073,-573.8255004882812,-8.089479446411133
39911,6,200.0,1410,279326,2249.91584942,0.02950475551187992,22.53268051147461,276325,0.00073,-553.2147216796875,3.594334125518799
40198,6,200.0,1420,281326,2252.5123187699996,0.02958119846880436,20.476726531982422,278325,0.00073,-555.986328125,-1.9550215005874634
40489,6,200.0,1430,283326,2274.03014497,0.027732817456126213,23.16374969482422,280325,0.00073,-586.724853515625,-2.672419786453247
40778,6,200.0,1440,285326,2272.57526096,0.029771341010928154,18.92693519592285,282325,0.00073,-569.8468627929688,3.925858974456787
41067,6,200.0,1450,287326,2254.97846454,0.028647977858781815,22.094425201416016,284325,0.00073,-570.197998046875,21.046558380126953
41358,6,200.0,1460,289326,2249.76511298,0.028098076581954956,18.93191909790039,286325,0.00073,-568.74853515625,-11.355506896972656
41650,6,200.0,1470,291326,2267.14646855,0.02813642844557762,16.84813690185547,288325,0.00073,-566.8045043945312,2.661008358001709
41940,6,200.0,1480,293326,2307.60994843,0.027662040665745735,18.894807815551758,290325,0.00073,-568.9284057617188,15.060098648071289
42230,6,200.0,1490,295326,2327.86365207,0.027781883254647255,19.692081451416016,292325,0.00073,-566.48046875,15.263113975524902
42521,6,200.0,1500,297326,2379.3311819200003,0.02775951661169529,17.13020133972168,294325,0.00073,-573.5584106445312,6.1148271560668945
42815,6,200.0,1510,299326,2423.63935994,0.027633260935544968,14.740167617797852,296325,0.00073,-568.4810791015625,5.488158226013184
43105,6,200.0,1520,301326,2419.06083813,0.027159513905644417,23.37333106994629,298325,0.00073,-550.76025390625,9.514123916625977
43392,6,200.0,1530,303326,2428.8658076999996,0.02641405165195465,12.622840881347656,300325,0.00073,-596.3046264648438,-8.046096801757812
43682,6,200.0,1540,305326,2376.82696964,0.026832187548279762,15.303616523742676,302325,0.00073,-578.4484252929688,-6.2982282638549805
43978,6,200.0,1550,307326,2377.3218152699997,0.02693960815668106,17.305879592895508,304325,0.00073,-570.2210083007812,2.20689058303833
44271,6,200.0,1560,309326,2372.3389175,0.026229918003082275,17.329235076904297,306325,0.00073,-593.2877197265625,3.9822020530700684
44565,6,200.0,1570,311326,2388.7139309700005,0.025941332802176476,16.509307861328125,308325,0.00073,-576.7647705078125,-0.36040806770324707
44855,6,200.0,1580,313326,2380.74886592,0.024430355057120323,17.323020935058594,310325,0.00073,-588.75341796875,10.934889793395996
45148,6,200.0,1590,315326,2392.0891995399998,0.024206001311540604,13.19466781616211,312325,0.00073,-586.0546264648438,12.856369972229004
45446,6,200.0,1600,317326,2398.2763101799997,0.024936992675065994,16.161148071289062,314325,0.00073,-590.1491088867188,7.7803215980529785
45740,6,200.0,1610,319326,2428.09774163,0.0244017094373703,11.862577438354492,316325,0.00073,-605.98974609375,20.249401092529297
46030,6,200.0,1620,321326,2428.0895658400004,0.024576183408498764,15.028636932373047,318325,0.00073,-596.8692626953125,3.6970481872558594
46324,6,200.0,1630,323326,2451.1676360900005,0.023931443691253662,12.549704551696777,320325,0.00073,-604.43017578125,6.279061794281006
46628,6,200.0,1640,325326,2546.4997704800003,0.024551942944526672,12.444794654846191,322325,0.00073,-610.8268432617188,1.8727452754974365
46925,6,200.0,1650,327326,2573.8048328,0.023101823404431343,15.119759559631348,324325,0.00073,-619.897705078125,1.5940874814987183
47218,6,200.0,1660,329326,2598.0356340900003,0.023816125467419624,13.831192016601562,326325,0.00073,-618.7113037109375,9.5162353515625
47513,6,200.0,1670,331326,2586.4200273300003,0.02343420870602131,13.176858901977539,328325,0.00073,-630.1468505859375,-4.596123695373535
47806,6,200.0,1680,333326,2593.8373334899998,0.023517604917287827,10.819087982177734,330325,0.00073,-636.7017822265625,-9.098132133483887
48101,6,200.0,1690,335326,2597.5674316799996,0.02353467419743538,10.63991928100586,332325,0.00073,-642.0776977539062,1.5347907543182373
48398,6,200.0,1700,337326,2598.58630063,0.02280675433576107,14.011968612670898,334325,0.00073,-642.0476684570312,2.612175703048706
48694,6,200.0,1710,339326,2589.97027201,0.02311781235039234,9.144129753112793,336325,0.00073,-648.149169921875,-1.6328938007354736
48988,6,200.0,1720,341326,2605.16235069,0.022366169840097427,13.794195175170898,338325,0.00073,-644.1235961914062,1.076545000076294
49282,6,200.0,1730,343326,2587.81451208,0.0228012353181839,13.143198013305664,340325,0.00073,-629.4324951171875,2.1181416511535645
49577,6,200.0,1740,345326,2560.09904366,0.021459639072418213,13.696331977844238,342325,0.00073,-655.2313232421875,-5.461057662963867
49872,6,200.0,1750,347326,2558.2417317900004,0.022175000980496407,11.392818450927734,344325,0.00073,-654.8079223632812,-4.520212173461914
50168,6,200.0,1760,349326,2566.20645911,0.021811090409755707,8.925161361694336,346325,0.00073,-661.4205322265625,-10.861343383789062
50463,6,200.0,1770,351326,2561.1769352499996,0.022455444559454918,10.6400728225708,348325,0.00073,-671.2612915039062,-4.123065948486328
50757,6,200.0,1780,353326,2532.0754905199997,0.022773897275328636,12.09295654296875,350325,0.00073,-655.7544555664062,1.3972088098526
51049,6,200.0,1790,355326,2494.97660384,0.02250491827726364,10.894922256469727,352325,0.00073,-669.2078857421875,-3.5856149196624756
51337,6,200.0,1800,357326,2498.77358319,0.021758653223514557,9.36080551147461,354325,0.00073,-663.0673828125,7.661850929260254
51622,6,200.0,1810,359326,2512.66415914,0.02107616513967514,9.75191879272461,356325,0.00073,-673.3419799804688,-2.9712347984313965
51902,6,200.0,1820,361326,2501.5263650200004,0.021097950637340546,10.39194107055664,358325,0.00073,-665.5140380859375,7.1566877365112305
52189,6,200.0,1830,363326,2494.80686496,0.020314453169703484,9.760160446166992,360325,0.00073,-673.0997314453125,0.6335283517837524
52487,6,200.0,1840,365326,2521.34148731,0.020900411531329155,9.366416931152344,362325,0.00073,-677.7156982421875,-15.028193473815918
52770,6,200.0,1850,367326,2528.97986587,0.01978161558508873,10.415632247924805,364325,0.00073,-679.9351806640625,5.636345863342285
53054,6,200.0,1860,369326,2537.7903404900003,0.019438743591308594,8.918224334716797,366325,0.00073,-678.09716796875,10.044739723205566
53333,6,200.0,1870,371326,2565.35253552,0.020117631182074547,7.6524858474731445,368325,0.00073,-689.5601806640625,2.6981117725372314
53614,6,200.0,1880,373326,2604.6389752,0.02037176303565502,7.442543029785156,370325,0.00073,-682.6683959960938,-2.3177456855773926
53898,6,200.0,1890,375326,2657.8120023099996,0.02044631354510784,6.818582057952881,372325,0.00073,-686.9425659179688,-6.159526824951172
54179,6,200.0,1900,377326,2663.9503961100004,0.020002717152237892,8.004304885864258,374325,0.00073,-692.140625,-2.503706216812134
54460,6,200.0,1910,379326,2647.731775630001,0.02137911505997181,9.944971084594727,376325,0.00073,-695.3134765625,0.06858062744140625
54741,6,200.0,1920,381326,2621.3768570800003,0.01967068575322628,7.5417914390563965,378325,0.00073,-694.0194091796875,1.7543284893035889
55025,6,200.0,1930,383326,2659.4588819100004,0.018663737922906876,7.360238552093506,380325,0.00073,-699.1215209960938,-3.6590468883514404
55306,6,200.0,1940,385326,2649.2424865899998,0.018672002479434013,9.852132797241211,382325,0.00073,-695.2662963867188,5.782021999359131
55587,6,200.0,1950,387326,2634.37858459,0.019575897604227066,6.276552200317383,384325,0.00073,-689.5322265625,-3.7487716674804688
55870,6,200.0,1960,389326,2639.7590384299997,0.018965957686305046,5.968836784362793,386325,0.00073,-700.8970947265625,-2.8879952430725098
56152,6,200.0,1970,391326,2640.77063107,0.019212650135159492,12.014080047607422,388325,0.00073,-715.0938110351562,-3.0073375701904297
56436,6,200.0,1980,393326,2591.27236275,0.01872834376990795,8.223898887634277,390325,0.00073,-718.4999389648438,6.336247444152832
56716,6,200.0,1990,395326,2544.5559365299996,0.01922863908112049,7.026015281677246,392325,0.00073,-719.3914794921875,6.562957763671875
56999,6,200.0,2000,397326,2520.11662964,0.01924966089427471,7.916326522827148,394325,0.00073,-727.48193359375,6.4753241539001465
57285,6,200.0,2010,399326,2531.05389194,0.017054909840226173,6.405313968658447,396325,0.00073,-716.5241088867188,-0.5307039022445679
57571,6,200.0,2020,401326,2588.7241533700003,0.01730412431061268,5.76505184173584,398325,0.00073,-716.2913818359375,-0.3191194534301758
57854,6,200.0,2030,403326,2594.09053956,0.017364224418997765,6.638866424560547,400325,0.00073,-707.7455444335938,-2.955244541168213
58136,6,200.0,2040,405326,2617.22181344,0.017584178596735,6.268876075744629,402325,0.00073,-706.6945190429688,2.352914810180664
58418,6,200.0,2050,407326,2638.0488229400003,0.017786510288715363,7.140402793884277,404325,0.00073,-718.9104614257812,-3.022446632385254
58697,6,200.0,2060,409326,2611.80730471,0.017799600958824158,6.6535844802856445,406325,0.00073,-711.4589233398438,10.248777389526367
58979,6,200.0,2070,411326,2615.68273341,0.017336053773760796,5.915807723999023,408325,0.00073,-718.6048583984375,-0.9139746427536011
59260,6,200.0,2080,413326,2670.7859326,0.01716548390686512,8.02961254119873,410325,0.00073,-719.5244750976562,0.7419672012329102
59541,6,200.0,2090,415326,2716.21237902,0.017595291137695312,6.181657314300537,412325,0.00073,-726.0130615234375,-3.575207471847534
59819,6,200.0,2100,417326,2697.5078661000002,0.017300758510828018,5.919976711273193,414325,0.00073,-722.3986206054688,3.46704363822937
60102,6,200.0,2110,419326,2705.93974819,0.016888072714209557,9.806586265563965,416325,0.00073,-727.1494140625,-4.822210788726807
60383,6,200.0,2120,421326,2708.56108985,0.01760903187096119,7.994864463806152,418325,0.00073,-709.942626953125,5.903289318084717
60665,6,200.0,2130,423326,2719.4031258600003,0.017260950058698654,5.725432395935059,420325,0.00073,-722.29052734375,6.068398475646973
60946,6,200.0,2140,425326,2721.9342547499996,0.017104165628552437,4.996784687042236,422325,0.00073,-716.3432006835938,5.031267166137695
61228,6,200.0,2150,427326,2705.12447467,0.017048144713044167,5.130213737487793,424325,0.00073,-734.41552734375,-0.49660158157348633
61510,6,200.0,2160,429326,2730.64948532,0.016106590628623962,5.775071144104004,426325,0.00073,-731.262939453125,-1.021622896194458
61792,6,200.0,2170,431326,2730.0495615500004,0.01650775969028473,5.972504138946533,428325,0.00073,-729.761474609375,8.703546524047852
62072,6,200.0,2180,433326,2699.3031202799993,0.016531847417354584,4.257438659667969,430325,0.00073,-737.899658203125,-11.066427230834961
62354,6,200.0,2190,435326,2705.02761662,0.016269484534859657,4.390066146850586,432325,0.00073,-729.2115478515625,-4.042143821716309
62634,6,200.0,2200,437326,2753.7508321,0.016186648979783058,5.06934928894043,434325,0.00073,-719.9581909179688,6.551534652709961
62916,6,200.0,2210,439326,2751.7073532200006,0.016956515610218048,5.2298078536987305,436325,0.00073,-725.940673828125,6.597327709197998
63199,6,200.0,2220,441326,2753.4585838600005,0.016114696860313416,5.33666467666626,438325,0.00073,-719.6868896484375,3.464348793029785
63481,6,200.0,2230,443326,2752.3494744799996,0.01592542789876461,4.508048057556152,440325,0.00073,-730.752685546875,15.120318412780762
63760,6,200.0,2240,445326,2744.3799132200006,0.015414859168231487,4.482201099395752,442325,0.00073,-735.4534301757812,-8.967832565307617
64040,6,200.0,2250,447326,2766.9460956999997,0.01582801714539528,7.423333168029785,444325,0.00073,-736.6567993164062,-13.93739128112793
64321,6,200.0,2260,449326,2757.5962338100003,0.01597529835999012,3.229388952255249,446325,0.00073,-740.793212890625,-0.4906255006790161
64603,6,200.0,2270,451326,2763.2414839099993,0.015366767533123493,4.028521537780762,448325,0.00073,-745.0074462890625,-0.5314309000968933
64884,6,200.0,2280,453326,2797.61054618,0.015916818752884865,4.812468528747559,450325,0.00073,-743.895751953125,-13.880467414855957
65167,6,200.0,2290,455326,2799.54791101,0.015015986748039722,5.461209297180176,452325,0.00073,-739.0858764648438,-4.686581611633301
65448,6,200.0,2300,457326,2803.2540076499995,0.015486462973058224,3.761392593383789,454325,0.00073,-741.5101928710938,3.9606776237487793
65729,6,200.0,2310,459326,2780.76096957,0.015166368335485458,4.507478713989258,456325,0.00073,-751.2393188476562,-6.07525110244751
66012,6,200.0,2320,461326,2789.60100002,0.014933528378605843,5.031255722045898,458325,0.00073,-749.9979248046875,-4.354794502258301
66295,6,200.0,2330,463326,2792.3017321599996,0.01531144231557846,3.7276179790496826,460325,0.00073,-743.6099243164062,11.748451232910156
66577,6,200.0,2340,465326,2811.6806211599996,0.014669127762317657,4.617705345153809,462325,0.00073,-741.7286987304688,5.371304035186768
66858,6,200.0,2350,467326,2816.3992179800007,0.014581062830984592,3.757735252380371,464325,0.00073,-731.6700439453125,14.913183212280273
67136,6,200.0,2360,469326,2830.0796674199996,0.014987173490226269,4.382366180419922,466325,0.00073,-759.0010375976562,-16.717666625976562
67416,6,200.0,2370,471326,2839.83117287,0.01420363038778305,3.8756227493286133,468325,0.00073,-749.47412109375,5.538252830505371
67699,6,200.0,2380,473326,2815.0531327300005,0.01441874261945486,4.705628395080566,470325,0.00073,-746.73828125,10.823890686035156
67981,6,200.0,2390,475326,2789.8603169000003,0.014970931224524975,5.097771167755127,472325,0.00073,-748.187255859375,8.316749572753906
68265,6,200.0,2400,477326,2801.13305696,0.014451582916080952,4.261051177978516,474325,0.00073,-759.1406860351562,-15.873292922973633
68550,6,200.0,2410,479326,2844.7807858400006,0.014896758832037449,4.447988510131836,476325,0.00073,-751.3095092773438,-0.4482765197753906
68834,6,200.0,2420,481326,2832.1141913499996,0.01484895870089531,3.941232919692993,478325,0.00073,-751.0432739257812,-6.363130569458008
69117,6,200.0,2430,483326,2803.0766075799997,0.014333834871649742,3.9251272678375244,480325,0.00073,-760.586181640625,-6.517618179321289
69399,6,200.0,2440,485326,2793.79309787,0.013812520541250706,3.8290181159973145,482325,0.00073,-755.157958984375,3.034839153289795
69681,6,200.0,2450,487326,2770.8886256399996,0.013858324848115444,3.001110553741455,484325,0.00073,-755.414794921875,4.581635475158691
69961,6,200.0,2460,489326,2750.09384513,0.01478434819728136,4.701967239379883,486325,0.00073,-766.724365234375,0.6238369941711426
70243,6,200.0,2470,491326,2739.21275172,0.01443750411272049,3.485095977783203,488325,0.00073,-769.0559692382812,-3.7177491188049316
70523,6,200.0,2480,493326,2757.5900497499993,0.014093929901719093,3.6256353855133057,490325,0.00073,-768.6715698242188,6.246176719665527
70804,6,200.0,2490,495326,2778.6770036000003,0.014066450297832489,5.792369842529297,492325,0.00073,-765.1525268554688,-10.584434509277344
71084,6,200.0,2500,497326,2777.32354899,0.014280397444963455,4.690488815307617,494325,0.00073,-761.2445678710938,5.251467704772949
71363,6,200.0,2510,499326,2776.5041737200004,0.014791188761591911,3.8263745307922363,496325,0.00073,-767.50146484375,9.613275527954102
71643,6,200.0,2520,501326,2752.51372512,0.014037543907761574,4.285416603088379,498325,0.00073,-766.6929321289062,12.628741264343262
71924,6,200.0,2530,503326,2778.91717074,0.01324852928519249,3.986361503601074,500325,0.00073,-771.6138916015625,-3.23378324508667
72202,6,200.0,2540,505326,2779.6452245499995,0.013344889506697655,4.862391471862793,502325,0.00073,-763.6443481445312,6.250608444213867
72488,6,200.0,2550,507326,2796.8661681699996,0.013721057213842869,3.629577398300171,504325,0.00073,-762.9882202148438,5.906236171722412
72778,6,200.0,2560,509326,2825.6454988400005,0.013806040398776531,4.049351692199707,506325,0.00073,-776.9402465820312,-2.70768404006958
73066,6,200.0,2570,511326,2826.19724598,0.01421425398439169,4.241165637969971,508325,0.00073,-770.4560546875,1.5022079944610596
73346,6,200.0,2580,513326,2843.61906477,0.01371451560407877,4.563518524169922,510325,0.00073,-768.9541015625,-0.9464821815490723
73626,6,200.0,2590,515326,2844.41941627,0.013607257045805454,3.5405282974243164,512325,0.00073,-775.85302734375,-7.575523376464844
73910,6,200.0,2600,517326,2836.6338453400003,0.013205917552113533,3.8151841163635254,514325,0.00073,-770.6432495117188,6.634319305419922
74194,6,200.0,2610,519326,2792.1606299099994,0.013699673116207123,3.564382553100586,516325,0.00073,-782.1666259765625,9.958379745483398
74478,6,200.0,2620,521326,2827.4399901200004,0.013027751818299294,3.060770034790039,518325,0.00073,-776.4344482421875,4.486021995544434
74759,7,200.0,2630,523326,2833.0169049300002,0.013497283682227135,2.9736783504486084,520325,0.00073,-766.5467529296875,3.1404917240142822
75042,7,200.0,2640,525326,2844.0854107099995,0.012821262702345848,4.844401836395264,522325,0.00073,-774.0925903320312,4.111321926116943
75324,7,200.0,2650,527326,2852.0367993999994,0.012673159129917622,3.832149028778076,524325,0.00073,-776.424560546875,0.1302546262741089
75607,7,200.0,2660,529326,2836.997698919999,0.012008453719317913,2.072864294052124,526325,0.00073,-783.2619018554688,-3.68369197845459
75890,7,200.0,2670,531326,2845.56734115,0.012608356773853302,3.1156773567199707,528325,0.00073,-786.2227172851562,-4.325446605682373
76169,7,200.0,2680,533326,2789.1316104400003,0.012586647644639015,3.607236385345459,530325,0.00073,-788.4429931640625,-7.1057024002075195
76449,7,200.0,2690,535326,2780.35792692,0.012093251571059227,4.244022369384766,532325,0.00073,-782.5933227539062,11.659524917602539
76732,7,200.0,2700,537326,2733.4620797400003,0.012566371820867062,4.2293806076049805,534325,0.00073,-781.93896484375,15.694778442382812
77012,7,200.0,2710,539326,2780.55216193,0.012722615152597427,2.8067758083343506,536325,0.00073,-775.5262451171875,7.13494348526001
77298,7,200.0,2720,541326,2785.0688460000006,0.012884191237390041,3.576449155807495,538325,0.00073,-781.029052734375,10.157543182373047
77582,7,200.0,2730,543326,2781.36243247,0.013371145352721214,4.485241413116455,540325,0.00073,-778.2272338867188,-7.135286808013916
77866,7,200.0,2740,545326,2764.0785018200004,0.012132666073739529,3.485036849975586,542325,0.00073,-787.050537109375,-3.290130138397217
78148,7,200.0,2750,547326,2726.12100007,0.012872327119112015,3.478374481201172,544325,0.00073,-791.9974365234375,-13.000606536865234
78432,7,200.0,2760,549326,2723.35899809,0.01251907553523779,3.1894798278808594,546325,0.00073,-786.4282836914062,-0.28586268424987793
78719,7,200.0,2770,551326,2724.27395438,0.012362013570964336,4.048241138458252,548325,0.00073,-780.4452514648438,14.472485542297363
79010,7,200.0,2780,553326,2783.8088848099997,0.011775251477956772,4.319921493530273,550325,0.00073,-795.2725830078125,-11.904276847839355
79299,7,200.0,2790,555326,2787.900325360001,0.011833926662802696,2.49764347076416,552325,0.00073,-792.3547973632812,6.484555244445801
79582,7,200.0,2800,557326,2840.6198143200004,0.012693190015852451,2.9837756156921387,554325,0.00073,-791.1265258789062,0.0902092456817627
79868,7,200.0,2810,559326,2834.9829019500003,0.011870740912854671,4.6914873123168945,556325,0.00073,-800.0848388671875,-0.9906958341598511
80151,7,200.0,2820,561326,2811.2185264400005,0.012178223580121994,4.102916717529297,558325,0.00073,-783.9795532226562,4.437960147857666
80434,7,200.0,2830,563326,2760.351712589999,0.011890212073922157,3.403639793395996,560325,0.00073,-779.4012451171875,10.984663009643555
80717,7,200.0,2840,565326,2741.1174114799987,0.011860845610499382,3.456824541091919,562325,0.00073,-798.75634765625,-9.354530334472656
80998,7,200.0,2850,567326,2780.7086223799993,0.011236992664635181,3.7581787109375,564325,0.00073,-792.623291015625,-8.82266616821289
81281,7,200.0,2860,569326,2798.843035290001,0.012129721231758595,3.577186107635498,566325,0.00073,-779.123779296875,8.050567626953125
81564,7,200.0,2870,571326,2793.4694429899996,0.011826344765722752,3.4880542755126953,568325,0.00073,-792.4999389648438,-11.477730751037598
81848,7,200.0,2880,573326,2788.08546517,0.011461683548986912,2.5205307006835938,570325,0.00073,-794.9428100585938,-8.3583402633667
82136,7,200.0,2890,575326,2807.841111970001,0.011473593302071095,3.276182174682617,572325,0.00073,-796.225341796875,4.980250358581543
82421,7,200.0,2900,577326,2814.563592179999,0.011501742526888847,2.5902767181396484,574325,0.00073,-801.0060424804688,-8.76153564453125
82705,7,200.0,2910,579326,2787.1659986699997,0.011434580199420452,2.73370623588562,576325,0.00073,-796.0093994140625,1.0376029014587402
82989,7,200.0,2920,581326,2808.9206378900003,0.011320547200739384,4.110108852386475,578325,0.00073,-788.8629760742188,-5.165497779846191
83272,7,200.0,2930,583326,2842.83982366,0.010654150508344173,2.3723602294921875,580325,0.00073,-800.0440673828125,9.778709411621094
83554,7,200.0,2940,585326,2835.3277962100005,0.011537623591721058,2.3147239685058594,582325,0.00073,-804.5235595703125,-11.010567665100098
83835,7,200.0,2950,587326,2835.5508768600002,0.011134409345686436,3.26359224319458,584325,0.00073,-795.8120727539062,-11.306927680969238
84115,7,200.0,2960,589326,2834.9892423200004,0.01110144518315792,2.59958553314209,586325,0.00073,-796.831787109375,4.175209999084473
84399,7,200.0,2970,591326,2803.98568394,0.012088039889931679,3.287693500518799,588325,0.00073,-803.865966796875,9.305404663085938
84683,7,200.0,2980,593326,2682.9705537199998,0.011233248747885227,3.643416404724121,590325,0.00073,-801.1073608398438,2.9767894744873047
84964,7,200.0,2990,595326,2625.38785642,0.01172731351107359,3.1096982955932617,592325,0.00073,-797.5909423828125,4.3135199546813965
85246,7,200.0,3000,597326,2622.94238216,0.011539911851286888,3.1460886001586914,594325,0.00073,-807.0601806640625,-5.791378021240234
85526,7,200.0,3010,599326,2653.0282831199997,0.010727092623710632,3.676787853240967,596325,0.00073,-797.048095703125,-4.918126583099365
85806,7,200.0,3020,601326,2642.5131828,0.0104628074914217,3.7024524211883545,598325,0.00073,-805.6448364257812,-8.40423583984375
86086,7,200.0,3030,603326,2653.88890712,0.010771050117909908,2.7234790325164795,600325,0.00073,-795.9022216796875,-0.3786814212799072
86366,7,200.0,3040,605326,2663.86450542,0.011397856287658215,2.5989203453063965,602325,0.00073,-800.2896728515625,-0.8953757882118225
86650,7,200.0,3050,607326,2662.52989452,0.01125083677470684,2.238295316696167,604325,0.00073,-798.8176879882812,12.191333770751953
86933,7,200.0,3060,609326,2663.33293655,0.010827766731381416,4.90036678314209,606325,0.00073,-797.3968505859375,14.89419174194336
87220,7,200.0,3070,611326,2701.877255589999,0.011226961389183998,3.0902187824249268,608325,0.00073,-804.4120483398438,0.797747015953064
87502,7,200.0,3080,613326,2821.2287423800003,0.010494881309568882,2.0275354385375977,610325,0.00073,-802.4547119140625,-18.340116500854492
87786,7,200.0,3090,615326,2880.6357770000004,0.010852096602320671,2.258685350418091,612325,0.00073,-800.82958984375,8.30456256866455
88070,7,200.0,3100,617326,2873.794446640001,0.01057352777570486,3.308919668197632,614325,0.00073,-793.8359985351562,4.597326755523682
88352,7,200.0,3110,619326,2863.9898869099998,0.010751099325716496,3.710524559020996,616325,0.00073,-796.3588256835938,8.20077133178711
88637,7,200.0,3120,621326,2869.4767939000008,0.010409556329250336,3.156221866607666,618325,0.00073,-799.4840087890625,10.551393508911133
88918,7,200.0,3130,623326,2868.85649739,0.010000895708799362,2.716374158859253,620325,0.00073,-800.953369140625,11.24669361114502
89199,7,200.0,3140,625326,2847.69472201,0.01096181757748127,2.8119382858276367,622325,0.00073,-816.4019165039062,-27.27237319946289
89481,7,200.0,3150,627326,2833.79130191,0.010636328719556332,2.8582587242126465,624325,0.00073,-802.3497314453125,5.917598247528076
89763,7,200.0,3160,629326,2831.49383039,0.01080386247485876,2.3052120208740234,626325,0.00073,-806.74267578125,-12.526721954345703
90049,7,200.0,3170,631326,2822.0310486400003,0.010846969671547413,3.471039295196533,628325,0.00073,-801.6246948242188,-8.601205825805664
90334,7,200.0,3180,633326,2816.7760872999997,0.010703548789024353,2.7941813468933105,630325,0.00073,-800.7826538085938,-0.9704631567001343
90619,7,200.0,3190,635326,2814.2040618900005,0.010189955122768879,2.641176700592041,632325,0.00073,-805.9197387695312,7.581677436828613
90903,7,200.0,3200,637326,2819.58282069,0.010036228224635124,3.3420581817626953,634325,0.00073,-807.077880859375,3.21471905708313
91185,7,200.0,3210,639326,2835.2331630999997,0.010110762901604176,1.7454686164855957,636325,0.00073,-806.2499389648438,-1.3495829105377197
91466,7,200.0,3220,641326,2835.53527213,0.010171566158533096,2.0710437297821045,638325,0.00073,-807.7465209960938,-21.19085121154785
91752,7,200.0,3230,643326,2850.0181458300003,0.00968857016414404,1.6175953149795532,640325,0.00073,-806.7877807617188,-6.866401195526123
92039,7,200.0,3240,645326,2903.6570961600005,0.009858093224465847,2.8291471004486084,642325,0.00073,-802.1322021484375,-1.604341983795166
92321,7,200.0,3250,647326,2902.0929119099997,0.009594283066689968,1.9065332412719727,644325,0.00073,-804.5426025390625,3.697845458984375
92606,7,200.0,3260,649326,2905.7633030100005,0.010036089457571507,2.2959840297698975,646325,0.00073,-806.4537353515625,0.8055925369262695
92891,7,200.0,3270,651326,2908.62475755,0.009885324165225029,2.471879482269287,648325,0.00073,-803.4276123046875,10.220319747924805
93177,7,200.0,3280,653326,2903.26855128,0.009786172769963741,3.1447136402130127,650325,0.00073,-802.0697021484375,9.040864944458008
93461,7,200.0,3290,655326,2901.8616517499995,0.009844682179391384,2.6763319969177246,652325,0.00073,-806.7216796875,4.633790493011475
93748,7,200.0,3300,657326,2905.32515982,0.009462849237024784,2.5498688220977783,654325,0.00073,-805.6514892578125,-4.1270880699157715
94035,7,200.0,3310,659326,2888.99547747,0.009594461880624294,1.9377720355987549,656325,0.00073,-812.5911865234375,3.9328432083129883
94320,7,200.0,3320,661326,2898.7311369500003,0.00930781103670597,2.9374186992645264,658325,0.00073,-801.4825439453125,-1.441244125366211
94607,7,200.0,3330,663326,2886.9404533300003,0.009414534084498882,3.4909605979919434,660325,0.00073,-808.3258666992188,8.728867530822754
94892,7,200.0,3340,665326,2857.4688867100003,0.00907959695905447,2.1065011024475098,662325,0.00073,-807.030517578125,-0.9745521545410156
95178,7,200.0,3350,667326,2850.65091879,0.009677807800471783,2.211197853088379,664325,0.00073,-801.3944091796875,21.931838989257812
95462,7,200.0,3360,669326,2837.55446509,0.009618024341762066,3.083874464035034,666325,0.00073,-808.6264038085938,-8.100854873657227
95748,7,200.0,3370,671326,2843.83478304,0.008903637528419495,3.760568618774414,668325,0.00073,-811.4580688476562,2.0545578002929688
96034,7,200.0,3380,673326,2862.7718807400006,0.009631420485675335,2.764545440673828,670325,0.00073,-812.124267578125,0.23129940032958984
96318,7,200.0,3390,675326,2858.8521230899996,0.00964986439794302,5.682137966156006,672325,0.00073,-803.8763427734375,8.619460105895996
96607,7,200.0,3400,677326,2836.05555105,0.009461414068937302,2.8071017265319824,674325,0.00073,-805.9577026367188,-9.625349044799805
96895,7,200.0,3410,679326,2842.2146988599998,0.009318127296864986,1.8558160066604614,676325,0.00073,-811.9475708007812,2.954298973083496
97185,7,200.0,3420,681326,2840.2593715900002,0.009134386666119099,3.097640037536621,678325,0.00073,-812.885498046875,11.48117733001709
97469,7,200.0,3430,683326,2844.75826982,0.00939499493688345,2.546750545501709,680325,0.00073,-815.3174438476562,-10.18733024597168
97756,7,200.0,3440,685326,2878.4510602799996,0.00923182349652052,1.7447848320007324,682325,0.00073,-813.1438598632812,-21.96784210205078
98045,7,200.0,3450,687326,2898.97734291,0.008938886225223541,2.5908501148223877,684325,0.00073,-808.9935913085938,-4.53757381439209
98332,7,200.0,3460,689326,2900.14938521,0.009092148393392563,2.8359456062316895,686325,0.00073,-806.421875,9.884845733642578
98615,7,200.0,3470,691326,2897.4379314099997,0.009108299389481544,2.6910605430603027,688325,0.00073,-813.1636962890625,-1.9017677307128906
98898,7,200.0,3480,693326,2896.2264390100004,0.008954662829637527,3.5711400508880615,690325,0.00073,-813.8890991210938,-0.4656195640563965
99184,7,200.0,3490,695326,2907.18032869,0.009236807934939861,2.4553489685058594,692325,0.00073,-810.2379150390625,10.02440071105957
99469,7,200.0,3500,697326,2923.3237706200002,0.008886412717401981,2.6603498458862305,694325,0.00073,-815.622802734375,6.147210121154785
99756,7,200.0,3510,699326,2914.9023329900006,0.00924964714795351,1.708517074584961,696325,0.00073,-813.9818725585938,-1.0411182641983032
100039,7,200.0,3520,701326,2911.4211289199993,0.009084689430892467,2.613311290740967,698325,0.00073,-808.5320434570312,-0.06952917575836182
100324,7,200.0,3530,703326,2917.440882329999,0.008746106177568436,2.406069755554199,700325,0.00073,-808.2310180664062,-9.24561882019043
100612,7,200.0,3540,705326,2915.4702904500004,0.008499707095324993,2.3494598865509033,702325,0.00073,-805.876708984375,0.5806500911712646
100901,7,200.0,3550,707326,2919.0040546399996,0.008714313618838787,2.077230215072632,704325,0.00073,-817.756591796875,2.6560707092285156
101186,7,200.0,3560,709326,2923.13403595,0.009747401811182499,2.2391562461853027,706325,0.00073,-808.53271484375,-1.572901964187622
101472,7,200.0,3570,711326,2795.00392062,0.009233536198735237,3.136617660522461,708325,0.00073,-805.1387329101562,26.20330047607422
101760,7,200.0,3580,713326,2795.2271092300007,0.00921319518238306,1.8415907621383667,710325,0.00073,-817.54443359375,-9.762009620666504
102046,7,200.0,3590,715326,2786.2860473700002,0.00909346155822277,2.0633959770202637,712325,0.00073,-819.0059814453125,4.760470390319824
102331,7,200.0,3600,717326,2755.79965354,0.009020971134305,3.0855021476745605,714325,0.00073,-815.7901000976562,-1.832421064376831
102617,7,200.0,3610,719326,2774.90174808,0.009068658575415611,4.585746765136719,716325,0.00073,-820.7289428710938,5.449759483337402
102901,7,200.0,3620,721326,2787.2196663699997,0.008964202366769314,3.1502318382263184,718325,0.00073,-829.0818481445312,-24.312795639038086
103187,7,200.0,3630,723326,2751.5170551200004,0.009383175522089005,2.168355941772461,720325,0.00073,-814.3719482421875,-15.029433250427246
103472,7,200.0,3640,725326,2749.3234371400004,0.008930948562920094,2.978529453277588,722325,0.00073,-812.5912475585938,2.599297046661377
103759,7,200.0,3650,727326,2717.1833701799997,0.009108208119869232,4.239638805389404,724325,0.00073,-815.9832763671875,0.5911478996276855
104047,7,200.0,3660,729326,2708.33072242,0.008657819591462612,2.409202814102173,726325,0.00073,-817.462890625,3.418766498565674
104334,7,200.0,3670,731326,2820.9564818300005,0.009385407902300358,3.3407206535339355,728325,0.00073,-813.080810546875,6.471527576446533
104624,7,200.0,3680,733326,2815.85501706,0.00879073515534401,2.006368637084961,730325,0.00073,-817.1702880859375,0.5541983842849731
104918,7,200.0,3690,735326,2822.6570239200005,0.009059837087988853,2.811202049255371,732325,0.00073,-811.518310546875,13.078128814697266
105213,7,200.0,3700,737326,2811.91450375,0.0093333525583148,2.9179584980010986,734325,0.00073,-809.411376953125,-3.9370615482330322
105506,7,200.0,3710,739326,2816.72424121,0.00897816102951765,1.7915258407592773,736325,0.00073,-815.6240844726562,2.5828168392181396
105800,7,200.0,3720,741326,2799.31478074,0.008544985204935074,4.502049446105957,738325,0.00073,-807.4632568359375,-2.47377872467041
106097,7,200.0,3730,743326,2822.95927838,0.009596474468708038,2.181279182434082,740325,0.00073,-813.219970703125,-1.0757176876068115
106393,7,200.0,3740,745326,2826.41392765,0.008747482672333717,1.635227918624878,742325,0.00073,-817.8055419921875,8.577143669128418
106689,7,200.0,3750,747326,2854.5226062,0.00938698835670948,2.779038429260254,744325,0.00073,-809.9415893554688,25.17587661743164
106986,7,200.0,3760,749326,2880.1050579800003,0.009190348908305168,3.624147891998291,746325,0.00073,-821.458984375,-0.3200356960296631
107285,7,200.0,3770,751326,2903.6707538899996,0.00994388572871685,1.8932533264160156,748325,0.00073,-824.1510620117188,3.776238441467285
107583,7,200.0,3780,753326,2869.7451776200005,0.00988074392080307,2.656963348388672,750325,0.00073,-820.9356689453125,11.223581314086914
107879,7,200.0,3790,755326,2869.01018995,0.009318304248154163,2.5567679405212402,752325,0.00073,-816.9053955078125,8.393693923950195
108175,7,200.0,3800,757326,2916.04421283,0.009404285810887814,4.926031589508057,754325,0.00073,-811.6231689453125,7.506124019622803
108470,7,200.0,3810,759326,2904.0851697300004,0.009753408841788769,2.1365535259246826,756325,0.00073,-812.7044067382812,5.618512153625488
108766,6,200.0,3820,761326,2918.6387042000006,0.008886633440852165,2.614560604095459,758325,0.00073,-813.6053466796875,-8.041704177856445
109063,6,200.0,3830,763326,2869.4560540399993,0.009319055825471878,1.7914787530899048,760325,0.00073,-825.2383422851562,1.8615320920944214
109358,6,200.0,3840,765326,2835.3649059599998,0.009932422079145908,2.170464038848877,762325,0.00073,-817.183837890625,8.346845626831055
109655,6,200.0,3850,767326,2832.7005427900003,0.00982158537954092,2.969229221343994,764325,0.00073,-812.666259765625,13.636085510253906
109951,6,200.0,3860,769326,2823.2200648499997,0.009786042384803295,2.2882513999938965,766325,0.00073,-816.2847900390625,-18.088687896728516
110246,6,200.0,3870,771326,2824.5108290500007,0.008928309194743633,2.6004843711853027,768325,0.00073,-815.09716796875,14.515239715576172
110542,6,200.0,3880,773326,2880.492217260001,0.00934053398668766,2.2835941314697266,770325,0.00073,-810.146728515625,11.756824493408203
110840,6,200.0,3890,775326,2891.7329627199997,0.010322216898202896,2.5718369483947754,772325,0.00073,-821.3687744140625,-1.0575202703475952
111135,6,200.0,3900,777326,2869.68904558,0.009339701384305954,2.681962728500366,774325,0.00073,-821.2330932617188,-5.094120025634766
111428,6,200.0,3910,779326,2867.31003922,0.009853074327111244,2.7178845405578613,776325,0.00073,-807.5439453125,11.788809776306152
111724,6,200.0,3920,781326,2856.5559762699995,0.009872384369373322,2.483832359313965,778325,0.00073,-820.218994140625,-12.612702369689941
112024,6,200.0,3930,783326,2909.336676569999,0.010367360897362232,2.3182098865509033,780325,0.00073,-822.8048095703125,-9.630865097045898
112321,6,200.0,3940,785326,2940.1849565700004,0.009753688238561153,2.205042839050293,782325,0.00073,-827.6519165039062,-8.192948341369629
112621,6,200.0,3950,787326,2916.602006700001,0.010190829634666443,3.449314594268799,784325,0.00073,-817.862548828125,18.489084243774414
112916,6,200.0,3960,789326,2932.30258242,0.009746983647346497,2.3837649822235107,786325,0.00073,-825.6685791015625,-13.832725524902344
113210,6,200.0,3970,791326,2865.11770309,0.010212661698460579,2.4859349727630615,788325,0.00073,-833.378173828125,-18.00225067138672
113507,6,200.0,3980,793326,2865.0175211600003,0.010399811901152134,2.7002620697021484,790325,0.00073,-825.5986938476562,-21.741107940673828
113805,6,200.0,3990,795326,2869.0781082999997,0.009685512632131577,2.6042559146881104,792325,0.00073,-830.251220703125,-0.32758212089538574
114103,6,200.0,4000,797326,2907.5445910800004,0.009289432317018509,2.0902342796325684,794325,0.00073,-830.6512451171875,-16.482872009277344
114400,6,200.0,4010,799326,2844.8573162,0.010437658056616783,3.860428810119629,796325,0.00073,-814.4692993164062,15.044309616088867
114697,6,200.0,4020,801326,2795.46229916,0.009994402527809143,7.658940315246582,798325,0.00073,-820.1154174804688,-4.44120979309082
114996,6,200.0,4030,803326,2790.3192116699997,0.01038789190351963,3.3377187252044678,800325,0.00073,-821.438232421875,7.90803861618042
115293,6,200.0,4040,805326,2765.0275077999995,0.01043404545634985,3.186293125152588,802325,0.00073,-818.6838989257812,-2.189744472503662
115591,6,200.0,4050,807326,2793.3578439100006,0.010456767864525318,3.0610547065734863,804325,0.00073,-820.9578247070312,11.872771263122559
115887,6,200.0,4060,809326,2781.48534293,0.010112590156495571,3.614974021911621,806325,0.00073,-821.8140869140625,19.162492752075195
116185,6,200.0,4070,811326,2848.1525765799997,0.010127351619303226,2.980762481689453,808325,0.00073,-819.1658935546875,3.4427151679992676
116480,6,200.0,4080,813326,2840.5741653200007,0.009751088917255402,2.6916017532348633,810325,0.00073,-815.3544921875,26.503854751586914
116779,6,200.0,4090,815326,2817.65412034,0.009954108856618404,3.1981077194213867,812325,0.00073,-823.3307495117188,-6.207137584686279
117073,6,200.0,4100,817326,2810.0030328,0.01084051188081503,2.0592339038848877,814325,0.00073,-824.9522094726562,-1.9377753734588623
117372,6,200.0,4110,819326,2881.57799962,0.010126819834113121,3.1908836364746094,816325,0.00073,-818.1923828125,19.815349578857422
117654,6,199.08,4120,821234,2895.63195882,0.010633311234414577,3.965203046798706,818233,0.00073,-809.314453125,23.93985366821289
117951,6,199.08,4130,823234,2927.58316844,0.010679760947823524,2.856442451477051,820233,0.00073,-829.304443359375,-10.703676223754883
118246,6,199.08,4140,825234,2962.5418523999997,0.011459278874099255,3.3411710262298584,822233,0.00073,-825.9071655273438,-6.784661293029785
118542,6,199.08,4150,827234,2969.0702709600005,0.01094911340624094,3.083674430847168,824233,0.00073,-816.5616455078125,7.953892707824707
118836,6,199.08,4160,829234,2980.8984583699994,0.011777772568166256,2.5425045490264893,826233,0.00073,-822.0720825195312,2.812469482421875
119130,6,199.08,4170,831234,2973.4318716000002,0.010709450580179691,2.789536952972412,828233,0.00073,-829.0452270507812,-8.35270881652832
119424,6,199.08,4180,833234,2963.4522780999996,0.011200434528291225,2.8976967334747314,830233,0.00073,-822.8652954101562,6.16550874710083
119714,6,199.08,4190,835234,2984.9789646300005,0.010725568979978561,2.58225154876709,832233,0.00073,-828.0449829101562,-1.7791565656661987
120002,6,199.08,4200,837234,2996.3528716600003,0.010811541229486465,2.8056552410125732,834233,0.00073,-829.1812744140625,-2.135684013366699
120285,6,199.08,4210,839234,3014.6241151100003,0.011605652049183846,3.8519530296325684,836233,0.00073,-833.5933837890625,-9.85300064086914
120574,6,200.0,4220,841234,3066.94957665,0.011063513346016407,2.0947988033294678,838233,0.00073,-837.5684814453125,-5.5223846435546875
120858,6,200.0,4230,843234,3047.23636704,0.011345184408128262,2.5177526473999023,840233,0.00073,-830.984130859375,6.695309638977051
121139,6,200.0,4240,845234,3061.8092024300004,0.01146286353468895,3.4077646732330322,842233,0.00073,-834.4517822265625,4.579497337341309
121420,6,200.0,4250,847234,3070.9909202599997,0.011315792798995972,2.6990747451782227,844233,0.00073,-835.8196411132812,6.926084995269775
121700,6,200.0,4260,849234,3067.23219977,0.011131585575640202,2.7211761474609375,846233,0.00073,-842.7652587890625,6.115566253662109
121980,6,200.0,4270,851234,3096.7784383999992,0.011463071219623089,3.329409599304199,848233,0.00073,-827.6491088867188,4.2544846534729
122259,6,200.0,4280,853234,3086.757561369999,0.01134321466088295,2.596325635910034,850233,0.00073,-835.9071044921875,-6.371161937713623
122545,6,200.0,4290,855234,3071.91036794,0.012546404264867306,5.051281929016113,852233,0.00073,-832.1304931640625,-6.67059326171875
122829,6,200.0,4300,857234,3080.4964083000004,0.011153018102049828,2.4028306007385254,854233,0.00073,-837.736083984375,-10.056807518005371
123112,6,200.0,4310,859234,3088.861811600001,0.011150013655424118,2.9134645462036133,856233,0.00073,-827.47998046875,-0.1553119421005249
123395,6,200.0,4320,861234,3100.560660880001,0.011647414416074753,2.060143232345581,858233,0.00073,-843.81884765625,-9.793584823608398
123675,6,200.0,4330,863234,3094.65616113,0.013520324602723122,3.633463144302368,860233,0.00073,-846.6063232421875,-3.4266812801361084
123956,6,200.0,4340,865234,3019.6262720299997,0.011863311752676964,2.702686071395874,862233,0.00073,-860.2024536132812,-9.737662315368652
124237,6,200.0,4350,867234,3007.8891003800004,0.012049567885696888,3.5134220123291016,864233,0.00073,-852.2930908203125,-5.799224853515625
124520,6,200.0,4360,869234,3026.90244809,0.011186887510120869,2.6098451614379883,866233,0.00073,-837.7529296875,12.590560913085938
124799,6,200.0,4370,871234,3026.1391593399994,0.011799690313637257,3.322648048400879,868233,0.00073,-851.819580078125,5.494319915771484
125080,6,200.0,4380,873234,3062.45231791,0.014899024739861488,2.4559035301208496,870233,0.00073,-836.9338989257812,-10.831842422485352
125362,6,200.0,4390,875234,3066.89714669,0.011882452294230461,2.9327073097229004,872233,0.00073,-837.47412109375,-9.9964017868042
125643,6,200.0,4400,877234,3032.8925356600002,0.012357174418866634,2.869680881500244,874233,0.00073,-848.2574462890625,-10.903627395629883
125925,6,200.0,4410,879234,3033.1347389099997,0.013920852914452553,3.263298511505127,876233,0.00073,-854.8603515625,-19.929655075073242
126206,6,200.0,4420,881234,3039.49729831,0.013012292794883251,3.3028564453125,878233,0.00073,-846.12646484375,-9.044610023498535
126487,6,200.0,4430,883234,3080.39283431,0.013112730346620083,3.334897994995117,880233,0.00073,-846.6761474609375,3.554312229156494
126767,6,200.0,4440,885234,3143.73538878,0.01280601229518652,2.439350128173828,882233,0.00073,-842.6087036132812,-1.211721658706665
127047,6,200.0,4450,887234,3129.0567845200003,0.01262948289513588,2.4646530151367188,884233,0.00073,-853.198974609375,-8.51368236541748
127327,6,200.0,4460,889234,3099.9392195199994,0.012700957246124744,2.2247462272644043,886233,0.00073,-852.1150512695312,-0.805619478225708
127611,6,200.0,4470,891234,3095.9381837999995,0.01230231486260891,3.868396282196045,888233,0.00073,-847.1613159179688,-7.292426586151123
127891,6,200.0,4480,893234,3098.1146050000007,0.012940133921802044,4.27241325378418,890233,0.00073,-842.4962158203125,4.520477294921875
128171,6,200.0,4490,895234,3110.2409642599996,0.012584565207362175,2.4779601097106934,892233,0.00073,-850.0779418945312,-2.2421889305114746
128452,6,200.0,4500,897234,3046.1865490199993,0.012734383344650269,5.69356632232666,894233,0.00073,-839.4077758789062,28.548450469970703
128732,6,200.0,4510,899234,3049.2508494200006,0.013159212656319141,3.237726926803589,896233,0.00073,-843.336669921875,6.194478988647461
129014,6,200.0,4520,901234,3000.86528345,0.01283970195800066,3.0932793617248535,898233,0.00073,-855.1548461914062,-4.744715690612793
129296,6,200.0,4530,903234,2985.0686144399992,0.014476839452981949,4.381389141082764,900233,0.00073,-844.3749389648438,3.1047921180725098
129578,6,200.0,4540,905234,2992.4458339100006,0.01269664615392685,2.875948905944824,902233,0.00073,-851.4725341796875,3.3527166843414307
129859,6,200.0,4550,907234,3014.41102736,0.01298291515558958,2.8681352138519287,904233,0.00073,-853.6761474609375,-9.430500984191895
130139,6,200.0,4560,909234,3045.5538094300005,0.014566636644303799,3.289457321166992,906233,0.00073,-856.2109985351562,-14.520004272460938
130419,6,200.0,4570,911234,3055.1896302100004,0.01326834224164486,2.914653778076172,908233,0.00073,-845.3130493164062,-6.840264320373535
130700,6,200.0,4580,913234,3063.8991995600013,0.01313803344964981,2.9288673400878906,910233,0.00073,-861.3816528320312,-4.5330119132995605
130999,6,200.0,4590,915234,3083.0744848500008,0.012947170063853264,2.5877556800842285,912233,0.00073,-869.499267578125,-1.0949137210845947
131280,6,200.0,4600,917234,3185.258100280001,0.012834780849516392,2.312121868133545,914233,0.00073,-861.146728515625,-4.635832786560059
131560,6,200.0,4610,919234,3181.58456767,0.01263305451720953,2.632071018218994,916233,0.00073,-853.3414916992188,14.370314598083496
131843,6,200.0,4620,921234,3229.8183446900007,0.01284112874418497,2.963369369506836,918233,0.00073,-867.9202270507812,-3.0472583770751953
132121,6,200.0,4630,923234,3240.1345986599995,0.013323620893061161,2.9976701736450195,920233,0.00073,-861.418701171875,-5.207038879394531
132398,6,200.0,4640,925234,3202.66366809,0.01376524567604065,3.1936588287353516,922233,0.00073,-868.1239013671875,5.022817611694336
132680,6,200.0,4650,927234,3215.6578319100004,0.013135985471308231,3.047339677810669,924233,0.00073,-867.733154296875,-6.343519687652588
132961,6,200.0,4660,929234,3193.83731878,0.013250538147985935,2.838332176208496,926233,0.00073,-869.1641845703125,2.753500461578369
133240,6,200.0,4670,931234,3192.36934345,0.013311670161783695,2.50783634185791,928233,0.00073,-867.399658203125,10.925434112548828
133519,6,200.0,4680,933234,3193.97390948,0.013365707360208035,2.846796989440918,930233,0.00073,-865.5807495117188,2.718151092529297
133800,6,200.0,4690,935234,3169.65511197,0.013000006787478924,2.407809257507324,932233,0.00073,-854.5839233398438,12.031155586242676
134082,6,200.0,4700,937234,3158.3661702500003,0.013170977123081684,5.092288970947266,934233,0.00073,-866.2118530273438,9.197327613830566
134364,6,200.0,4710,939234,3165.3968008499996,0.013248048722743988,1.9603914022445679,936233,0.00073,-858.7704467773438,-4.370211601257324
134643,6,200.0,4720,941234,3172.4973845799996,0.012921100482344627,3.333563804626465,938233,0.00073,-875.0494384765625,5.674278259277344
134923,6,200.0,4730,943234,3175.4648318199993,0.013127750717103481,1.7291123867034912,940233,0.00073,-882.6318359375,-17.01138687133789
135202,6,200.0,4740,945234,3210.01740104,0.013140132650732994,4.0736212730407715,942233,0.00073,-874.8858642578125,-9.17452335357666
135486,6,200.0,4750,947234,3214.36348899,0.012767051346600056,2.9169039726257324,944233,0.00073,-873.8624267578125,7.137804985046387
135767,6,200.0,4760,949234,3204.8514554099993,0.013835749588906765,3.580845355987549,946233,0.00073,-868.9070434570312,-2.1912970542907715
136050,6,200.0,4770,951234,3212.0510096499993,0.01282154954969883,2.024627208709717,948233,0.00073,-877.7926025390625,2.3327858448028564
136329,6,200.0,4780,953234,3212.9643398000003,0.013301416300237179,3.3502066135406494,950233,0.00073,-876.1475219726562,13.80884838104248
136610,6,200.0,4790,955234,3239.4304752199996,0.012761835008859634,3.777559280395508,952233,0.00073,-881.906982421875,-2.383314371109009
136893,6,200.0,4800,957234,3241.3303823200004,0.01334396656602621,4.555959701538086,954233,0.00073,-874.7081909179688,-2.163325071334839
137176,6,200.0,4810,959234,3245.25782243,0.013515516184270382,2.7773735523223877,956233,0.00073,-876.1194458007812,12.50784969329834
137459,6,200.0,4820,961234,3250.0317096699996,0.013525205664336681,2.2805771827697754,958233,0.00073,-887.1852416992188,-11.91818618774414
137742,6,200.0,4830,963234,3258.3239093299994,0.013089902698993683,2.602724552154541,960233,0.00073,-878.8017578125,0.7931320667266846
138028,6,200.0,4840,965234,3282.070841150001,0.013850773684680462,2.6180291175842285,962233,0.00073,-878.2736206054688,-1.6695126295089722
138325,6,200.0,4850,967234,3294.857886890001,0.013364853337407112,1.9034008979797363,964233,0.00073,-886.491455078125,-9.74407958984375
138627,6,200.0,4860,969234,3323.2301725099996,0.012862215749919415,2.653266668319702,966233,0.00073,-890.73046875,2.1941943168640137
138929,6,200.0,4870,971234,3324.14841281,0.013840270228683949,2.547558546066284,968233,0.00073,-888.6788330078125,-1.9135360717773438
139233,6,200.0,4880,973234,3324.96465598,0.01348963938653469,2.7040750980377197,970233,0.00073,-875.7879638671875,-2.5564329624176025
139542,6,200.0,4890,975234,3330.4536793800003,0.013581975363194942,2.527045965194702,972233,0.00073,-887.46337890625,-4.253060340881348
139857,6,200.0,4900,977234,3348.0407628400008,0.016020290553569794,3.192173719406128,974233,0.00073,-876.4132690429688,-14.651641845703125
140169,6,200.0,4910,979234,3306.09218623,0.01342834997922182,2.6038689613342285,976233,0.00073,-891.7037963867188,5.535622596740723
140477,6,200.0,4920,981234,3248.60668245,0.013906329870223999,2.5707714557647705,978233,0.00073,-875.8627319335938,-0.5715286731719971
140790,6,200.0,4930,983234,3235.4351837699996,0.014260520227253437,3.9545581340789795,980233,0.00073,-898.6547241210938,-3.603227376937866
141103,6,200.0,4940,985234,3233.7903456700005,0.013966976664960384,3.8529038429260254,982233,0.00073,-891.9797973632812,-6.447915077209473
141419,6,200.0,4950,987234,3234.8416382100004,0.014302872121334076,4.137099266052246,984233,0.00073,-892.9564819335938,-6.738643646240234
141711,6,200.0,4960,989234,3247.0636604500005,0.013858318328857422,4.858844757080078,986233,0.00073,-905.1608276367188,-7.977696895599365
141998,6,200.0,4970,991234,3249.52714365,0.014242342673242092,2.594161033630371,988233,0.00073,-897.1868896484375,-6.531647682189941
142283,6,200.0,4980,993234,3215.62101809,0.014778293669223785,3.0395689010620117,990233,0.00073,-894.2265625,-7.686610221862793
142568,6,200.0,4990,995234,3198.555550870001,0.015450969338417053,5.1770429611206055,992233,0.00073,-895.5419921875,-9.89678955078125
142851,6,200.0,5000,997234,3185.5486251000007,0.014366193674504757,6.337886333465576,994233,0.00073,-905.8536987304688,-0.8041635751724243
143132,6,200.0,5010,999234,3220.08157457,0.013809727504849434,3.576383113861084,996233,0.00073,-902.2257690429688,-1.65144681930542
143413,6,200.0,5020,1001234,3264.51268735,0.014073514379560947,3.23185396194458,998233,0.00073,-898.9393310546875,0.8450244665145874
143696,6,200.0,5030,1003234,3254.1178341799996,0.014684286899864674,6.964822769165039,1000233,0.00073,-884.9944458007812,-6.989711761474609
143980,6,200.0,5040,1005234,3221.1871032500003,0.014371325261890888,3.2575278282165527,1002233,0.00073,-891.1558227539062,-0.6287486553192139
144265,6,200.0,5050,1007234,3223.5697985499996,0.014882920309901237,2.9526689052581787,1004233,0.00073,-901.1412963867188,-7.1056365966796875
144545,6,200.0,5060,1009234,3222.9979607699997,0.014267370104789734,3.166949987411499,1006233,0.00073,-902.1551513671875,4.683318138122559
144826,6,200.0,5070,1011234,3196.27108895,0.01431643683463335,4.4380903244018555,1008233,0.00073,-898.9627075195312,-10.236821174621582
145108,6,200.0,5080,1013234,3236.9663957700004,0.014792148023843765,3.0812649726867676,1010233,0.00073,-901.955322265625,-0.5613272190093994
145391,6,200.0,5090,1015234,3252.101307699999,0.01501179113984108,2.8681461811065674,1012233,0.00073,-898.8594970703125,1.9416701793670654
145673,6,200.0,5100,1017234,3254.97544345,0.015452097170054913,3.7141356468200684,1014233,0.00073,-902.837890625,2.2980356216430664
145953,6,200.0,5110,1019234,3271.88853245,0.015408722683787346,2.8267414569854736,1016233,0.00073,-895.9580078125,3.9860551357269287
146233,6,200.0,5120,1021234,3290.39423722,0.014597258530557156,2.505998373031616,1018233,0.00073,-901.4864501953125,11.422930717468262
146514,6,200.0,5130,1023234,3320.16340469,0.014719394035637379,2.728154420852661,1020233,0.00073,-920.318603515625,-10.076988220214844
146794,6,200.0,5140,1025234,3346.6124876899994,0.016462834551930428,2.918551206588745,1022233,0.00073,-907.0989379882812,10.513354301452637
147076,6,200.0,5150,1027234,3329.68608599,0.014695508405566216,4.175683975219727,1024233,0.00073,-917.2521362304688,-9.544711112976074
147358,6,200.0,5160,1029234,3327.1092157300004,0.014654508791863918,2.524806022644043,1026233,0.00073,-904.9041748046875,-3.7622029781341553
147639,6,200.0,5170,1031234,3329.0222462499996,0.015321871265769005,4.238334655761719,1028233,0.00073,-905.3405151367188,3.9924488067626953
147921,6,200.0,5180,1033234,3320.8566417,0.01627133972942829,3.329017400741577,1030233,0.00073,-913.9100341796875,7.979531288146973
148202,6,200.0,5190,1035234,3329.4937890899996,0.015852171927690506,3.413248062133789,1032233,0.00073,-907.7163696289062,9.233409881591797
148484,6,200.0,5200,1037234,3341.45338701,0.015212874859571457,2.8453903198242188,1034233,0.00073,-911.374267578125,7.215087413787842
148765,6,200.0,5210,1039234,3343.07935918,0.015463367104530334,6.273413181304932,1036233,0.00073,-911.03369140625,-3.9861292839050293
149044,6,200.0,5220,1041234,3341.91249182,0.01521703228354454,3.187872886657715,1038233,0.00073,-921.6903076171875,4.066537857055664
149324,6,200.0,5230,1043234,3348.3865942899997,0.015393594279885292,3.843432903289795,1040233,0.00073,-931.6058349609375,-3.308256149291992
149606,6,200.0,5240,1045234,3344.85807074,0.015924721956253052,3.2210357189178467,1042233,0.00073,-909.8736572265625,7.948212623596191
149887,6,200.0,5250,1047234,3342.965059650001,0.016205493360757828,2.813777446746826,1044233,0.00073,-921.988037109375,-4.902508735656738
150166,6,200.0,5260,1049234,3335.2667411600014,0.015576660633087158,4.167859077453613,1046233,0.00073,-929.483642578125,-5.696210861206055
150450,6,200.0,5270,1051234,3367.95954922,0.016051985323429108,3.80716609954834,1048233,0.00073,-892.5114135742188,12.41430950164795
150733,6,200.0,5280,1053234,3377.6530593500006,0.016098544001579285,3.628615379333496,1050233,0.00073,-928.6026000976562,-4.551782608032227
151014,6,200.0,5290,1055234,3366.6022282800004,0.016423137858510017,3.5330185890197754,1052233,0.00073,-908.157958984375,0.3811051845550537
151295,6,200.0,5300,1057234,3372.2374932099997,0.016841599717736244,2.855440378189087,1054233,0.00073,-918.9176635742188,1.1628481149673462
151576,6,200.0,5310,1059234,3367.2636072399996,0.01667335070669651,3.1994807720184326,1056233,0.00073,-938.2372436523438,-3.8846797943115234
151868,6,200.0,5320,1061234,3329.87188944,0.016472697257995605,3.168367862701416,1058233,0.00073,-922.0684814453125,-7.629793167114258
152152,6,200.0,5330,1063234,3330.3021781300004,0.017070863395929337,4.380756855010986,1060233,0.00073,-929.3189697265625,-7.254131317138672
152430,6,200.0,5340,1065234,3316.2450188599996,0.016438886523246765,3.077773332595825,1062233,0.00073,-942.601318359375,-4.716257095336914
152712,6,200.0,5350,1067234,3345.19374479,0.01594839245080948,2.8633270263671875,1064233,0.00073,-928.3211669921875,-7.063871383666992
152996,6,200.0,5360,1069234,3359.3066933200002,0.015967339277267456,3.2426693439483643,1066233,0.00073,-939.101318359375,-1.2737910747528076
153276,6,200.0,5370,1071234,3355.4150146499996,0.0160367451608181,3.603217601776123,1068233,0.00073,-940.90234375,-1.5298676490783691
153558,6,200.0,5380,1073234,3345.60123038,0.015910210087895393,3.1741671562194824,1070233,0.00073,-939.1370849609375,10.126287460327148
153841,6,200.0,5390,1075234,3359.7506301100007,0.015843693166971207,2.343297004699707,1072233,0.00073,-934.6411743164062,-8.519821166992188
154121,6,200.0,5400,1077234,3364.1496324300006,0.016257278621196747,2.7822909355163574,1074233,0.00073,-929.8674926757812,-5.5950398445129395
154405,6,200.0,5410,1079234,3365.6587015600003,0.01654786616563797,3.289523124694824,1076233,0.00073,-942.9122314453125,3.0111465454101562
154688,6,200.0,5420,1081234,3409.6611175700004,0.015187260694801807,2.3987746238708496,1078233,0.00073,-942.737060546875,-3.009310722351074
154971,6,200.0,5430,1083234,3408.4005482800007,0.016401976346969604,4.115074157714844,1080233,0.00073,-937.717529296875,7.78422212600708
155252,6,200.0,5440,1085234,3433.4641563599994,0.015725554898381233,3.413884162902832,1082233,0.00073,-951.8726806640625,0.9882724285125732
155534,6,200.0,5450,1087234,3416.56561407,0.01628306694328785,3.325568914413452,1084233,0.00073,-938.6305541992188,3.2205569744110107
155819,6,200.0,5460,1089234,3409.8453966899997,0.016413170844316483,2.845277786254883,1086233,0.00073,-938.4140625,8.62282943725586
156103,6,200.0,5470,1091234,3415.11662001,0.016638072207570076,2.8603744506835938,1088233,0.00073,-953.066162109375,-5.504304885864258
156390,6,200.0,5480,1093234,3430.92669098,0.015936229377985,3.292339324951172,1090233,0.00073,-943.6806640625,-6.113600254058838
156678,6,200.0,5490,1095234,3416.13733398,0.016215449199080467,3.6431212425231934,1092233,0.00073,-952.4407348632812,-0.36256304383277893
156965,6,200.0,5500,1097234,3348.8523167000003,0.015388757921755314,4.061971664428711,1094233,0.00073,-954.7357788085938,-6.115205764770508
157259,6,200.0,5510,1099234,3357.5341136699994,0.015934018418192863,3.448976993560791,1096233,0.00073,-956.598388671875,-7.091203689575195
157552,6,200.0,5520,1101234,3355.5806913300003,0.015798255801200867,3.5077738761901855,1098233,0.00073,-954.7072143554688,-1.0994764566421509
157850,6,200.0,5530,1103234,3360.68372561,0.015628471970558167,3.1285862922668457,1100233,0.00073,-945.0822143554688,-0.11772596836090088
158158,6,200.0,5540,1105234,3379.1296064499998,0.01639692485332489,2.7071290016174316,1102233,0.00073,-955.2203369140625,-3.9304678440093994
158469,6,200.0,5550,1107234,3390.7005329499993,0.01591249369084835,2.426795482635498,1104233,0.00073,-957.0296630859375,-0.965945839881897
158780,6,200.0,5560,1109234,3372.2900771799996,0.016082540154457092,2.717886209487915,1106233,0.00073,-949.9402465820312,-0.6800852417945862
159095,6,200.0,5570,1111234,3339.4292381299992,0.016059013083577156,5.10178279876709,1108233,0.00073,-960.2523193359375,2.1995797157287598
159413,6,200.0,5580,1113234,3340.86006954,0.016192639246582985,2.9729576110839844,1110233,0.00073,-956.6296997070312,-3.965113401412964
159727,6,200.0,5590,1115234,3362.3720191499992,0.016415700316429138,3.1644554138183594,1112233,0.00073,-959.6856689453125,-0.9886696338653564
160007,6,200.0,5600,1117234,3433.6723585700006,0.016296271234750748,3.476902484893799,1114233,0.00073,-943.6668701171875,4.040476322174072
160289,6,200.0,5610,1119234,3436.8360788900004,0.015685824677348137,2.688537120819092,1116233,0.00073,-967.75732421875,1.0084898471832275
160569,6,200.0,5620,1121234,3444.7017636900005,0.015939118340611458,4.043396949768066,1118233,0.00073,-960.2080688476562,-3.321851968765259
160848,6,200.0,5630,1123234,3446.9851390800004,0.01565674878656864,2.9559617042541504,1120233,0.00073,-963.5678100585938,3.0151889324188232
161128,6,200.0,5640,1125234,3389.4552912799995,0.016417179256677628,4.823326110839844,1122233,0.00073,-977.516845703125,5.5763959884643555
161410,6,200.0,5650,1127234,3398.4752741400002,0.01631048321723938,3.5556976795196533,1124233,0.00073,-959.166015625,3.713994026184082
161691,6,200.0,5660,1129234,3435.9880645300004,0.01609615795314312,2.7217068672180176,1126233,0.00073,-969.0303955078125,-9.089831352233887
161969,6,200.0,5670,1131234,3478.7063000299995,0.0163426510989666,2.229282855987549,1128233,0.00073,-986.2172241210938,-9.820033073425293
162248,6,200.0,5680,1133234,3484.1420377900004,0.015435513108968735,2.6651926040649414,1130233,0.00073,-969.4698486328125,-4.419843673706055
162530,6,200.0,5690,1135234,3484.1121972,0.01600009761750698,3.929152011871338,1132233,0.00073,-970.8912963867188,6.004210472106934
162811,6,200.0,5700,1137234,3488.3802615299996,0.015240749344229698,2.8848133087158203,1134233,0.00073,-963.6622314453125,2.819791316986084
163092,6,200.0,5710,1139234,3489.43723023,0.01604910008609295,2.7981905937194824,1136233,0.00073,-992.5478515625,11.401782989501953
163372,6,200.0,5720,1141234,3483.71371857,0.015797201544046402,2.4370412826538086,1138233,0.00073,-981.2618408203125,-2.1308107376098633
163653,6,200.0,5730,1143234,3483.2982006499997,0.015937749296426773,1.7814784049987793,1140233,0.00073,-985.8952026367188,-1.0644721984863281
163932,6,200.0,5740,1145234,3497.3734814599993,0.015741940587759018,2.934642791748047,1142233,0.00073,-971.3925170898438,3.2138233184814453
164214,6,200.0,5750,1147234,3478.52204213,0.01573115773499012,3.069059133529663,1144233,0.00073,-986.3168334960938,0.232161283493042
164494,6,200.0,5760,1149234,3480.7255666300002,0.01582961715757847,5.151359558105469,1146233,0.00073,-990.5745849609375,-10.575044631958008
164779,6,200.0,5770,1151234,3478.654783550001,0.015912871807813644,2.638123035430908,1148233,0.00073,-973.3369140625,-1.3613598346710205
165059,6,200.0,5780,1153234,3470.17003749,0.01652894727885723,3.4476499557495117,1150233,0.00073,-997.5816040039062,4.047126293182373
165341,6,200.0,5790,1155234,3421.23448687,0.016800228506326675,2.2175912857055664,1152233,0.00073,-979.8231811523438,-4.686985015869141
165625,6,200.0,5800,1157234,3388.3812306,0.01644468680024147,3.266310930252075,1154233,0.00073,-966.1002197265625,-1.0831794738769531
165907,6,200.0,5810,1159234,3381.7409507600005,0.016342729330062866,3.278935432434082,1156233,0.00073,-997.260009765625,-6.791204452514648
166188,6,200.0,5820,1161234,3367.7922582500005,0.016664035618305206,3.419039726257324,1158233,0.00073,-974.306396484375,4.189546585083008
166468,6,200.0,5830,1163234,3373.5659342599997,0.016299372538924217,3.226536750793457,1160233,0.00073,-980.0814819335938,0.35846662521362305
166750,6,200.0,5840,1165234,3408.67553077,0.01645304076373577,2.490968704223633,1162233,0.00073,-988.9234008789062,-7.237346172332764
167034,6,200.0,5850,1167234,3432.15368246,0.01643988862633705,2.457737445831299,1164233,0.00073,-990.5806884765625,-7.38075065612793
167318,6,200.0,5860,1169234,3434.75215022,0.016493910923600197,2.271261215209961,1166233,0.00073,-998.0716552734375,-14.49521541595459
167602,6,200.0,5870,1171234,3427.4883091899997,0.016156328842043877,3.860769033432007,1168233,0.00073,-1005.638671875,7.211250305175781
167885,6,200.0,5880,1173234,3422.3281491800008,0.016183383762836456,2.8629727363586426,1170233,0.00073,-973.732421875,13.422989845275879
168168,6,200.0,5890,1175234,3474.3308527699996,0.016250381246209145,2.3819479942321777,1172233,0.00073,-988.3535766601562,0.32284486293792725
168451,6,200.0,5900,1177234,3507.5527254500003,0.01676744595170021,1.7389423847198486,1174233,0.00073,-989.6917724609375,-1.1913535594940186
168735,6,200.0,5910,1179234,3517.85379699,0.016171181574463844,2.462306499481201,1176233,0.00073,-994.7454223632812,-9.857549667358398
169019,6,200.0,5920,1181234,3519.9864959799993,0.01648128591477871,2.933962821960449,1178233,0.00073,-1001.4456787109375,-2.171431541442871
169303,6,200.0,5930,1183234,3489.48227007,0.016120614483952522,2.9474706649780273,1180233,0.00073,-990.9480590820312,2.368852376937866
169586,6,200.0,5940,1185234,3499.520088290001,0.016174281015992165,2.3552331924438477,1182233,0.00073,-985.61669921875,-3.7314672470092773
169870,6,200.0,5950,1187234,3501.3656117199994,0.0169691015034914,3.2221999168395996,1184233,0.00073,-993.71533203125,-2.511765956878662
170152,6,200.0,5960,1189234,3500.6901721500008,0.016818655654788017,3.0867481231689453,1186233,0.00073,-1003.2088012695312,4.929539680480957
170436,6,200.0,5970,1191234,3511.041467620001,0.01634807512164116,2.8940792083740234,1188233,0.00073,-990.3638916015625,-10.57176685333252
170720,6,200.0,5980,1193234,3526.549116,0.016633057966828346,2.558633327484131,1190233,0.00073,-995.0842895507812,-0.5517330765724182
171002,6,200.0,5990,1195234,3527.87511085,0.016142036765813828,3.5573835372924805,1192233,0.00073,-992.9501953125,10.925088882446289
171287,6,200.0,6000,1197234,3517.5696983999997,0.01592894457280636,2.2442240715026855,1194233,0.00073,-1020.8629150390625,0.7467746138572693
171568,6,200.0,6010,1199234,3430.9265783399997,0.01562999188899994,2.698396682739258,1196233,0.00073,-1011.944091796875,2.658109664916992
171857,6,200.0,6020,1201234,3332.6931246399995,0.016055500134825706,3.518367290496826,1198233,0.00073,-1002.352783203125,7.686999797821045
172144,6,200.0,6030,1203234,3320.0945268199994,0.017172452062368393,2.63189959526062,1200233,0.00073,-1026.8662109375,-7.180699348449707
172428,6,200.0,6040,1205234,3319.3166117399996,0.017441140487790108,3.2551004886627197,1202233,0.00073,-1005.7399291992188,10.355757713317871
172715,6,200.0,6050,1207234,3303.8070082799995,0.018880970776081085,3.647907018661499,1204233,0.00073,-1009.5768432617188,1.4798383712768555
173002,6,200.0,6060,1209234,3273.6865567200007,0.01772715523838997,3.7722725868225098,1206233,0.00073,-996.7525634765625,1.740614414215088
173288,6,200.0,6070,1211234,3235.682387749999,0.017655929550528526,3.6710104942321777,1208233,0.00073,-1006.861572265625,1.8194979429244995
173576,6,200.0,6080,1213234,3219.12806148,0.017524730414152145,2.5187015533447266,1210233,0.00073,-1021.2940673828125,-3.9128475189208984
173860,6,200.0,6090,1215234,3209.1255193800002,0.017787586897611618,3.453828811645508,1212233,0.00073,-1000.8980712890625,-8.386321067810059
174147,6,200.0,6100,1217234,3221.5930221500007,0.016954543069005013,2.744985580444336,1214233,0.00073,-1005.2501220703125,-0.6201891899108887
174435,6,200.0,6110,1219234,3308.5913814299997,0.017170364037156105,3.498164653778076,1216233,0.00073,-1005.69580078125,2.271756887435913
174721,6,200.0,6120,1221234,3421.95180679,0.016717471182346344,2.778174877166748,1218233,0.00073,-991.2814331054688,5.641657829284668
175006,6,200.0,6130,1223234,3444.1244137900003,0.016974562779068947,3.240434169769287,1220233,0.00073,-1000.6304321289062,8.200820922851562
175293,6,200.0,6140,1225234,3448.5760660899996,0.016409071162343025,1.903588891029358,1222233,0.00073,-1018.5873413085938,1.127610445022583
175580,6,200.0,6150,1227234,3466.2749512300006,0.017293574288487434,3.1652321815490723,1224233,0.00073,-1000.3880004882812,3.4517757892608643
175863,6,200.0,6160,1229234,3501.01826888,0.017304381355643272,2.7046117782592773,1226233,0.00073,-1019.1602783203125,2.0394742488861084
176153,6,200.0,6170,1231234,3530.9311576200002,0.017574479803442955,3.619643449783325,1228233,0.00073,-1008.25439453125,-2.703564167022705
176450,6,200.0,6180,1233234,3546.96852682,0.017620060592889786,2.8783583641052246,1230233,0.00073,-1007.528076171875,4.366066932678223
176737,6,200.0,6190,1235234,3548.93137916,0.017134491354227066,2.5273685455322266,1232233,0.00073,-994.4495849609375,-0.7885047197341919
177023,6,200.0,6200,1237234,3423.048533869999,0.01701989397406578,2.819223403930664,1234233,0.00073,-1028.115478515625,0.6672053337097168
177311,6,200.0,6210,1239234,3359.9482940599996,0.018598325550556183,4.142371654510498,1236233,0.00073,-995.3651733398438,5.058830738067627
177598,6,200.0,6220,1241234,3304.61468182,0.017647303640842438,2.756293535232544,1238233,0.00073,-997.164794921875,-1.4023438692092896
177885,6,200.0,6230,1243234,3276.8677571800004,0.017848361283540726,5.193913459777832,1240233,0.00073,-1030.565673828125,-0.38144904375076294
178170,6,200.0,6240,1245234,3253.5933148099994,0.017446113750338554,6.892850875854492,1242233,0.00073,-1010.7308959960938,-7.663715362548828
178456,6,200.0,6250,1247234,3177.3351815700003,0.017845824360847473,3.1786739826202393,1244233,0.00073,-999.140380859375,3.038212776184082
178757,6,200.0,6260,1249234,3129.647119909999,0.01891736127436161,3.441098690032959,1246233,0.00073,-998.7442016601562,-2.4825282096862793
179045,6,200.0,6270,1251234,3138.54424774,0.018071560189127922,3.653765916824341,1248233,0.00073,-1022.134521484375,2.676797389984131
179331,6,200.0,6280,1253234,3136.9470070100006,0.017312675714492798,3.108654499053955,1250233,0.00073,-1006.5272216796875,7.783833980560303
179620,6,200.0,6290,1255234,3143.9603565700004,0.01707824133336544,3.0389256477355957,1252233,0.00073,-1027.0526123046875,3.5233254432678223
179909,6,200.0,6300,1257234,3257.5370613699993,0.017438286915421486,2.9510626792907715,1254233,0.00073,-1021.9833374023438,3.156332015991211
180197,6,200.0,6310,1259234,3323.15116168,0.017580538988113403,3.4039831161499023,1256233,0.00073,-1027.859619140625,0.36411094665527344
180486,6,200.0,6320,1261234,3389.48746526,0.01751336082816124,2.921095371246338,1258233,0.00073,-1013.3561401367188,7.086231231689453
180776,6,200.0,6330,1263234,3444.3241843099995,0.018799349665641785,2.8030567169189453,1260233,0.00073,-1018.3218994140625,-4.200619697570801
181061,6,200.0,6340,1265234,3473.5805434,0.016615310683846474,5.118138313293457,1262233,0.00073,-1029.9112548828125,5.002042770385742
181348,6,200.0,6350,1267234,3551.9638153,0.017206648364663124,2.1065282821655273,1264233,0.00073,-1025.96142578125,3.8692374229431152
181635,6,200.0,6360,1269234,3576.17471774,0.017422163859009743,2.712538242340088,1266233,0.00073,-1005.9761962890625,-1.7218053340911865
181926,6,200.0,6370,1271234,3579.2822782700005,0.01748938485980034,3.6335625648498535,1268233,0.00073,-1014.4613647460938,3.630897283554077
182213,6,200.0,6380,1273234,3562.7108139099996,0.016754083335399628,3.538601875305176,1270233,0.00073,-1025.132080078125,-0.6568063497543335
182496,6,200.0,6390,1275234,3567.1934577999996,0.016869738698005676,2.9759867191314697,1272233,0.00073,-1031.891357421875,-0.6638160943984985
182780,6,200.0,6400,1277234,3581.0756124199993,0.016484335064888,3.073028326034546,1274233,0.00073,-1008.0703125,4.573462963104248
183063,6,200.0,6410,1279234,3579.34206676,0.016461193561553955,3.1550183296203613,1276233,0.00073,-1029.259033203125,-3.0399646759033203
183347,6,200.0,6420,1281234,3583.95426992,0.01628538966178894,2.372001886367798,1278233,0.00073,-1037.7362060546875,-7.34799861907959
183632,6,200.0,6430,1283234,3529.45382645,0.016926899552345276,2.980893135070801,1280233,0.00073,-1027.3837890625,2.8534936904907227
183916,6,200.0,6440,1285234,3530.4315002699996,0.01605738326907158,3.016329050064087,1282233,0.00073,-1030.542724609375,-3.120908260345459
184201,6,200.0,6450,1287234,3532.41039694,0.016722852364182472,2.9281063079833984,1284233,0.00073,-1037.9434814453125,-2.797197103500366
184485,6,200.0,6460,1289234,3559.45739964,0.016793139278888702,2.1745710372924805,1286233,0.00073,-1023.7808227539062,-7.2342376708984375
184769,6,200.0,6470,1291234,3562.0103791200004,0.017228346318006516,3.526914596557617,1288233,0.00073,-1043.00830078125,-2.5069961547851562
185062,6,200.0,6480,1293234,3587.54658849,0.016568440943956375,2.4769301414489746,1290233,0.00073,-1044.62890625,10.61750316619873
185346,6,200.0,6490,1295234,3590.3227567200006,0.017010515555739403,3.3102266788482666,1292233,0.00073,-1023.391845703125,1.202066421508789
185630,6,200.0,6500,1297234,3594.10327199,0.01635810360312462,3.7981438636779785,1294233,0.00073,-1037.461669921875,-0.5011723041534424
185915,6,200.0,6510,1299234,3597.80930712,0.016224095597863197,1.914003849029541,1296233,0.00073,-1020.1968383789062,-2.649015426635742
186203,6,200.0,6520,1301234,3568.3858360199993,0.01689375936985016,3.053922176361084,1298233,0.00073,-1051.79736328125,-11.291465759277344
186485,6,200.0,6530,1303234,3623.03170499,0.01630609668791294,2.422146797180176,1300233,0.00073,-1040.3043212890625,-6.600637435913086
186768,6,200.0,6540,1305234,3624.34600042,0.017176471650600433,1.896395206451416,1302233,0.00073,-1036.2415771484375,-9.95386028289795
187053,6,200.0,6550,1307234,3603.6988043400006,0.016442028805613518,2.172215700149536,1304233,0.00073,-1046.2611083984375,0.21434402465820312
187339,6,200.0,6560,1309234,3603.5645946700006,0.01586926355957985,2.49796199798584,1306233,0.00073,-1040.9022216796875,0.44114571809768677
187626,6,200.0,6570,1311234,3532.5073004000005,0.01642443798482418,4.666783332824707,1308233,0.00073,-1033.5982666015625,8.264981269836426
187911,6,200.0,6580,1313234,3487.2504163199997,0.016092082485556602,2.434441566467285,1310233,0.00073,-1040.0909423828125,3.786041259765625
188200,6,200.0,6590,1315234,3488.2611522199995,0.016883032396435738,1.870954990386963,1312233,0.00073,-1042.75634765625,-7.345101833343506
188487,6,200.0,6600,1317234,3489.6776120700006,0.01642996072769165,2.271850109100342,1314233,0.00073,-1030.5745849609375,8.340539932250977
188775,6,200.0,6610,1319234,3476.00951122,0.016208607703447342,2.951327323913574,1316233,0.00073,-1036.357421875,2.1195790767669678
189064,6,200.0,6620,1321234,3499.906880830001,0.015994979068636894,2.1481432914733887,1318233,0.00073,-1038.4530029296875,-0.8483321070671082
189361,6,200.0,6630,1323234,3495.92055882,0.01622348465025425,2.6785836219787598,1320233,0.00073,-1031.96142578125,1.1358246803283691
189654,6,200.0,6640,1325234,3495.5664186000004,0.01643349416553974,2.6123204231262207,1322233,0.00073,-1038.3685302734375,-8.413102149963379
189941,6,200.0,6650,1327234,3518.2884319,0.01644924469292164,3.5567240715026855,1324233,0.00073,-1027.225341796875,4.284745216369629
190223,6,200.0,6660,1329234,3500.4119883699996,0.01594923622906208,1.9471665620803833,1326233,0.00073,-1021.671630859375,-2.308048963546753
190509,6,200.0,6670,1331234,3574.65787175,0.016209078952670097,2.5299859046936035,1328233,0.00073,-1043.7320556640625,-4.967217445373535
190795,6,200.0,6680,1333234,3623.05737376,0.016440540552139282,1.8926045894622803,1330233,0.00073,-1040.46533203125,-2.1784820556640625
191082,6,200.0,6690,1335234,3624.4034961800003,0.01600787416100502,2.011410713195801,1332233,0.00073,-1041.4776611328125,4.382991790771484
191368,6,200.0,6700,1337234,3586.35256968,0.016263915225863457,3.0705111026763916,1334233,0.00073,-1040.5242919921875,-0.04776877164840698
191653,6,200.0,6710,1339234,3496.0598569099993,0.017766758799552917,5.659234046936035,1336233,0.00073,-1057.6470947265625,0.712439239025116
191938,6,200.0,6720,1341234,3431.3795157799996,0.017305709421634674,3.875678539276123,1338233,0.00073,-1039.7562255859375,4.551426887512207
192224,6,200.0,6730,1343234,3429.67520738,0.016889039427042007,2.2189559936523438,1340233,0.00073,-1061.6900634765625,-2.8959779739379883
192509,6,200.0,6740,1345234,3431.1332770099993,0.0166794341057539,2.7814464569091797,1342233,0.00073,-1038.1593017578125,2.9230973720550537
192797,6,200.0,6750,1347234,3430.97980158,0.01639171876013279,3.0943737030029297,1344233,0.00073,-1042.9730224609375,5.4298481941223145
193081,6,200.0,6760,1349234,3447.29167486,0.016562817618250847,2.4918041229248047,1346233,0.00073,-1043.4644775390625,-2.084028959274292
193366,6,200.0,6770,1351234,3413.9588927199993,0.017302721738815308,2.9336624145507812,1348233,0.00073,-1049.576416015625,0.7955375909805298
193653,6,200.0,6780,1353234,3405.6915657800005,0.01648380048573017,2.0455069541931152,1350233,0.00073,-1061.2490234375,-7.650722026824951
193988,6,200.0,6790,1355234,3406.32300457,0.016664614900946617,2.2202889919281006,1352233,0.00073,-1047.06298828125,2.666867256164551
194275,6,200.0,6800,1357234,3437.8498861400003,0.017053639516234398,2.824861764907837,1354233,0.00073,-1038.1881103515625,4.184232234954834
194558,6,200.0,6810,1359234,3474.2732208500006,0.016949215903878212,6.406947135925293,1356233,0.00073,-1029.4119873046875,-0.9901461601257324
194844,6,200.0,6820,1361234,3500.5422502700007,0.016604775562882423,2.503232479095459,1358233,0.00073,-1047.44482421875,-2.5074386596679688
195129,6,200.0,6830,1363234,3497.54339744,0.017448309808969498,3.2330403327941895,1360233,0.00073,-1037.8768310546875,1.6596031188964844
195418,6,200.0,6840,1365234,3484.2219555600004,0.017416739836335182,2.6331100463867188,1362233,0.00073,-1055.2642822265625,-8.400869369506836
195703,6,200.0,6850,1367234,3488.4858016800003,0.017242737114429474,2.7614288330078125,1364233,0.00073,-1041.89990234375,5.77858829498291
195988,6,200.0,6860,1369234,3491.9631182900002,0.01720685325562954,2.8092923164367676,1366233,0.00073,-1072.019287109375,-10.648338317871094
196272,6,200.0,6870,1371234,3413.7716303999996,0.016737379133701324,2.5995821952819824,1368233,0.00073,-1047.9442138671875,9.61556625366211
196559,6,200.0,6880,1373234,3362.3087335400005,0.017495447769761086,5.560697078704834,1370233,0.00073,-1058.825927734375,-9.138297080993652
196842,6,200.0,6890,1375234,3360.57421404,0.01730520650744438,2.91154408454895,1372233,0.00073,-1060.2978515625,2.174321174621582
197126,6,200.0,6900,1377234,3367.2872275,0.016607634723186493,2.711116313934326,1374233,0.00073,-1043.8720703125,0.4664415121078491
197409,6,200.0,6910,1379234,3438.95818246,0.016728363931179047,3.32802152633667,1376233,0.00073,-1033.3365478515625,1.359354019165039
197695,6,200.0,6920,1381234,3487.5515408799997,0.016665052622556686,10.819458961486816,1378233,0.00073,-1046.93408203125,7.3872222900390625
197979,6,200.0,6930,1383234,3497.6782734000003,0.016539236530661583,2.303109645843506,1380233,0.00073,-1061.153564453125,7.385188102722168
198264,6,200.0,6940,1385234,3493.3087042600005,0.01694161258637905,2.4631123542785645,1382233,0.00073,-1056.403076171875,5.904050827026367
198548,6,200.0,6950,1387234,3491.8507324800007,0.01635388471186161,3.1544106006622314,1384233,0.00073,-1035.6650390625,10.777132034301758
198834,6,200.0,6960,1389234,3493.1467728300004,0.017177283763885498,2.1127567291259766,1386233,0.00073,-1045.538330078125,-4.832926273345947
199118,6,200.0,6970,1391234,3588.6743452799997,0.016655495390295982,2.140690803527832,1388233,0.00073,-1068.019287109375,7.051400661468506
199422,6,200.0,6980,1393234,3636.99095606,0.01733052358031273,3.349228858947754,1390233,0.00073,-1078.7581787109375,-5.572219371795654
199708,6,200.0,6990,1395234,3563.9305170099997,0.01723194494843483,2.4547624588012695,1392233,0.00073,-1072.953369140625,-2.4185140132904053
199995,6,200.0,7000,1397234,3513.8883625400003,0.017439959570765495,2.44173002243042,1394233,0.00073,-1071.9775390625,-4.593024253845215
200293,6,200.0,7010,1399234,3499.8713197300003,0.01796531490981579,3.69920015335083,1396233,0.00073,-1027.5181884765625,5.372981071472168
200599,6,200.0,7020,1401234,3496.8415403300005,0.018339024856686592,3.328625202178955,1398233,0.00073,-1095.9271240234375,-1.5467649698257446
200890,6,200.0,7030,1403234,3471.727480420001,0.01713048852980137,2.3330342769622803,1400233,0.00073,-1081.457763671875,-4.01120662689209
