rollout/ep_len_mean,time/total_timesteps,time/fps,time/time_elapsed,time/episodes,rollout/ep_rew_mean
11.75,47,2427,0,4,49.35183425
14.875,119,2569,0,8,123.205959125
14.916666666666666,179,2563,0,12,112.84583991666666
16.75,268,2591,0,16,131.50276424999998
16.45,329,2583,0,20,129.61096185
16.291666666666668,391,2589,0,24,136.81405366666664
15.821428571428571,443,2591,0,28,116.68037599999998
15.46875,495,2592,0,32,114.079491625
16.0,576,2588,0,36,117.9642475
15.75,630,2589,0,40,114.35511945
15.5,682,2587,0,44,104.41626659090907
15.291666666666666,734,2587,0,48,99.39389439583334
15.26923076923077,794,2587,0,52,93.10917592307693
15.607142857142858,874,2584,0,56,99.494947125
15.433333333333334,926,2584,0,60,101.7290664
15.296875,979,2583,0,64,98.698606375
15.161764705882353,1031,2580,0,68,97.58758942647057
15.041666666666666,1083,2581,0,72,92.09488291666666
14.93421052631579,1135,2579,0,76,91.17582405263158
14.85,1188,2578,0,80,89.01975428749999
14.761904761904763,1240,2578,0,84,90.59670870238095
14.863636363636363,1308,2575,0,88,91.73417460227273
15.01086956521739,1381,2575,0,92,88.50360936956523
15.041666666666666,1444,2574,0,96,86.26250025
15.0,1500,2574,0,100,85.06168092
