time/total_timesteps,time/episodes,time/fps,rollout/ep_rew_mean,time/time_elapsed,rollout/ep_len_mean,train/ent_coef,train/actor_loss,train/learning_rate,train/ent_coef_loss,train/critic_loss,train/n_updates
131,4,1239,56.786764250000004,0,32.75,,,,,,
256,8,1245,75.1255905,0,32.0,,,,,,
386,12,1257,82.10193458333333,0,32.166666666666664,,,,,,
527,16,1267,81.9283124375,0,32.9375,,,,,,
659,20,1272,74.37431584999999,0,32.95,,,,,,
796,24,1273,69.59159583333333,0,33.166666666666664,,,,,,
934,28,1274,70.16939167857143,0,33.357142857142854,,,,,,
1076,32,1275,73.1606925625,0,33.625,,,,,,
1215,36,1275,73.95524208333332,0,33.75,,,,,,
1346,40,1276,71.21848804999999,1,33.65,,,,,,
1482,44,1278,71.28882143181818,1,33.68181818181818,,,,,,
1630,48,1278,74.02671377083334,1,33.958333333333336,,,,,,
1765,52,1279,73.05988036538463,1,33.94230769230769,,,,,,
1909,56,1280,75.69984946428572,1,34.089285714285715,,,,,,
2042,60,1280,75.22411711666668,1,34.03333333333333,,,,,,
2173,64,1280,74.711654828125,1,33.953125,,,,,,
2313,68,1280,73.69640448529412,1,34.01470588235294,,,,,,
2470,72,1281,75.1543589861111,1,34.30555555555556,,,,,,
2603,76,1281,75.1866640131579,2,34.25,,,,,,
2752,80,1282,77.4759559375,2,34.4,,,,,,
2896,84,1279,80.02298835714285,2,34.476190476190474,,,,,,
3027,88,1280,79.42544514772727,2,34.39772727272727,,,,,,
3156,92,1280,79.79150548913044,2,34.30434782608695,,,,,,
3296,96,1280,80.83761710416667,2,34.333333333333336,,,,,,
3433,100,1280,80.27779277,2,34.33,,,,,,
3559,104,1281,79.73391686000001,2,34.28,,,,,,
3696,108,1281,78.45580959,2,34.4,,,,,,
3819,112,1281,77.62658847,2,34.33,,,,,,
3945,116,1281,76.5499354,3,34.18,,,,,,
4071,120,1281,77.4798384,3,34.12,,,,,,
4196,124,1281,77.41991981999999,3,34.0,,,,,,
4338,128,1281,77.88996628,3,34.04,,,,,,
4487,132,1282,78.11831687,3,34.11,,,,,,
4626,136,1283,77.46862958000001,3,34.11,,,,,,
4767,140,1283,78.6011302,3,34.21,,,,,,
4895,144,1283,78.13863038,3,34.13,,,,,,
5032,148,1256,77.60596829,4,34.02,,,,,,
5186,152,1069,81.00681736000001,4,34.21,0.8833475749601017,-46.736931107260965,0.000997942,-4.121777783740651,168.5768505443226,147
5320,156,954,81.51443092000001,5,34.11,0.7630648791790009,-72.33975041707357,0.0009978848,-8.454994010925294,36.940887514750166,290
5451,160,872,83.50723708,6,34.09,0.6755843963474035,-93.82337498664856,0.0009978320000000001,-11.356744438409805,28.94762498140335,422
5600,164,804,84.81340186,6,34.27,0.5976391315460206,-116.73433772495815,0.0009977764,-13.563009371076312,31.64921542576381,561
5775,168,736,83.01243913,7,34.62,0.5175032232488904,-141.0589570545015,0.0009977076,-15.873675005776542,25.379515329996746,733
5937,172,686,79.70301018,8,34.67,0.45189118453047494,-157.5528415333141,0.000997642,-18.327701915394176,26.288666595112193,897
6126,176,640,76.64646263,9,35.23,0.39205450883933474,-172.47397204807825,0.0009975692,-19.063346556254796,30.675149168287003,1079
6327,180,598,75.98376433,10,35.75,0.33464293943511114,-190.91713256835936,0.0009974872,-19.91046028137207,48.22061280144585,1284
6525,184,564,80.49497212,11,36.29,0.2904535961151123,-197.5624578857422,0.0009974104000000001,-21.572382698059084,33.98741436004639,1476
6730,188,533,86.14071444,12,37.03,0.24901250636173508,-200.4521717136189,0.0009973236,-21.776874930171644,36.73477942256604,1693
6886,192,514,90.76166035,13,37.3,0.2219427976666427,-201.03593742556689,0.0009972616,-21.177593463804662,32.3604850303836,1848
7048,196,496,89.80993629000001,14,37.52,0.19778689907656777,-199.66467850296587,0.0009971952,-20.719801019739222,33.504127219871236,2014
7206,200,481,94.13026139000002,14,37.73,0.1802222843681063,-198.03515145438058,0.0009971344,-17.790459278651646,33.289666584559846,2166
7385,204,465,101.13137053999999,15,38.26,0.16519660085439683,-198.43862121582032,0.0009970632000000001,-14.15439739227295,23.129752712249754,2344
7610,208,449,107.57803043999998,16,39.14,0.1494314848844494,-197.35395785740442,0.0009969772,-15.871732371194023,21.87614372798375,2559
7811,212,435,111.20306987,17,39.92,0.13495852470397948,-197.77483795166015,0.0009968964,-14.007757682800293,20.411302757263183,2761
8019,216,422,117.34281019000002,18,40.74,0.12219722718000411,-192.04124938964844,0.0009968152000000001,-13.610212497711181,20.87870485305786,2964
8212,220,411,123.55280839000001,19,41.41,0.11044553562998771,-184.86499786376953,0.0009967344000000001,-13.801995620727538,19.22292148590088,3166
8412,224,401,131.3132221,20,42.16,0.10044267788833501,-181.03605620715084,0.0009966547999999999,-12.315502556002869,17.80268739194286,3365
8626,228,393,136.52886399000002,21,42.88,0.0929185527894232,-175.47409362792968,0.0009965748,-7.979567215177748,18.058270729912653,3565
8894,232,382,141.97480359,23,44.07,0.08558757644560602,-166.32852956983777,0.0009964668,-6.647430525885688,17.468522429466248,3835
9047,236,375,144.61028997000003,24,44.21,0.08131053721582568,-159.803925797746,0.0009963956000000002,-4.1864733744311975,25.660983240282214,4013
9255,240,368,149.06408554,25,44.88,0.07869606510256276,-154.07074252041903,0.0009963152,-0.7382108722672318,13.280762788021203,4214
9402,244,363,152.07582908000003,25,45.07,0.07764278383965188,-148.41441053025267,0.0009962532,-1.1685764795922218,20.891624876793394,4369
9537,248,359,156.13510141,26,45.05,0.07767513995209048,-148.45183243290072,0.0009961984000000001,0.7734519906582371,19.963082713465536,4506
9707,252,354,158.05461617,27,45.21,0.07878146375097879,-143.30160782976847,0.000996134,1.4694365437437849,13.474560156101134,4667
9898,256,350,164.35700138,28,45.78,0.0795278112590313,-144.17150665283202,0.0009960628,-0.2545905995368958,12.726440124511718,4845
10125,260,344,169.82833949999997,29,46.74,0.07823827341198922,-139.573650487264,0.000995972,-2.0321977948149046,11.446470435460409,5072
10351,264,339,175.39134413999997,30,47.51,0.07552156719294462,-137.56683543812144,0.0009958832,-2.7633841753005983,11.733328481154008,5294
10575,268,334,184.61106380999993,31,48.0,0.07161885787520492,-131.772371124803,0.0009957928,-1.8141008325313266,10.755683781807882,5520
10830,272,330,197.65884425999997,32,48.93,0.06999596462331036,-125.37036982449618,0.0009956960000000001,0.09191937372088432,14.38915228843689,5762
11141,276,324,211.34322130999996,34,50.15,0.07015977695322874,-124.11269097579152,0.0009955796000000001,-0.7438790981183973,10.327107354214316,6053
11451,280,317,221.94196849,36,51.24,0.06776283396246993,-117.98182876021774,0.00099544,-0.9835576727802371,10.160080956824032,6402
11654,284,314,218.15086224000004,37,51.29,0.06615976291768094,-114.86488326052402,0.0009953588,0.02092492326777032,8.692304530042284,6605
11833,288,311,215.28085738000001,37,51.03,0.06582946711924018,-112.46228939149438,0.000995286,0.06000128715503507,8.438528281886404,6787
12023,292,308,213.94345984000003,38,51.37,0.06534272540981571,-109.20443964004517,0.0009952096000000001,0.17791581091781458,10.264837712049484,6978
12235,296,306,219.79155279,39,51.87,0.06420103289807837,-108.90827512741089,0.0009951296,-1.2687110332772136,8.952420204877853,7178
12558,300,302,223.62225955000002,41,53.52,0.06160989093283812,-106.34355837504069,0.0009950024,-0.27453256820638977,8.38260289033254,7496
12993,304,298,234.64721289000002,43,56.08,0.05982891529014236,-102.374140488474,0.0009948388000000001,-0.7086341139255908,9.076515469634742,7905
13287,308,294,240.12126667,45,56.77,0.060017350765447765,-100.90918174622551,0.0009947112,-0.22254252977787503,7.85514295668829,8224
13564,312,291,247.00589293000002,46,57.53,0.061148591789192165,-101.14613855296167,0.0009945932,-0.31220427104111376,7.668442898783191,8519
13778,316,289,250.07797270000003,47,57.59,0.06118695052533314,-100.53253897305193,0.0009945092,-1.1636081106703857,8.93000313331341,8729
14024,320,288,253.80183608,48,58.12,0.06046373948454857,-102.4091781616211,0.0009944252,0.46631825804710386,11.277648401260375,8939
14290,324,285,256.04595596999997,50,58.78,0.060850352847150395,-102.04549271719796,0.00099431,0.37414781252543133,10.650239558446975,9227
14582,328,283,262.46945265,51,59.56,0.061030572537204314,-101.30326632795662,0.0009941936,0.2211306919825488,9.374170985715143,9518
14819,332,281,264.11809199,52,59.25,0.0596141473373823,-100.14481835616262,0.0009940996,0.24201820032638416,11.810500362463165,9753
15125,336,278,273.63215435999996,54,60.78,0.06092930009025474,-100.32642080617505,0.0009939764,0.7288905111856239,9.412635670151822,10061
15379,340,277,276.35618297,55,61.24,0.06074046973577317,-101.23668423820945,0.000993876,-0.036779704339364,9.205593445721794,10312
15698,344,275,286.59233779,56,62.96,0.060561149787734934,-104.3543877400143,0.000993758,0.03830606060128816,9.319573080036003,10607
16093,348,273,295.47924386,58,65.56,0.06133266959201406,-104.61104287041559,0.0009936132,0.27721846214047186,9.970302674505445,10969
16398,352,271,305.08488158,60,66.91,0.06181312110516932,-106.24725084180956,0.0009934744,0.3049374751069329,8.443176480082723,11316
16671,356,269,309.55109536,61,67.73,0.06083798420925935,-106.03128395080566,0.00099336,0.21862703959147137,7.46295641263326,11602
16978,360,268,314.64627009,63,68.53,0.06144885963294655,-110.55792200565338,0.000993242,0.9047404914163053,12.764320693910122,11897
17320,364,266,324.75017242999996,65,69.69,0.06257924892836148,-108.93382687038846,0.0009930988,-0.39171326094203524,9.113402769300674,12255
17696,368,264,336.02064896999997,66,71.21,0.06104764571889888,-109.36822039582009,0.000992958,0.22892338591952657,8.429087017857752,12607
18121,372,263,344.13200498,68,72.91,0.06157134957127757,-108.82451015323788,0.0009928068,0.701459820007349,8.840881403390464,12985
18627,376,261,351.6886622900001,71,74.86,0.06140746683218425,-109.15793340008958,0.0009926012,0.05440609313939747,7.585942031745624,13499
19070,380,259,358.73372927,73,76.19,0.06326474223447882,-108.8900262583857,0.0009924092,0.19704013687113056,7.8784059151359225,13979
19504,384,257,372.8456327100001,75,78.5,0.0654453719034791,-109.70921421051025,0.0009922404,0.3559558817318508,7.663662348474775,14401
19867,388,256,387.58618259,77,80.34,0.0646676563968261,-110.19104031154087,0.0009920984,-0.14605565067558063,9.934899046307518,14756
20270,392,254,404.12517901000007,79,82.47,0.06382219448428729,-110.63258763017326,0.0009919264,-0.09073885761458299,7.061940579578795,15186
20574,396,253,410.7548432,81,83.39,0.06366474608580272,-112.37580149332682,0.0009917996,-0.5624995092550914,7.5522767957051595,15503
20962,400,252,421.7331080400001,83,84.04,0.062110839658870105,-112.0547369897893,0.0009916492000000001,-0.0822674832512847,7.990082799860861,15879
21335,404,251,421.53996859000006,84,83.42,0.06306348458716744,-114.30934994346217,0.0009914992000000001,-0.0287892106332277,7.37283955624229,16254
21716,408,250,430.6066459,86,84.29,0.06209851629150811,-113.86744222333354,0.0009913548,-0.24950946691215678,6.823109857497677,16615
22107,412,249,439.4730147199999,88,85.43,0.06221573261341246,-114.10358836863301,0.0009912064,0.2524861976651862,6.786329968140857,16986
22529,416,248,453.4259486099999,90,87.51,0.06150586398487741,-116.03669939908114,0.000991032,-0.029564238542860204,7.2457908760417595,17422
22990,420,247,464.78269700000004,92,89.66,0.06138233827837443,-115.58869940547619,0.0009908636,-0.2992591191146333,7.531075178566626,17843
23369,424,246,465.12636416000004,94,90.79,0.06296874458591144,-118.63930846705581,0.0009906964,0.3575713797049089,9.73573205687783,18261
23803,428,245,466.03597890000015,96,92.21,0.06328925351301828,-116.10682352701824,0.0009905304,-0.5220226071278254,9.374358507792154,18676
24276,432,244,481.38607317000003,99,94.57,0.06558794148552877,-115.19672760596642,0.000990346,0.32367978904109734,9.219978804771717,19137
24750,436,243,491.4575184900001,101,96.25,0.0659076395102694,-118.70699899407882,0.0009901728,0.31416931182523317,9.498942550224594,19570
25138,440,241,506.47003832,104,97.59,0.06434571264045578,-120.28495961143857,0.0009899696,0.024065421805495306,8.52488204411098,20078
25469,444,240,512.422396,105,97.71,0.06341873527912611,-121.59361369958084,0.0009898404,0.12903075707092715,8.482510154166919,20401
25804,448,240,515.9596299399999,107,97.11,0.063396472830412,-120.69345474243164,0.0009897128,-0.40049282444077866,8.558361596839372,20720
26126,452,239,519.17577298,109,97.28,0.06211946564061301,-122.73103419712612,0.0009895844,0.16075111712728227,9.057603100367954,21041
26548,456,238,532.35424561,111,98.77,0.06342985517074985,-122.02787005516791,0.000989424,0.20930198988606852,9.11517204776887,21442
26995,460,238,549.10426673,113,100.17,0.06244163028895855,-124.58038981207486,0.0009892388,-0.07269267018499045,8.75025380068812,21905
27474,464,237,558.44671196,115,101.54,0.06296060179981093,-126.22178321414523,0.0009890512,0.06567327502287096,8.566127406226265,22374
27940,468,236,559.0890659,118,102.44,0.06319795736413918,-128.41371023418097,0.0009888656,0.3232071711527591,8.812814084109881,22838
28481,472,235,564.5522022399999,120,103.6,0.06493664281121615,-128.27151468211207,0.0009886576,-0.0038085945721330313,9.103735953363879,23358
29069,476,235,577.7718674399999,123,104.42,0.06508654086240406,-128.64718991860576,0.0009884372,-0.07003122105680663,9.325587776885635,23909
29454,480,234,581.0450705,125,103.84,0.06606945395469666,-129.90378914416675,0.0009882672,-0.20382620583117847,8.687544050350995,24334
29857,484,233,587.33479945,127,103.53,0.06437341448791484,-130.51685690372548,0.0009880956,-0.28990117412932376,9.80143180806586,24763
30297,488,233,592.60103574,129,104.3,0.06373947269537232,-131.149083293568,0.0009879312000000001,-0.09572119455445896,9.63287973837419,25174
30741,492,232,595.16188067,132,104.71,0.06265906939903895,-130.72992604573568,0.0009877548,0.21837712364892164,9.582653971513112,25615
31134,496,232,600.50993385,134,105.6,0.06374605938240334,-131.85077405858922,0.0009875840000000001,0.03362413730334352,10.104240978205645,26042
31498,500,231,601.70094164,136,105.36,0.06458958679101837,-131.953991634745,0.0009874384000000001,0.2726292765476334,10.265671461400851,26406
31885,504,231,602.7015449400001,138,105.5,0.06580820541406415,-131.02849264243216,0.0009872848,0.20042543312937944,10.966136332639714,26790
32293,508,230,606.0814088,140,105.77,0.06580434250188809,-131.34532068289963,0.0009871248,0.3870235415650349,11.147075933568617,27190
32682,512,230,607.9667016999999,142,105.75,0.06711553322507981,-132.34661524346535,0.0009869684,0.18811403294192983,11.492121655890282,27581
33092,516,229,609.43616951,144,105.63,0.06760429180114069,-132.88129574784608,0.0009868032,0.13761389060555218,11.068100737634106,27994
33539,520,229,613.2483400899999,146,105.49,0.06863951741353325,-135.7320244167162,0.000986624,0.1355412852504979,11.463967049640157,28442
33962,524,228,628.03364186,148,105.93,0.06770876595484358,-136.04121337618147,0.0009864536,-0.15897968491273268,11.7354804788317,28868
34429,528,228,643.8853078899999,150,106.26,0.06731804215908051,-135.81604998779298,0.0009862752,0.208544438123703,10.984531219482422,29314
34969,532,227,653.6840331899999,153,106.93,0.06835004170039657,-136.79657555841337,0.0009860636000000001,-0.05320109085292573,11.00391149217156,29843
35594,536,227,663.3570399900001,156,108.44,0.06931642464078064,-139.39494908109626,0.0009858164,0.0685230292749743,11.389812922646813,30461
36108,540,226,666.5587006900001,159,109.7,0.06919127305348714,-141.32216384322555,0.0009855972,-0.04564299053615994,11.643081000999167,31009
36659,544,226,682.5062040900001,162,111.9,0.06849259849077736,-144.17624774010352,0.0009853908,-0.205179142698743,11.21691733715581,31525
37267,548,226,695.3201977600002,164,114.63,0.06715066318710645,-143.48011708577474,0.000985172,-0.053832151889801026,11.421033445994059,32072
37777,552,225,706.5898104,167,116.51,0.06663712407024498,-146.2535455165765,0.000984946,-0.07716961854543442,11.031523231767181,32637
38248,556,224,706.7992919599998,170,117.0,0.06580203717207386,-144.42717425492557,0.0009847492000000001,0.09220801304726706,10.67537311219821,33129
38696,560,224,704.33108624,172,117.01,0.06721387094840771,-144.39762636510338,0.0009845696,0.21074398055793794,12.129421110075663,33578
39209,564,224,705.9177844999998,175,117.35,0.0671085211067972,-145.39721131660568,0.0009843668,-0.036496357283961604,11.482053998490455,34085
39717,568,223,712.2557743900002,177,117.77,0.06683052524924278,-144.1368840789795,0.000984166,-0.47302526026964187,11.861470232009887,34587
40182,572,223,711.5062410699998,180,117.01,0.06665940032662632,-145.65060324980834,0.0009839632,0.36215602126076957,12.666166617491536,35094
40653,576,222,706.4222997900001,182,115.84,0.06680584872009779,-147.2423799302843,0.0009837808000000001,0.1165648457979915,12.837048684707796,35550
40979,580,222,702.43492956,184,115.25,0.0681706502832271,-146.10760693936734,0.0009836348,-0.2009154676988318,13.19913793254543,35915
41349,584,222,701.8779826,185,114.92,0.06853462515605821,-149.42624749077692,0.0009835004000000001,-0.3717569049861696,14.567087353600396,36251
41719,588,222,704.65428784,187,114.22,0.06592180722215202,-150.31841406661474,0.0009833516,0.08014605420359065,13.283989584847783,36623
42129,592,222,707.7173052300002,189,113.88,0.06670016455418855,-149.6888921052507,0.0009831884,-0.06277632510777816,13.750438079093266,37031
42618,596,221,717.30106801,192,114.84,0.06695244561305783,-151.4635534094484,0.0009829944,-0.0964832543926751,12.331123704078214,37516
43142,600,221,731.8966533600002,194,116.44,0.06653024441003799,-152.9527667236328,0.0009827948,-0.14326450312137604,12.518466377258301,38015
43591,604,221,741.7288894599999,197,117.06,0.0675779378414154,-151.70093643188477,0.0009826076000000001,0.4501312264800072,13.149624614715576,38483
44142,608,221,749.28047763,199,118.49,0.06815891941701334,-152.64002750426766,0.0009823963999999999,-0.022983633861767026,12.478461228017732,39011
44753,612,221,756.2707043899999,202,120.71,0.0674814657639649,-151.78732985157077,0.0009821828000000001,-0.2839911629335355,12.766049118365272,39545
45434,616,220,763.5702243300003,205,123.42,0.06710471008803434,-150.84637422014953,0.0009819240000000001,-0.2434362748246284,12.536420980076882,40192
45990,620,220,765.22559543,208,124.51,0.06788231856350241,-151.58654022216797,0.0009816708,-0.29709643748556747,12.799581091979455,40825
46420,624,219,765.2182886499999,211,124.58,0.06710466916121326,-152.4686314851335,0.000981468,0.21568299272974717,14.156363635387235,41332
46817,628,219,759.22949536,213,123.88,0.06636298836859982,-153.867512930811,0.000981322,0.027426542961491947,13.30307693819029,41697
47189,632,219,748.0014782399999,214,122.2,0.06593532434531621,-154.81448124476842,0.0009811712,-0.3090743580034801,13.352326365879604,42074
47560,636,219,740.4896908200001,217,119.66,0.06683351905508475,-153.97320820201526,0.0009810028,-0.014203183623877439,14.285234303907915,42495
48037,640,219,747.7932282000002,219,119.29,0.06615956329430144,-153.30516793992786,0.0009808324,-0.12670508099512923,13.72161555952496,42921
48541,644,219,742.4248880100001,221,118.82,0.0661224876389359,-153.11791329432015,0.0009806536,-0.10612084739135974,12.68952304185039,43368
49097,648,218,746.4864350900002,224,118.3,0.06538973623514176,-154.99693798828125,0.0009804192,-0.1567563909292221,13.934207748413085,43954
49726,652,218,748.4948176500001,227,119.49,0.06664434848528988,-155.84441380530782,0.0009801684000000001,0.08990935737606864,14.10114416686244,44581
50277,656,218,758.2235085699999,230,120.29,0.06767150160655304,-154.45475408659507,0.0009799324000000001,-0.1137764375263722,13.992766318009727,45171
51070,660,218,769.73680054,233,123.74,0.06812622516451987,-156.73018747747201,0.0009796588,-0.17209211925580267,13.59608268737793,45855
51715,664,217,774.85645653,237,125.06,0.06908508050472625,-155.77589748560456,0.0009793928,0.16221930125216746,13.764534480831166,46520
52394,668,217,784.0855677600001,240,126.77,0.0695427360654879,-157.3774307635652,0.0009790988000000001,0.1941164155968097,14.023628074581884,47255
53035,672,217,796.5827524499999,243,128.53,0.06999461939640805,-158.3677071090293,0.0009788964,-0.21002606098103313,13.81563876160478,47761
53668,676,216,805.71197317,247,130.15,0.06988449049103691,-159.7088330739952,0.0009785852,-0.02978203867573336,13.746733929737506,48539
54346,680,216,823.2114690700001,250,133.67,0.06924015463426195,-161.474691982927,0.0009783492,0.5906962061878936,13.90427775218569,49129
54957,684,216,839.1492256399999,253,136.08,0.06948700608839666,-161.09304511278197,0.0009781036,-0.18347370770192684,14.517880547315555,49743
55677,688,216,851.3929363100001,257,139.58,0.06951398217001337,-164.77803812485075,0.0009777824,-0.07456309149879556,14.008308518921964,50546
56313,692,215,853.53752938,260,141.84,0.06941611014306545,-164.07357948303223,0.0009775264,0.13002074897289276,14.915501251220704,51186
56837,696,215,854.28071503,263,142.19,0.06824096990213997,-164.3660887794933,0.000977322,-0.07877361663114066,14.586238844641324,51697
57291,700,215,847.4718462700001,265,141.49,0.06906210783964549,-166.42039959247296,0.0009771276,0.0014971418258471366,14.208914475563246,52183
57938,704,215,857.55907064,268,143.47,0.06958837377735311,-165.4851531982422,0.0009768908,-0.2206448515256246,14.748839126692879,52775
58580,708,215,861.9659257400002,272,144.38,0.06786826613318661,-164.80952014093813,0.0009766392000000001,0.3028643914781835,15.593436324078104,53404
59136,712,214,863.5453615800001,275,143.83,0.06894175106326476,-165.7429513489174,0.0009764108000000001,0.23971531890480724,15.499265727617884,53975
59797,716,214,856.13251202,278,143.63,0.0684117291998204,-166.12798952726723,0.0009761512,-0.08856289988289232,15.317546233603482,54624
60517,720,214,861.6987380399999,282,145.27,0.07034037564251874,-166.4593585246318,0.0009758572,-0.20672627921039993,15.593646449011725,55359
61222,724,214,870.5555425800001,285,148.02,0.0707490412133366,-168.09641057019792,0.0009755808,-0.02517841335947953,16.489062511721137,56050
61899,728,214,885.5836707000002,289,150.82,0.07109343391780408,-168.26469500447803,0.0009753056,0.0734184598984496,16.838982918101888,56738
62498,732,213,900.06307289,292,153.09,0.07156528004755576,-170.45763851347425,0.0009750516,-0.09710183438091051,16.168654084205627,57373
63014,736,213,912.09564419,295,154.54,0.06936978085620983,-169.34703435124578,0.0009748452,0.13883068164189658,15.959849056896863,57889
63686,740,213,915.2422731,298,156.49,0.06920731340239687,-171.44123496078862,0.0009746088,0.2757430542714712,15.411107005142584,58480
64262,744,213,922.1463804699998,301,157.21,0.06946491718077831,-171.85898672419486,0.0009743492000000001,0.3974601624252127,15.653726865919374,59129
64818,748,213,923.5129462699999,304,157.21,0.06902558997619984,-175.53144277528276,0.0009741356,0.0350770962446235,15.90343687146209,59663
65369,752,212,926.9014729200001,307,156.43,0.06816586274653673,-175.28444452285765,0.000973888,0.07772182547487319,15.905536764860154,60282
65903,756,212,918.9333642199999,309,156.26,0.06890436514801936,-175.9767638040245,0.000973704,0.027938667240492796,15.492253819736865,60742
66628,760,212,919.6355392500002,313,155.58,0.06845226173599561,-177.63197580973306,0.0009734556,-0.051622980535030366,15.272317288716634,61363
67307,764,212,921.2472906900001,316,155.92,0.06960205602295258,-174.54039899040671,0.000973162,0.15244484947008244,16.5585672602934,62097
67943,768,212,918.52117474,320,155.49,0.07036967231101127,-174.188965533846,0.0009728884,0.11734146823236091,17.149153714203955,62781
68613,772,211,916.58662672,323,155.78,0.06917036100814902,-175.08341429663486,0.000972622,-0.03956905935631424,16.80623636610521,63447
69281,776,211,915.2499961999998,327,156.13,0.06888815767355094,-174.74686214395237,0.0009723552,-0.0014045948828507334,16.96226611072661,64114
70310,780,211,928.4033890199998,332,159.64,0.06981698431592574,-173.63150138650985,0.0009719668,-0.06936254619277098,18.43458535199497,65085
71073,784,211,931.4379480799997,336,161.16,0.07094383549851341,-174.10969551705026,0.0009716488,-0.220614708436502,17.502067375183106,65880
71746,788,211,931.40765237,339,160.69,0.07169822379145571,-177.3327880367156,0.0009713684,-0.03577969511670451,17.37002707040438,66581
72498,792,211,938.2166730700001,343,161.85,0.07047550635457452,-179.60959659563215,0.0009710804,0.024014516272759356,17.777240558479072,67301
73293,796,211,950.8736167500001,347,164.56,0.07067806115029035,-180.51766473275643,0.000970788,0.028261231189524685,17.1658125895041,68032
74132,800,210,965.49378952,351,168.41,0.0720086841190115,-182.12091121267764,0.000970434,0.11798251769010057,17.212644353825997,68917
74688,804,210,963.79216814,354,167.5,0.07088332986054213,-180.40716778299083,0.0009701940000000001,-0.1327616061853326,17.42341313569442,69517
75470,808,210,969.5796587500001,358,168.9,0.07133334563344929,-181.1742171700119,0.0009698728,-0.11795066032849305,17.171568971999147,70320
76271,812,210,970.6845571299999,362,171.35,0.07235711522003603,-179.17260805389586,0.0009696072,-0.071378983513138,17.593524357270912,70984
77065,816,210,981.9088560600001,366,172.68,0.07164718291889398,-181.02527530376727,0.0009692368,-0.014980588394861955,17.479432967992928,71910
77668,820,210,981.0010502399999,369,171.51,0.07093195434635048,-180.70353284418977,0.0009690012,-0.027129273639609482,17.07794797025769,72499
78307,824,209,987.7770890399999,373,170.85,0.07258955813530418,-181.24846733940973,0.0009687412,0.07769294497039583,17.916538013352287,73149
79069,828,209,988.83101138,376,171.7,0.07058470392537908,-180.43368429030286,0.0009684472,0.06310574251328599,18.604280937339457,73884
79818,832,209,990.8727032299998,380,173.2,0.0691642845270193,-181.69646855214197,0.0009681480000000001,-0.08602517052284349,17.598837346262275,74632
80434,836,209,995.39714617,383,174.2,0.0690885447538816,-182.29776775653545,0.0009678944000000001,-0.25293866373025453,18.207645438267633,75266
81034,840,209,996.23552165,386,173.48,0.06970583741089806,-182.41418679395514,0.0009676412,-0.07294076868337603,17.597752317112295,75899
81650,844,209,999.5385316700001,390,173.88,0.06937354966772324,-182.52694644349995,0.0009674028000000001,-0.19280604577877306,17.332370815855086,76495
82255,848,209,1008.10614105,393,174.37,0.06983083524765113,-184.0374876169058,0.0009671592000000001,-0.060592301667500764,17.23788293202718,77104
83163,852,209,1013.50425051,397,177.94,0.06943422685124281,-183.92114787019057,0.0009668344,-0.1260039385171295,18.91124563272289,77916
83807,856,208,1019.3543560700002,400,179.04,0.06937711070595162,-183.76925247706723,0.000966548,0.12264023059874438,18.363581330588694,78632
84694,860,209,1024.8612434399997,404,180.66,0.0681307639698593,-183.67880633088197,0.0009662456,-0.16485352743239629,19.59207737202547,79388
85559,864,208,1030.23600878,409,182.52,0.0700599811792944,-182.30888578424043,0.0009658552,-0.11104321829154731,18.54003877959183,80364
86518,868,208,1046.9826030100003,414,185.75,0.07160388582175778,-183.87395129225771,0.0009654840000000001,0.04090101247833621,18.27356068659488,81292
87335,872,208,1054.4709511300002,418,187.22,0.07101920501966226,-186.00435092323704,0.0009651548,-0.18269205438463312,18.639933124341464,82115
88103,876,208,1065.2689361700002,422,188.22,0.07148389531645233,-184.6882306858451,0.0009648444000000001,-0.30378347902954694,17.793580163738685,82891
88799,880,208,1049.12964355,425,184.89,0.07130053966191777,-187.04129135399535,0.0009645492,0.2571140484154573,18.180152608637226,83629
89403,884,208,1045.9732894200001,429,183.3,0.071215336536162,-187.07671017618574,0.0009642936,-0.09029891549130163,17.979017951784755,84268
90130,888,208,1048.9778783,432,183.84,0.07057595925478193,-187.27076007793477,0.0009640324,0.21109284329917524,18.680277620043075,84921
90852,892,208,1060.9713958099999,436,183.54,0.06949718311136845,-187.1992644515692,0.0009637272,-0.13036096731529517,18.411943197250366,85684
91593,896,208,1064.59995168,439,183.0,0.06902150425088147,-187.91407543679944,0.0009634296,-0.15623315277954805,18.427433210870493,86428
92307,900,208,1049.47357679,443,181.75,0.07045748608780432,-187.06666011600703,0.0009631384,-0.20574482505793099,17.458978694873853,87156
92969,904,208,1054.90048668,446,182.81,0.0688182882806088,-188.93627280377328,0.0009628684,-0.2071232907738246,17.58847204844157,87831
93629,908,208,1051.05497689,450,181.59,0.06877563152853297,-188.31688323468794,0.0009626012000000001,-0.12037802351772456,19.3048432070906,88499
94405,912,208,1064.2783586699998,453,181.34,0.06831130954540438,-188.5638617762813,0.000962306,0.01901888088495643,19.11912026670244,89237
95051,916,207,1063.3828154,457,179.86,0.06875035136938096,-187.2486652483259,0.0009620344,-0.09598332856382642,19.209680922372,89916
95792,920,207,1065.0760397299998,460,181.24,0.06896506403572858,-186.1127112388611,0.0009617563999999999,-0.08637450356036425,18.4841668009758,90611
96401,924,207,1062.56452104,463,180.94,0.07022916402248357,-187.3375659462632,0.000961494,0.11944442227581478,18.656380615487002,91267
97220,928,207,1056.7513007700002,467,181.51,0.06991134472414405,-186.5871484265356,0.0009611967999999999,0.3089081329142976,18.693546415089134,92010
97781,932,207,1057.5991796199999,470,179.63,0.06977661970560833,-187.01860692945579,0.0009609516,-0.20720491242610803,18.334094298087944,92623
98469,936,207,1051.37138645,474,180.35,0.06928603271760884,-186.37119920719306,0.0009606812000000001,0.20465057850236723,19.0983943939209,93299
99120,940,207,1048.61901087,477,180.86,0.06881918181788246,-185.02914160002703,0.0009604232,-0.11162699534083312,18.536974936911147,93944
99655,944,207,1049.54258975,480,180.05,0.06861463725566865,-185.88625762939452,0.00096018,-0.18149807890256245,19.54591018040975,94552
100267,948,207,1046.45190965,483,180.12,0.06969048144916694,-185.09260686238608,0.0009599516,-0.006151989102363586,19.310959483186405,95123
100877,952,207,1044.7482911099999,486,177.14,0.06978000661552843,-186.37753648900275,0.000959716,-0.16831194453719836,19.502936797355538,95712
101547,956,207,1048.65665113,489,177.4,0.06996974757330565,-186.53756696625618,0.0009594508000000001,-0.014440834101310557,20.45836079592085,96375
102212,960,207,1039.51534522,492,175.18,0.06934578333935026,-186.75906936898417,0.0009591816,0.14578777683373972,21.133004573168677,97048
102958,964,207,1036.2764052900002,496,173.99,0.06934044510126114,-188.90778184211118,0.0009588999999999999,0.23591151345392752,23.311882742520037,97752
103648,968,207,1024.4117977600001,499,171.3,0.06960474371910096,-193.05596689860025,0.000958602,-0.05928297311067581,24.090979194641115,98497
104407,972,207,1016.9727852999999,503,170.72,0.0718903848251631,-194.40098101593728,0.0009583064,0.19912239229089992,24.625335161076034,99236
105008,976,207,1001.16006169,506,169.05,0.07059466896893142,-194.85090488582463,0.0009580488,-0.09886018215835869,26.736524879158317,99880
105646,980,207,996.4447830100002,510,168.47,0.07163940052128141,-196.99579255899806,0.0009578032,-0.013717523331095459,24.379191489735987,100494
106432,984,207,995.1905755599998,513,170.29,0.0711330104404719,-197.31035977508384,0.0009575296,-0.16440909273961452,26.72972489401932,101178
107121,988,206,987.01769239,517,169.91,0.07274723207311971,-196.118478175572,0.0009572028,-0.06587017082742282,26.103860514504568,101995
107933,992,207,980.9642987999999,521,170.81,0.07197267967601155,-198.1519728549691,0.0009569316,0.027109288545541985,25.905695076875908,102673
108585,996,206,967.6439923199999,524,169.92,0.0733538255805061,-196.9534364427839,0.0009566368,-0.05487584508955479,26.087632599331084,103410
109256,1000,206,975.3354502099999,527,169.49,0.07380524489742059,-196.25995084322415,0.0009563688,0.05871199850852673,25.439592302762545,104080
109875,1004,206,969.2326376700003,531,169.06,0.07307382324590019,-195.24019360898146,0.000956112,-0.02051058767446831,24.779662241390096,104722
110487,1008,206,968.81202205,534,168.58,0.07256155901334503,-195.52160892238865,0.0009558704000000001,-0.25903221461680026,24.389748957250024,105326
111062,1012,206,965.0167423500002,537,166.57,0.07355412460388021,-195.067435406624,0.0009556232,0.28597572657233433,24.124941413284194,105944
111628,1016,206,968.8477349799999,540,165.77,0.07312494648475173,-195.95343612779118,0.0009554019999999999,0.1165066972269234,24.398635661348383,106497
112345,1020,206,981.8400821,543,165.53,0.07248691579132724,-196.4529962832211,0.0009551507999999999,-0.10439591338298072,22.614562777653795,107125
113129,1024,206,989.8687030799998,547,167.28,0.07164466980989877,-194.61792646135603,0.0009548224,0.033681251011885606,23.982419397923852,107946
113858,1028,206,998.7262061099999,551,166.38,0.07029648766869065,-193.89084691394962,0.0009545224,0.07784157388472143,24.014460624297918,108696
114541,1032,206,999.80569499,554,167.6,0.07060882393070446,-192.55457921181954,0.0009542456,-0.1531398990942586,23.1484347620318,109388
115250,1036,206,1007.51389174,558,167.81,0.06986817550894461,-193.67918446189478,0.0009539832,-0.11809438584666503,22.6442778612438,110044
115963,1040,206,1010.4846829500001,561,168.43,0.06935037472354832,-194.48754374186197,0.0009536912,-0.06450650807636887,22.689360490485804,110774
116519,1044,206,1008.7797993,564,168.64,0.06915625070946084,-195.54008759392633,0.0009534536,-0.44728110844476354,22.49091951052348,111368
117317,1048,206,1011.4317341000002,568,170.5,0.06834294638314913,-197.62604709004248,0.0009531548,0.11385785277153171,23.03781677955805,112115
118222,1052,206,1026.7188126300002,573,173.45,0.068209489138381,-197.7883969649528,0.0009527919999999999,-0.024410052568588442,22.48783436562251,113022
119021,1056,206,1035.65761975,577,174.74,0.0696080737751932,-199.12182992906426,0.0009524716,-0.04600191730350705,22.6735633869267,113823
119757,1060,206,1040.3595163100001,580,175.45,0.06922285307894696,-196.75076654455165,0.000952176,-0.06911827746655914,23.705268377786155,114562
120515,1064,206,1040.33069214,584,175.57,0.06762251083613836,-197.3774823640522,0.0009518759999999999,-0.025007690166869358,23.806605300010993,115312
121220,1068,206,1047.1854938799997,588,175.72,0.06946246769183721,-196.88361511230468,0.0009515928000000001,0.0056545066527831245,23.118521528977613,116020
122033,1072,206,1059.5653934900001,592,176.26,0.0692433937619894,-197.72572311010117,0.0009512608,-0.07395716393605256,23.82460419092423,116850
123006,1076,206,1078.58799001,596,179.98,0.0695885259796072,-198.24038097240307,0.0009509760000000001,0.139478188973886,22.256522708468967,117562
124009,1080,205,1107.13436043,602,183.63,0.07020570272984712,-197.57902252007716,0.000950462,-0.37025907061855245,23.145716246610842,118847
124715,1084,205,1114.16960678,605,182.83,0.06953412255545928,-199.16980009395365,0.0009501984,-0.03216276822779416,23.132778601623823,119506
125420,1088,205,1125.2750331299999,609,182.99,0.06886585422006308,-199.58587534287398,0.0009499008,-0.2235113415209686,22.687467967762668,120250
126238,1092,205,1131.9995004300001,613,183.05,0.06759611263257287,-195.68610779265785,0.000949576,-0.07430815177687099,23.60339207595654,121062
127122,1096,205,1144.51521611,617,185.37,0.06842682805686894,-196.22162197604038,0.0009492551999999999,-0.18778053066222974,22.994065331940604,121864
127836,1100,205,1150.71984264,621,185.8,0.068127154887463,-195.47905157811894,0.0009489504,0.06683682062611077,22.196300944926577,122626
128631,1104,205,1156.7487341100002,625,187.56,0.06787030414614097,-194.838787099041,0.0009486292,-0.040621956110631345,22.294026712891917,123429
129405,1108,205,1157.2562416100002,628,189.18,0.066437686954079,-196.02098232576216,0.0009483336,-0.09540471845659716,22.880562891905335,124168
130127,1112,205,1164.1909638500001,632,190.65,0.0673057985131758,-194.58138971259123,0.0009480056,-0.2155397855234842,21.407627662603,124988
130856,1116,205,1175.8499854,636,192.28,0.066618352169879,-195.73378936589114,0.0009477144,0.006965647838269061,21.62642260322794,125716
131468,1120,205,1172.52834489,639,191.23,0.06626200588310466,-197.56775928144697,0.0009474752,-0.03124727196052295,21.321048912881803,126314
132474,1124,205,1179.5360206100002,644,193.45,0.06440993454237556,-196.73196896899506,0.0009471260000000001,0.24254876665408245,21.784908058938015,127187
133298,1128,205,1185.3284697200002,648,194.4,0.06459663421427231,-197.31814588292985,0.0009467712000000001,0.06085327683344419,22.27911590608916,128074
134042,1132,205,1187.1182009400002,652,195.01,0.06534508901714074,-196.18907311950068,0.0009464588,0.34079793893327615,22.45013345853247,128855
134985,1136,205,1198.65789904,656,197.35,0.06443067181355028,-197.36272088805242,0.0009460892,-0.05470513357822575,23.065524613679344,129779
135896,1140,205,1211.9083028300001,661,199.33,0.06478575464739675,-196.37548204159648,0.0009457224,-0.05770073027858947,23.013135796585935,130696
136872,1144,205,1227.1619187800002,666,203.53,0.06474272303638004,-196.3333324746136,0.0009453584,0.1989946940760592,22.61257928790468,131606
137782,1148,205,1232.9209841000002,671,204.65,0.06732166519290522,-194.5487953587582,0.0009449980000000001,0.13622527498947948,22.55127544403076,132507
138621,1152,205,1222.9774639600003,675,203.99,0.0670487250427942,-197.5146813469964,0.000944644,-0.03399677832384367,23.174440002441408,133392
139388,1156,205,1219.3619640799998,679,203.67,0.06655910409451848,-196.7627338388348,0.0009443120000000001,-0.17782343915812876,23.51116550298027,134222
140141,1160,205,1231.09731944,683,203.84,0.06666121676564217,-196.6506561279297,0.0009440244,-0.026699643979469934,22.819664491017658,134941
140839,1164,204,1238.18656024,687,203.24,0.06556341085921634,-197.3477298563177,0.0009437292000000001,0.016578103331002323,23.091231367804788,135679
141568,1168,204,1240.97748089,690,203.48,0.06556920628994703,-196.40318267822266,0.0009434244,0.1767232369631529,22.224613132476808,136441
142259,1172,204,1241.0200275800003,693,202.26,0.06587975683162012,-195.23479241060923,0.0009431828,-0.19818088546933899,22.65494500585349,137045
142996,1176,204,1247.4306656499998,697,199.9,0.0657770106936716,-196.10983441589744,0.0009428788,0.06715364716235239,22.925069201524092,137805
143858,1180,204,1246.60009404,702,198.49,0.06536054467690773,-196.43623208217934,0.0009425324000000001,-0.024300978320543884,22.840875164407198,138671
144586,1184,204,1254.8941132399998,705,198.71,0.0650257114686218,-196.30152287202722,0.0009422376,0.15825482078042685,22.191868183659572,139408
145287,1188,204,1254.39977316,709,198.67,0.06469717002050443,-196.47118523337625,0.0009419472,-0.03803704265843738,23.165112217989837,140134
146348,1192,204,1267.5552948599998,714,201.1,0.06509119098472932,-197.80034629363473,0.0009415956,-0.08167308289886785,23.67092214119308,141013
147300,1196,204,1277.7740491600002,719,201.78,0.06594303844774023,-200.68154363429292,0.0009411516,-0.10550814010995499,25.465947922239913,142123
148168,1200,204,1284.58270631,724,203.32,0.06637474997159169,-199.54735378343233,0.0009408072,-0.15735482082379107,25.145986586200948,142984
149166,1204,204,1300.55064049,729,205.35,0.06375936401102383,-201.77787919477984,0.0009403988,0.2541319176613578,24.600172148391664,144005
150000,1208,204,1312.0641221899998,733,205.95,0.06553943389575387,-202.24576598852215,0.0009400760000000001,0.010734070962221088,24.36659944845191,144812
150920,1212,204,1317.7353774100002,737,207.93,0.06560149542506664,-201.77892180412047,0.0009397392,0.23502821156815176,25.12652543283278,145654
151822,1216,204,1322.7939850900002,742,209.66,0.06484929465700966,-201.75501487765248,0.0009393344,-0.20718293881051925,24.543653996230212,146666
152481,1220,204,1317.6904754999998,746,210.13,0.06465598520763377,-202.538041865572,0.0009390708,0.10161078142675947,24.526294363305922,147325
153200,1224,204,1310.8092724699998,749,207.26,0.06417925421148539,-203.353843460083,0.000938786,0.20552012234926223,24.600702924728395,148037
154199,1228,204,1320.2203148500002,754,209.01,0.0657868763410497,-203.5975965302566,0.0009384168,-0.02536402676982441,24.62093634440981,148960
155073,1232,204,1331.3141679700002,759,210.31,0.06668914523389605,-201.4646507626488,0.0009380364,0.12086134169782911,25.250673142690506,149911
155906,1236,204,1327.51731706,763,209.21,0.06696077360718261,-202.88914093152016,0.0009377288,0.12388641022900652,25.156440155096515,150680
156838,1240,204,1331.7734477299998,767,209.42,0.06597441561612845,-203.48043133114385,0.0009373564,0.07194609145529537,25.34387275094313,151611
157518,1244,204,1318.7732148700002,771,206.46,0.06639313954859972,-202.90233039855957,0.0009370608,0.11991374678909779,26.312662267684935,152350
158296,1248,204,1319.49292014,775,205.14,0.06628010325948708,-203.9580705165863,0.0009367608000000001,-0.003188120841514319,26.28167813271284,153100
159087,1252,204,1323.29134,779,204.66,0.06599713854058079,-203.5247449925337,0.0009364412,0.22295402439813766,25.836321866070783,153899
159818,1256,204,1317.09249621,783,204.3,0.06484879350521155,-203.7020400007801,0.0009361552,-0.4069081522832961,25.78087609195145,154614
160597,1260,204,1311.90293843,786,204.56,0.06570469004562102,-204.50946982510118,0.0009358492000000001,-0.32983947841517897,25.30202378422381,155379
161445,1264,204,1316.3804356399999,791,206.06,0.06568173646296142,-202.92375804759837,0.0009355056000000001,0.004451213296128328,26.016974605580486,156238
162274,1268,204,1314.05646981,795,207.06,0.06523571212833025,-203.7238252600845,0.0009351572,0.06526518894397483,26.287722032897328,157109
163047,1272,204,1308.58816218,799,207.88,0.06721481107448408,-204.66160088184617,0.0009348636000000001,0.14557145450127687,25.674644979506887,157843
164030,1276,203,1311.42510471,804,210.34,0.06700313403522325,-203.59683278190644,0.0009344608,0.039553475083157236,27.052756028551283,158850
164932,1280,203,1308.5809622499996,808,210.74,0.0666219478130712,-203.614357161002,0.0009341048,0.01911281411335847,26.97875294432833,159740
165845,1284,203,1303.18859015,813,212.59,0.06750883263620464,-205.83902285797427,0.0009337764,0.11431462716574621,26.165780799557464,160561
166599,1288,203,1299.5467145999999,817,213.12,0.06793042469298703,-205.6191942061501,0.0009334424000000001,-0.014417289317339316,27.889021435003173,161396
167161,1292,203,1272.05993029,820,208.13,0.06878249885307418,-206.13297896915012,0.0009331936,0.011694326789842712,28.235377099778916,162018
167890,1296,203,1264.12163676,824,205.9,0.06740378789030589,-206.88050196721002,0.000932904,-0.3514925820323137,28.087959858087395,162742
168437,1300,203,1259.8689329899998,826,202.69,0.06593659114221047,-206.90632997710128,0.0009326776,0.06081413338924276,27.345348976398338,163308
169059,1304,203,1246.35726982,830,198.93,0.06579814534756093,-205.7606085484324,0.000932434,0.041819898423805735,27.574750675874597,163917
169596,1308,203,1238.47893762,832,195.96,0.06541668285926183,-207.0967451985677,0.0009322224,0.21234890520572663,27.061759897867837,164446
170268,1312,203,1234.84527584,836,193.48,0.06514510062887617,-206.77508636142898,0.000931958,0.3635126391992621,26.70816993713379,165107
171130,1316,203,1230.5171559700002,840,193.08,0.06535008718324786,-203.95283464345422,0.0009316156,-0.036388935007676176,27.52172404159734,165963
171990,1320,203,1238.2433575900002,845,195.09,0.06371126482180789,-203.3208136094355,0.0009312707999999999,0.018557102015588137,27.149467907120695,166825
172813,1324,203,1237.39999925,849,196.13,0.06459307346948132,-204.32839668929847,0.0009309460000000001,0.12977721349955684,26.970287737263813,167637
173586,1328,203,1225.06432388,853,193.87,0.06356544255287247,-204.3028134371327,0.0009306304,0.05267205016802898,26.238478609945922,168426
174517,1332,203,1225.4531588500001,857,194.44,0.06426583084144763,-205.33861024039132,0.0009302832,0.12690124767167227,27.052546489806403,169294
175190,1336,203,1216.5387720600002,861,192.84,0.06294787134258793,-206.76938673166129,0.0009299908000000001,-0.14020540937781334,27.32485513503735,170025
176135,1340,203,1220.10238413,865,192.97,0.06286125907984873,-205.4590379079183,0.0009296371999999999,-0.12697239049399892,27.92764582633972,170909
176982,1344,203,1233.63182873,870,194.64,0.06370316451174791,-205.60880786950509,0.0009292912,0.44052206842522873,28.169340124540923,171774
177771,1348,203,1232.91273052,874,194.75,0.06324792472957486,-205.63376655406003,0.0009289712,0.23475117583620062,26.85947107513566,172574
178899,1352,203,1249.7667213900002,879,198.12,0.06343899476380388,-203.43906087323654,0.0009285916,-0.10703852076914684,25.88303438296988,173523
179712,1356,203,1260.0732162500003,884,198.94,0.06375125868835001,-203.95136176215277,0.000928184,-0.001989506185054779,26.38878921769623,174542
180827,1360,203,1283.6044343600001,890,202.3,0.06264225873228622,-203.95132233084064,0.0009277536,-0.01739288666476942,25.757640948360912,175618
181663,1364,203,1288.9306998800002,894,202.18,0.061395881496168474,-202.5325379930101,0.0009274152,-0.09544089308998606,25.819898038297087,176464
182486,1368,203,1298.95267778,898,202.12,0.061657558045821424,-203.24710798852237,0.0009270815999999999,0.07216894185101544,25.6350198675085,177298
183459,1372,202,1320.9048121300002,904,204.12,0.0621346109221841,-201.7582084300906,0.0009266799999999999,-0.04996462651463442,25.333839605020923,178302
184215,1376,202,1314.6938778,908,201.85,0.06055585317654053,-201.3175161139009,0.0009263676,0.15995397369571143,24.835415932127667,179083
184815,1380,202,1308.08478596,911,198.83,0.06068959619317736,-200.3695386250814,0.0009261316,0.0895972480731351,24.51578489939372,179673
185521,1384,202,1310.78010567,914,196.76,0.05989287168001444,-200.8275464801697,0.0009258504,0.3185899796311935,24.607802724153803,180376
186118,1388,202,1314.9887810900002,917,195.19,0.06132278544238851,-201.35407430914384,0.0009256092,-0.49814363427554503,24.24359274514114,180979
186970,1392,202,1332.7917225499998,921,198.09,0.05961421810918384,-200.23745377152053,0.0009253188,0.1705405952753844,24.67967221295392,181705
187695,1396,202,1339.03353273,925,198.05,0.060199384675139474,-201.72496090843563,0.0009249880000000001,-0.10445820206687564,24.746828624180385,182532
188283,1400,202,1343.8935533199997,928,198.46,0.06114325838837218,-201.63706158577128,0.0009247476000000001,-0.07668850111200455,24.37842457007009,183133
189116,1404,202,1356.1803094299996,932,200.57,0.0599325317701306,-201.8270490755537,0.0009244316000000001,-0.022872466330576425,24.73177586821996,183923
189858,1408,202,1366.02346835,936,202.62,0.06078579937004381,-201.3158696492513,0.0009241228,0.02053302617536651,23.99739497502645,184695
190723,1412,202,1367.08331024,940,204.55,0.05895506258963085,-201.0917233722966,0.0009238172,0.06082375020515628,23.88809473921613,185459
191564,1416,202,1370.8400550600002,944,204.34,0.059157142432575874,-200.71351769187234,0.0009234560000000001,0.04012764597480947,24.627688182484018,186362
192366,1420,202,1382.5898408899998,948,203.76,0.05906969388946891,-200.89490615844727,0.0009231256,0.2020824398845434,23.654023275375366,187188
193400,1424,202,1400.4792136099998,953,205.87,0.05943061796379388,-199.34959386083372,0.0009227268,0.009735878104944109,22.800154099404562,188185
194390,1428,202,1413.3305678,958,208.04,0.059533417409304346,-198.54703635036356,0.0009223715999999999,0.12351070772303213,23.12971602336015,189073
195156,1432,202,1413.0076904699997,963,206.39,0.060310804927201006,-197.49014888787121,0.0009220224,0.23342942154925803,22.856193139686347,189946
196070,1436,202,1430.0569827499996,968,208.8,0.059526623218875974,-198.22210520255464,0.0009216348,0.017534481126721166,23.787614782317345,190915
196690,1440,202,1419.5745455699996,971,205.55,0.05897310118458859,-198.5181168856686,0.0009213856,0.3776480766804251,22.874627191726475,191538
197493,1444,202,1423.6195456299997,974,205.11,0.06041507001987285,-199.37238281594833,0.0009210964000000001,-0.06697366315092744,23.93583428118862,192261
198278,1448,202,1430.3679415300003,979,205.07,0.05880525118824261,-199.96188929543567,0.0009207496,0.17220855270748708,23.20317192219976,193128
199287,1452,202,1426.1102759799999,983,203.88,0.058792884769714455,-200.62124265082264,0.0009203932,0.0015386669276815366,22.985596837607456,194019
200074,1456,202,1429.2587187100005,987,203.62,0.05995464482771352,-200.2572986621575,0.0009200640000000001,0.3095562344260991,23.237744270287124,194842
200852,1460,202,1409.57375202,991,200.25,0.059102380665994825,-200.8094940185547,0.0009197516,-0.20839549005031585,23.152220108395532,195623
201931,1464,202,1423.0605815300003,997,202.68,0.05934200072739305,-200.0515680393251,0.0009193291999999999,-0.28768155679983254,22.896996321798373,196679
203036,1468,202,1435.9936524700001,1003,205.5,0.059056729748007956,-201.44824741663558,0.0009188668,-0.12581586452682367,24.19738713810953,197835
203908,1472,202,1431.7228860599996,1007,204.49,0.05771033798900594,-200.89720498883682,0.0009185124,0.12901143340045065,23.22197234756955,198721
204798,1476,202,1425.9639899699996,1012,205.83,0.05906215182446933,-200.13813845761172,0.0009181468000000001,-0.33898491761484345,24.022797124369163,199635
205492,1480,202,1430.7989962099998,1016,206.77,0.05775398598052561,-201.8110635063865,0.000917864,0.08885838768698952,22.55123770236969,200342
206278,1484,202,1435.76072866,1019,207.57,0.058170085924482626,-202.3513409814169,0.0009175763999999999,0.18383413345314736,22.611553325209506,201061
207131,1488,202,1443.3142076700003,1023,210.13,0.056931662359133814,-200.51553772435045,0.0009172408,0.06152675357280356,22.858259547840465,201900
207908,1492,202,1441.7866283699996,1027,209.38,0.056829400529915634,-201.81317017295143,0.0009169264,-0.0225612312047319,22.106259096752513,202686
208809,1496,202,1447.3853773399999,1032,211.14,0.05659102265676741,-200.23564114228137,0.0009165752,-0.08807411016021645,22.461724718631302,203564
209611,1500,202,1451.25883348,1036,213.28,0.05600547605171436,-201.0979140863186,0.0009162368,0.4552298951439741,22.366750931158297,204410
210349,1504,202,1447.1413019700003,1040,212.33,0.05796254985034466,-201.3714838027954,0.0009159488,-0.3439589384943247,22.15794467009031,205130
211150,1508,202,1448.8991220399998,1044,212.92,0.05758896240964532,-202.8125757598877,0.0009156100000000001,-0.059777185916900635,21.963968172073365,205977
211942,1512,202,1445.6481107799998,1048,212.19,0.05680898502469063,-201.670140283758,0.0009153276000000001,-0.08261561725627292,22.227274218472566,206683
212615,1516,202,1441.6946125200004,1051,210.51,0.05762339010834694,-201.5025161614939,0.0009150272000000001,0.11150647461915217,22.916159798117246,207434
213296,1520,202,1434.48684004,1055,209.3,0.0567315619484317,-204.60439802960653,0.0009147632,-0.1738735557329364,23.75506654599818,208094
213951,1524,202,1413.6697139999999,1058,205.51,0.05767680015288243,-206.73090668762623,0.0009144896,0.07009489712666492,23.8784230290627,208778
214650,1528,202,1405.69282349,1062,202.6,0.05695593438513292,-204.45736802731707,0.0009142124000000001,0.1392093111908501,23.346387414984363,209471
215420,1532,202,1408.02852641,1066,202.64,0.057056445664224714,-203.6539042546199,0.0009138891999999999,-0.07111048746185425,23.607774551098164,210279
216193,1536,202,1400.9235117900005,1069,201.23,0.05666250636953324,-203.90929178319553,0.0009135980000000001,0.10920183922993998,24.68127336761831,211007
217016,1540,202,1407.03527647,1074,203.26,0.0570322573478297,-205.53066259669507,0.0009132596,-0.09830979257822037,24.155480782816728,211853
218001,1544,202,1406.7140483699998,1078,205.08,0.056615190494035364,-204.53586253234604,0.0009128988,-0.01125143657002268,23.85473385742445,212755
218843,1548,201,1406.3521146000003,1083,205.65,0.055759245056217,-204.24232810499979,0.0009125272,0.01478177620529455,23.367142499503444,213684
219742,1552,202,1405.3191748700003,1087,204.55,0.054933358591385664,-205.89157706985145,0.0009121948,0.22647076090517984,23.365611718959563,214515
220915,1556,202,1423.9639063199998,1093,208.41,0.05534525239224887,-204.02327262222497,0.00091179,-0.25663455990374895,23.159402096433336,215527
221855,1560,201,1436.0449187300003,1098,210.03,0.056201864819390226,-204.36109584210868,0.000911336,-0.14099386415208678,21.862787143293634,216662
222746,1564,201,1426.88770774,1103,208.15,0.0558412363883895,-202.82182795564893,0.0009109856000000001,-0.17284962004968818,22.3109936982813,217538
223636,1568,201,1419.2194220099998,1107,206.0,0.054641626974326056,-203.14774654475787,0.0009106176000000001,0.2579938397948979,21.422380163469388,218458
224571,1572,201,1421.86813239,1112,206.63,0.05628773702515496,-203.62079230414497,0.0009102512,-0.01533292743894789,21.824209738837347,219374
225601,1576,201,1439.1178661200001,1116,208.03,0.055069619844827424,-202.57918169371476,0.0009098868,0.0012328805479072254,20.867086464131372,220285
226339,1580,201,1441.88119147,1121,208.47,0.054906832369787446,-201.61742313572617,0.000909548,-0.14752851483600388,21.161991244456807,221132
227172,1584,201,1442.76371318,1125,208.94,0.05446999794849665,-202.42462369711092,0.0009092064,0.14447673281083012,21.426809150393648,221986
227888,1588,201,1445.4878474400002,1129,207.57,0.05441533160929599,-200.60133576125241,0.0009088960000000001,-0.12594669521524665,21.672734142689222,222762
228497,1592,201,1446.1754834800001,1132,205.89,0.05324629066950258,-202.26714919595156,0.0009086584,0.07499625117463224,20.076181054115295,223356
229246,1596,201,1435.99663562,1136,204.37,0.05405097492919193,-202.42039549820066,0.0009083644,-0.05559843761010433,21.070347429260494,224091
229857,1600,201,1430.34920721,1139,202.46,0.05415682106014387,-204.1454071233302,0.0009081184,0.14107686428376187,20.961856323995708,224706
230539,1604,201,1431.1324475699998,1143,201.9,0.05338085710599616,-202.3999243658942,0.0009078416,-0.029846284035089855,20.97755312532992,225398
231280,1608,201,1432.86004984,1146,201.3,0.05278835452671321,-202.53293086597753,0.0009075763999999999,0.0174853449347634,21.176873848873115,226061
231854,1612,201,1431.39280001,1149,199.12,0.05385873051320048,-203.42181308664007,0.00090731,-0.27155646767547664,21.363795534312295,226727
232554,1616,201,1433.5088509900002,1153,199.39,0.05306189042367354,-204.28815601252708,0.0009070392000000001,0.10066225536230232,20.90000885875285,227404
233458,1620,201,1449.85386213,1157,201.62,0.05398528519149271,-204.87341759241923,0.000906686,-0.1101214793061963,21.57103733201101,228287
234062,1624,201,1454.23983057,1160,201.11,0.053098647855222225,-205.72944805838844,0.00090643,-0.0138350191780112,21.26268409057097,228927
234809,1628,201,1459.79997034,1164,201.59,0.05310371849271986,-205.65527523265166,0.00090615,0.018190942948160607,21.07522842307496,229627
235531,1632,201,1459.17725676,1168,201.11,0.052385247990633675,-205.4094702711383,0.0009058404,0.1206840550147214,20.847953726944414,230401
236445,1636,201,1464.6572885599996,1172,202.52,0.0522521598307231,-206.39278062427317,0.0009055008,-0.2595197650539966,20.819345001045985,231250
237320,1640,201,1474.7278779099997,1176,203.04,0.05280985285948336,-206.9752885261468,0.0009051635999999999,0.006788479411496525,20.85597698667408,232093
238016,1644,201,1460.7814440199998,1180,200.15,0.0526269913756663,-207.4604927141642,0.0009048704,0.14807172741779348,20.611379736477566,232826
238830,1648,201,1458.8178106900002,1184,199.87,0.05242928593736334,-204.97061692070716,0.0009045436,-0.3515415246953669,20.226820178867616,233643
239838,1652,201,1466.58057682,1189,200.96,0.05247550228765855,-205.9877716700236,0.0009041488,-0.04265869269147515,20.038959675365025,234630
240913,1656,201,1469.4322504500003,1195,199.98,0.051537110725892524,-205.12832686480354,0.0009037372,0.3829742732147376,19.93282354111765,235659
241809,1660,201,1459.55158643,1199,199.54,0.05164363750509013,-203.99873530307661,0.00090338,-0.016107378092324622,19.877686937278675,236552
242831,1664,201,1470.6053614100001,1204,200.85,0.0528562836907804,-204.46322608947753,0.0009029832,0.25260624527931214,19.906331143379212,237544
243647,1668,201,1466.3572089699999,1209,200.11,0.05096436970539995,-203.67623084815773,0.0009026263999999999,0.2071395171655191,19.39152504173485,238436
244501,1672,201,1456.3585658299999,1213,199.3,0.05218488866618524,-203.6064648628235,0.0009023004,0.017563102301210165,19.934802254041035,239251
245241,1676,201,1447.1240538499999,1217,196.4,0.05294512489507364,-203.54711000309433,0.0009019728000000001,0.19771739701892055,19.68248429963755,240070
245947,1680,201,1444.9124670199997,1221,196.08,0.05184629005055095,-203.6795241777287,0.0009017104,0.15097047293255494,19.463753539462424,240726
246640,1684,201,1443.8230526799996,1225,194.68,0.05170732602274337,-203.94999424940875,0.0009014108,-0.2359718759449161,19.76546118859531,241475
247401,1688,201,1444.4173983200003,1228,195.13,0.05126825657133098,-203.29242939709528,0.0009011160000000001,0.2535488917130858,19.977712992663797,242212
248269,1692,201,1440.74478745,1233,197.72,0.05036317431195467,-203.20542724044233,0.0009007536000000001,-0.10291590141477408,20.30430371673019,243118
249120,1696,201,1449.2851963499995,1237,198.74,0.04985474562773141,-203.7990227976153,0.0009004312,-0.2941337102843869,19.861752033233643,243924
249995,1700,201,1460.36159835,1242,201.38,0.04930876400375093,-204.2639867132236,0.0009000816,0.09405272276831902,18.921195787140157,244798
250809,1704,201,1468.25347117,1246,202.7,0.050489962546143144,-204.5887547139102,0.0008997775999999999,-0.22731724868780412,18.560699097015572,245558
251633,1708,201,1465.9528624999998,1250,203.53,0.05010394672887313,-204.2875585210138,0.0008994172000000001,0.25419764089460817,19.484268939556852,246459
252429,1712,201,1483.01743769,1254,205.75,0.05017421337587586,-205.55463930557335,0.0008991212,0.1589065982344372,19.50407204341367,247199
253202,1716,201,1485.1879240699998,1258,206.48,0.050297471458819805,-205.6613535082903,0.0008987976,-0.41548050063874076,18.94966714883567,248008
253999,1720,201,1476.8665024399995,1262,205.41,0.05030223184807615,-206.68951332176124,0.0008984852,-0.3148819167207886,18.77487825037359,248789
255017,1724,201,1490.8413992299995,1267,209.55,0.05072287629570877,-206.48482012832375,0.0008980672,-0.06232108777029473,19.062585332100852,249834
255870,1728,201,1499.1683711300002,1271,210.61,0.050178468751547925,-205.13790310806965,0.000897746,0.0063874895997981926,19.764001017239824,250637
256814,1732,201,1503.30351083,1276,212.83,0.049253852147123085,-205.22401649364528,0.0008973744000000001,0.1377555221895089,19.32385810446624,251566
257673,1736,201,1506.4716049800002,1280,212.28,0.04972939299920057,-205.98219655578882,0.0008970084000000001,-0.08811235598530538,19.10509924531508,252481
258457,1740,201,1495.2603412499996,1284,211.37,0.04910419610066292,-205.22600950583433,0.0008966824,-0.4095798692642114,18.75393747182993,253296
259121,1744,201,1503.8934179100002,1288,211.05,0.0504179198871411,-205.67413893200103,0.0008964112,0.5588386200723194,18.31420892760867,253974
259745,1748,201,1499.17069315,1291,209.15,0.04941942657800329,-203.75675042683648,0.000896162,-0.4962926845022496,18.306172370910645,254597
260541,1752,201,1489.4160800200002,1294,207.03,0.04906619931330703,-206.23835410534497,0.000895882,-0.2799949516572863,19.279091696224302,255297
261323,1756,201,1468.8494894,1299,204.1,0.04880319496705419,-207.0381375994001,0.0008955467999999999,-0.19341466483615694,18.36146360578991,256135
262172,1760,201,1471.92501438,1303,203.63,0.04929822755041816,-208.87198098052835,0.0008952148,0.2179878981600345,19.68113802072588,256965
263201,1764,201,1472.2639103299998,1308,203.7,0.04853971190914708,-209.5724628465291,0.0008948344000000001,0.33515678891001294,20.39074254561101,257916
264028,1768,201,1474.65323903,1312,203.81,0.04912054114950397,-210.07179663925575,0.0008944828,-0.02576900190777249,20.07031562845543,258795
264890,1772,201,1488.8299453300006,1317,203.89,0.04954053214506099,-210.42438892565275,0.0008941228,0.16776120599947478,20.045275858828894,259695
265917,1776,201,1506.92477702,1322,206.76,0.04938045771553197,-211.23163404411443,0.00089371,-0.024679648226865844,19.668534204280576,260727
266728,1780,201,1519.1787025899998,1326,207.81,0.050159090626984836,-210.21355476379395,0.0008934328,-0.4261003701388836,19.601790475845338,261420
267775,1784,201,1529.5882386000003,1331,211.35,0.04917954838087967,-208.56554021062078,0.000893014,-0.03842090915989231,19.34077008135684,262467
268635,1788,201,1535.1685014699997,1336,212.34,0.04988912378366177,-208.59664557961855,0.0008926336000000001,-0.1570910466877044,19.263884695406954,263418
269670,1792,201,1559.8942593800002,1341,214.01,0.049804374304881625,-209.57819836638694,0.0008922104,-0.2625129474543555,19.090940009715947,264476
270616,1796,201,1565.05187737,1345,214.96,0.0480572186606495,-208.55731104800574,0.000891894,0.18951809814101772,18.7792380885074,265267
271335,1800,201,1559.80323508,1349,213.4,0.048475760929099276,-208.95840262408234,0.0008915352,-0.048350974543010766,18.8532000498556,266164
272191,1804,201,1555.3311496600002,1354,213.82,0.04903111783693535,-209.39240981593275,0.0008911924,-0.3151385844355882,18.871823180805553,267021
273116,1808,201,1566.9648564700003,1358,214.83,0.04858162553670506,-209.31989135742188,0.0008908728000000001,0.3164348777383566,18.96126219431559,267820
274102,1812,201,1575.8050166599999,1363,216.73,0.04801375762302689,-209.01130971398374,0.0008904684000000001,0.2959714105713024,18.13527962013527,268831
275107,1816,200,1593.9788603999998,1368,219.05,0.04855055863007823,-209.19925648898365,0.0008900268,0.0023436861879685346,18.261926839695896,269935
275929,1820,201,1590.0760088700001,1372,219.3,0.048512784699941504,-209.77826934964787,0.0008897048,-0.009889036710626386,18.248284043936895,270740
276596,1824,200,1567.3253514300002,1376,215.79,0.04707887520392736,-209.40489760094647,0.0008894208,0.12078141909773632,18.291661785494895,271450
277355,1828,200,1558.1786702900001,1379,214.85,0.0472892704528085,-209.8785426117653,0.0008891384000000001,-0.2728938046236371,18.541277757910795,272156
278058,1832,200,1557.04526506,1383,212.44,0.0481875468718095,-210.9065777460734,0.0008888324,0.3668700382113457,18.246648689111073,272921
278714,1836,200,1549.60381391,1386,210.41,0.04845988725249032,-209.58893567995918,0.0008885716,0.4022818234630097,18.458406563091994,273573
279367,1840,200,1551.26165903,1389,209.1,0.048510316543673215,-210.42785162674753,0.0008883256,0.031940794932214835,19.06613853856137,274188
280016,1844,201,1552.1682395399996,1393,208.95,0.04696224130830675,-210.4727127746966,0.0008880752,0.09967929087344955,18.406091114260114,274814
280803,1848,200,1563.0240180199999,1397,210.58,0.04720756200402372,-210.61811587685034,0.0008877576000000001,-0.021831477460590935,18.78853122232414,275608
281828,1852,200,1575.8931974900001,1402,212.87,0.0471790909399221,-209.9843846073857,0.0008873512,0.310540652814716,18.075856569863152,276624
282885,1856,201,1599.70037117,1407,215.62,0.046395864565761724,-209.16956609609176,0.0008869592,-0.09412705411716384,18.12123198898471,277604
283947,1860,200,1616.6967122600001,1413,217.75,0.04653057755089142,-210.56511261989255,0.0008864764000000001,0.03970757770426397,17.92771528808164,278811
285195,1864,200,1629.0983700900001,1418,219.94,0.04758906364440918,-210.52738386331146,0.0008860088,-0.09619797996638976,17.993566213194857,279980
286419,1868,201,1655.9347960799998,1424,223.91,0.04713103150217129,-211.2626334599086,0.0008855232,0.036288303921797445,17.247670318399155,281194
287369,1872,200,1660.7575510299998,1429,224.79,0.04604500798242433,-210.23203747241527,0.0008851147999999999,-0.1304405200404006,17.77558605887673,282215
287955,1876,200,1639.4182201,1432,220.38,0.046145323663949966,-211.35059446800412,0.0008848756,0.21814393433998888,17.225381483243208,282813
288802,1880,200,1637.77390622,1436,220.74,0.04636404777206288,-210.73249935486157,0.0008845424,0.20069967009551784,17.374283924003958,283646
289362,1884,200,1620.9395811299996,1439,215.87,0.04672405456888004,-211.29446905431612,0.0008843136000000001,-0.504204189273673,17.143101000450027,284218
290165,1888,201,1618.77837874,1443,215.3,0.04630049501716251,-211.23233032226562,0.0008840224,0.031320483069604554,17.42799446952175,284946
290834,1892,200,1600.4672734299998,1447,211.64,0.04535512336426311,-211.35372077094183,0.0008837216000000001,0.022532892171983367,17.25745960518166,285698
291711,1896,201,1602.0436263699999,1450,210.95,0.045558727662658914,-211.50451703341503,0.0008834452,0.34468665810407334,17.9325409790255,286389
292604,1900,201,1610.3510382,1455,212.69,0.04573298291873562,-212.41571908403736,0.0008830768000000001,-0.34379899316979934,17.296689100043718,287310
293282,1904,200,1605.3875623300003,1459,210.91,0.04592942245706113,-213.04974173357388,0.0008827700000000001,0.005348818387813911,16.975372131713137,288077
294176,1908,201,1605.1711998199999,1463,210.6,0.04562973748091782,-213.42308971369377,0.0008824427999999999,-0.1233745529272846,17.77164759591361,288895
295226,1912,200,1603.06373426,1469,211.24,0.04595159353592839,-211.957001661643,0.0008819947999999999,-0.16941872520897633,17.468795272020195,290015
296418,1916,200,1618.9529585599996,1474,213.11,0.04501426074455476,-211.8527897490552,0.0008815720000000001,-0.0043238225508723735,17.79840875941621,291072
297200,1920,200,1622.6636021899994,1479,212.71,0.04476789705407847,-213.9801671702391,0.0008811776,0.35218627152928883,17.141566434483618,292058
297947,1924,200,1641.7245523499992,1483,213.51,0.045359145651261014,-214.78150970458984,0.0008809,-0.40888507942358654,17.454965686798097,292752
298795,1928,200,1642.1153705,1488,214.4,0.04502995526311041,-213.68059186095022,0.0008805404,0.26535682488675316,17.9905351441482,293651
299626,1932,200,1644.2362246000002,1492,215.68,0.044059137601340025,-213.03771397105436,0.0008802372,0.23661878528563599,17.541429532201665,294409
300545,1936,200,1650.6443513300005,1496,218.31,0.04415971711906703,-212.96791887886917,0.0008798784,0.030801095791506868,17.569167901695025,295306
301406,1940,200,1655.7725421300001,1501,220.39,0.045610250245295296,-214.3601863159727,0.0008795144,-0.037702865397449034,17.366934549648132,296216
302411,1944,200,1669.9311922599998,1506,223.95,0.04483824187930483,-212.83014478474638,0.0008791404000000001,-0.2647264915769988,17.219987204475125,297151
303641,1948,200,1699.34219439,1512,228.38,0.044567558966646686,-214.18725967407227,0.0008786452,-0.024395520999052813,17.443722000745968,298389
304569,1952,200,1691.3686601299996,1517,227.41,0.04517438614428951,-214.79077907504163,0.0008782752,0.08616864635859649,17.140032574610057,299314
305492,1956,200,1680.05281078,1522,226.07,0.044647170748577075,-216.10217278824803,0.0008778831999999999,-0.13978574663029666,17.091746088874785,300294
306305,1960,200,1667.3860852,1526,223.58,0.043905206559771336,-216.00048103121762,0.0008775768000000001,0.008456813037724784,16.939923022992044,301060
307220,1964,200,1648.2951447799999,1531,220.25,0.0435971871445902,-216.55026363935627,0.0008771936000000001,-0.22090825450713517,16.856369530568358,302018
308168,1968,200,1636.55188107,1535,217.49,0.044086032607142,-217.08360093639743,0.0008768624000000001,-0.22223919179410703,16.481936812400818,302846
308922,1972,200,1624.8719883099998,1539,215.53,0.04315057429809903,-217.94824374886446,0.0008765191999999999,-0.19719308559284654,16.767427781570788,303704
309763,1976,200,1637.4449394499998,1543,218.08,0.044699527530206576,-216.58611756783944,0.0008761932,-0.44322339362568325,16.457564340697395,304519
310579,1980,200,1631.7309452299994,1548,217.77,0.043762390379394805,-218.58895673479353,0.0008758524,-0.03823343021529062,15.7732691519601,305371
311401,1984,200,1638.69946393,1552,220.39,0.04260349397109934,-218.64559660762188,0.0008755032000000001,-0.21161681449556924,16.101148840892744,306244
312142,1988,200,1636.80905782,1556,219.77,0.04396453292833434,-219.10696348669933,0.0008752172,-0.40065884450722855,16.016132689358894,306959
313172,1992,200,1660.1674051,1561,223.38,0.04307122892127014,-219.7749719619751,0.0008748496,0.1274383024742397,15.835613709229689,307878
313957,1996,200,1658.2004345800003,1565,222.46,0.04335928533626141,-219.55622139623608,0.0008745036,0.39418186129486493,15.760485654496877,308743
315231,2000,200,1679.9513898899997,1570,226.27,0.042253650898467686,-219.43896030439697,0.0008740888,0.25521611531789157,15.668190077641531,309780
316261,2004,200,1706.61780909,1576,229.79,0.042719562964356805,-219.7109959154244,0.0008736036,-0.0847341577601002,15.875981718660837,310993
317205,2008,200,1714.31306892,1581,230.29,0.04256034912946432,-221.28374932330587,0.0008732108000000001,-0.06300864206707996,15.448585410740064,311975
318663,2012,200,1747.8858125699999,1588,234.37,0.041860556374340094,-222.26464447494624,0.0008726632,0.1478683215587638,15.449040398117184,313344
319615,2016,200,1733.0895919,1593,231.97,0.04119951599401183,-222.88739344504026,0.0008722456000000001,0.054005169762974294,15.255960730324805,314388
320471,2020,200,1740.05000822,1598,232.71,0.04168107350533073,-222.32036767908045,0.0008718876,0.11713402319598842,15.20297547417718,315283
321643,2024,200,1767.94994623,1603,236.96,0.041806177161752986,-224.10010896627895,0.0008714908,-0.13903684371386094,15.177859419070113,316275
322716,2028,200,1791.41792802,1610,239.21,0.04134267201162364,-222.62907270318297,0.0008709964,0.11076229715456157,14.615511271507229,317511
323647,2032,200,1797.72159685,1614,240.21,0.040683705937117336,-223.55381324768067,0.000870648,0.14641691103577614,14.701052622795105,318382
324406,2036,200,1797.8741957600002,1618,238.61,0.04147143797793736,-223.58149671554565,0.0008703096000000001,-0.4011745376046747,14.905456806222597,319228
325251,2040,200,1805.23717774,1622,238.45,0.04186485979002192,-225.28295153077298,0.0008700064000000001,-0.011458471142751281,14.800766558141753,319986
326177,2044,200,1806.2353505100002,1627,237.66,0.04051521427726467,-225.3521376435395,0.00086965,-0.16938227380296136,14.700026475038046,320877
326975,2048,200,1773.43377081,1631,233.34,0.04080176561490282,-227.44407074172776,0.0008692936,0.07503717116914786,14.72887961276166,321768
327769,2052,200,1769.1543960999998,1635,232.0,0.03988802629894543,-227.40275407702194,0.0008689876,-0.048498437349042745,14.946964678986703,322533
328598,2056,200,1765.93814071,1639,231.06,0.04081976425855659,-226.33179640659066,0.0008686748,0.09591512278068898,15.109631281120832,323315
329293,2060,200,1761.2962188999995,1643,229.88,0.04134650479170902,-226.78459432302427,0.0008683492,-0.15934778836147845,14.547980032676508,324129
330071,2064,200,1756.6721158299997,1647,228.51,0.040110611936284436,-226.84510396321613,0.0008680664,0.12725179013278748,15.360108142428928,324836
330797,2068,200,1743.6210115000001,1650,226.29,0.0405305355892215,-226.61547346518074,0.0008677623999999999,-0.10143286661362984,13.943232086342825,325596
331616,2072,200,1741.0426464099999,1655,226.94,0.039546991476128175,-228.19859668362525,0.0008674300000000001,-0.5113519151364604,14.77595714446037,326427
332325,2076,200,1733.70368485,1658,225.62,0.040742981688407814,-227.6612409272652,0.0008671036,-0.0953582709794367,14.562789726936096,327243
333190,2080,200,1745.1125198300003,1662,226.11,0.040824014369560326,-228.52239534129268,0.0008668096000000001,-0.040582976101533226,14.956660529841548,327978
334128,2084,200,1760.18337587,1667,227.27,0.04112747276045439,-228.64767199800215,0.0008664284,-0.2056343645312404,15.009520181262767,328931
334832,2088,200,1760.77174375,1671,226.9,0.0397894915248103,-228.1533228930305,0.0008661216000000001,0.3970259699751349,14.860130646649528,329698
335595,2092,200,1745.17685781,1674,224.23,0.03948239343818168,-228.52736525507697,0.0008658436,0.27908650232337373,14.833476144667955,330393
336791,2096,200,1772.6770412999995,1680,228.34,0.04023101813224859,-227.6388307489034,0.0008654184000000001,0.06416371410273239,14.385880156608911,331456
337578,2100,200,1750.52352968,1684,223.47,0.04060161176549141,-228.82052372777184,0.0008650792000000001,-0.9606724518329598,15.146781982377519,332304
338383,2104,200,1736.4675782699999,1688,221.22,0.04054562558679759,-228.3862266281024,0.0008647092,0.246362579517624,14.784438149458698,333229
339010,2108,200,1716.9716823600002,1691,218.05,0.039943849896231,-228.25821956511467,0.0008644648000000001,-0.10481517141865146,14.890941706011372,333840
339965,2112,200,1686.5815128600004,1696,213.02,0.03966584577258811,-229.6506283311959,0.00086411,0.23650712044124145,14.573341771780726,334727
340655,2116,200,1668.25038033,1700,210.4,0.03939421165710181,-229.70753439111647,0.0008638004,-0.05612089976765751,14.300998843573277,335501
341381,2120,200,1659.5130656699998,1703,209.1,0.039906013203729496,-232.69379553464378,0.0008635387999999999,-0.1382345030508419,14.391107861358341,336155
342044,2124,200,1628.6228865,1707,204.01,0.039575549228707464,-231.39043687029582,0.0008632788,-0.25967411133574275,14.586185222718774,336805
342766,2128,200,1606.58166024,1710,200.5,0.04010786573658853,-231.4825246926122,0.0008629932,0.22609659029333384,15.603998581035025,337519
343594,2132,200,1597.0569832699996,1714,199.47,0.039825116041792584,-231.27844478659435,0.000862662,0.19184648000622448,15.262143219987006,338347
344461,2136,200,1597.9485985899994,1719,200.55,0.040510038452015985,-232.02131949530707,0.0008623152000000001,-0.22479894840055042,15.272306447558933,339214
345237,2140,200,1582.9038326599996,1723,199.86,0.04048828024700371,-232.2574230885645,0.0008619980000000001,-0.5978181750802268,14.8442751176176,340007
345948,2144,200,1569.6044916599997,1727,197.71,0.03977692445646451,-232.4562544156719,0.0008617028,-0.17668205000168785,14.721270337451104,340745
346811,2148,200,1582.39370143,1731,198.36,0.04040295764376102,-232.89823957379355,0.0008613564,-0.44962094431858884,14.902338954250208,341611
347675,2152,200,1587.5981476999996,1735,199.06,0.04005136052256988,-234.03558795913878,0.0008610067999999999,-0.19250243136534106,14.733550475048924,342485
348585,2156,200,1593.2092681899999,1740,199.87,0.03950557739862913,-233.11199980144258,0.0008606372,0.2575781756564032,14.759303778032713,343409
349822,2160,200,1625.0879547200002,1746,205.29,0.039305605362640335,-233.76113802449086,0.0008602072,-0.019739603694905055,15.00647044235401,344484
350728,2164,200,1634.5228442699997,1751,206.57,0.039265390504827156,-232.53676798924263,0.000859806,0.27140292579337105,15.406357360009702,345487
351591,2168,200,1643.1619706700003,1755,207.94,0.03999464810539634,-234.53014905524975,0.0008594436,-0.8051314232669351,15.243686391161633,346393
352396,2172,200,1648.4139285899998,1759,207.8,0.03899059335336737,-234.11122512817383,0.0008591152,-0.2595985058857047,14.863859544629635,347214
353192,2176,200,1656.2298265000002,1763,208.67,0.03899545800653312,-234.6475124671811,0.0008588024,0.4695695485573649,15.230860762257393,347996
354086,2180,200,1660.3149568900003,1768,208.96,0.04007493598369238,-235.67667467349042,0.000858446,-0.23529319653165676,15.034079150618794,348887
354976,2184,200,1660.70041262,1772,208.48,0.03854477675101621,-235.34640614579362,0.0008580788,-0.23308951740827016,14.900129787321013,349805
355884,2188,200,1670.9947899899998,1777,210.52,0.03841395576593847,-234.86331646259015,0.0008577296,0.1617016158847191,14.786685043983613,350678
356948,2192,200,1689.88232864,1782,213.53,0.03903104577958584,-235.94480560302733,0.0008573576000000001,-0.1515487813949585,14.461396469116211,351608
358134,2196,200,1687.65105358,1788,213.43,0.03878250129156983,-237.7288401390409,0.0008568488,0.15575622428199012,14.385590724896037,352880
359182,2200,200,1697.0516596600003,1793,216.04,0.03913215904967072,-237.27713495103765,0.0008564124,0.10925281242406655,14.81116919501131,353971
359970,2204,200,1689.7541258899998,1797,215.87,0.039013763463575074,-237.01299988989737,0.0008560992000000001,0.40367677632500143,14.676881048414442,354754
360845,2208,200,1707.9896396199997,1801,218.35,0.03916337430990975,-237.19678681472251,0.0008557704,-0.2122939250298909,13.850053063754377,355576
361788,2212,200,1711.09894967,1806,218.23,0.03911640584117636,-236.7625995982777,0.0008553516000000001,-0.17849780097352935,14.379763442659218,356623
362471,2216,200,1713.2225492,1810,218.16,0.03790398136754731,-237.69024589193526,0.0008550784,-0.11660664524864311,14.298933263999134,357306
363124,2220,200,1713.3970844599999,1813,217.43,0.037662281163243785,-236.30709552764893,0.000854824,0.2583079072129395,14.172083271874321,357942
363776,2224,200,1716.6044867,1816,217.32,0.037933270970027744,-238.1748551669186,0.0008545552,0.10874260594583537,13.947774495164008,358614
364461,2228,200,1717.2484610099998,1820,216.95,0.03889296224264249,-239.34719848632812,0.0008542716000000001,-0.13766003573594027,14.36413038593449,359323
365270,2232,200,1727.9273178000003,1824,216.76,0.037923833057284355,-238.1514727783203,0.00085395,-0.12062975481152534,13.898876051902771,360127
365985,2236,200,1727.1460445699995,1827,215.24,0.0389797253970136,-240.26079656722698,0.0008536776,-0.1880175451490473,14.222362782092805,360808
366704,2240,200,1732.9194005699997,1831,214.67,0.03807110695334354,-238.7457294275265,0.0008533876,-0.19954028268261711,13.5936968869502,361533
367340,2244,200,1731.2790254099998,1834,213.92,0.03702558730455006,-241.43093253740298,0.0008531308,-0.33097796385584316,14.315805958766564,362175
368239,2248,200,1726.44340873,1839,214.28,0.03776405182337657,-240.42669118023335,0.0008527916,0.20464556817144286,14.114739018236186,363023
369264,2252,200,1741.18847592,1843,215.89,0.03772032982669771,-242.01879798664766,0.0008524324,-0.052477125188007075,13.709126854644103,363921
370090,2256,200,1739.4326270599997,1848,215.05,0.0383121281734352,-242.65770181156535,0.00085203,-0.11849641224345424,14.29074100363408,364927
371055,2260,200,1726.45236008,1853,212.33,0.03857895627101778,-243.2590251443706,0.0008517036,0.4180669113671109,14.054553056692148,365743
372441,2264,200,1759.15885558,1860,217.13,0.03758858364728308,-243.65772374733208,0.0008511384,-0.1762924011220637,14.12147437420088,367156
373553,2268,200,1774.7450036399998,1866,219.62,0.0384866426380488,-243.19591500279242,0.0008506888,0.48929801478553503,13.744483128142432,368280
374481,2272,200,1781.6040079900004,1870,220.85,0.03780051432296532,-243.00231155084103,0.0008502976,-0.2088165469721061,13.943423868036595,369258
375392,2276,200,1786.5428219700002,1875,222.0,0.037984704913257006,-242.61165400913782,0.0008499116000000001,0.11891302379307808,13.786431820361646,370223
376494,2280,200,1796.1741837999998,1881,224.08,0.03825568086189082,-243.05798555031802,0.0008495016,0.051258878702791326,13.524038269988491,371248
377459,2284,200,1801.72955544,1885,224.83,0.03834714287351736,-242.74121998708486,0.0008491204,-0.1618246002630754,13.989794574258648,372201
378365,2288,200,1804.8068059,1890,224.81,0.03890849865707765,-244.4362678898191,0.000848732,0.1450109780799224,13.773058696857934,373172
379474,2292,200,1805.7426253299998,1895,225.26,0.03760408087096778,-243.65935768165025,0.0008483812,0.053850355700319034,13.65713981572043,374049
380454,2296,200,1789.3949394699996,1901,223.2,0.03699497902899786,-242.54260308758106,0.0008479220000000001,0.16029136939570796,13.432924551122328,375197
381395,2300,200,1788.1049066399996,1906,222.13,0.036957824148801194,-242.95609629655084,0.0008475452,-0.16185894896503256,13.51883145741054,376139
382641,2304,200,1820.3347944099996,1912,226.71,0.03673357995252264,-244.85016152222232,0.0008470764,-0.09933895546926093,13.758396295400766,377311
383618,2308,200,1822.87111379,1917,227.73,0.0361527965449896,-244.45548044006682,0.0008466620000000001,0.5608322728689903,13.244950106886566,378347
384441,2312,200,1808.4807331999996,1922,226.53,0.036276970888887136,-243.92602251325334,0.0008462748,-0.600038343157087,13.809656889779227,379315
385455,2316,199,1817.9940582699999,1927,229.84,0.03718709278401438,-244.23817737285907,0.0008458528,-0.19245937843244154,14.233300402924256,380370
387043,2320,200,1872.62381164,1934,239.19,0.03747212335205915,-245.2130998577988,0.0008452936,-0.18168318512146933,13.790536425406472,381768
387886,2324,200,1881.4349446499996,1939,241.1,0.03683130099929025,-243.69313342465557,0.0008449256,0.11184434034847861,13.63916886616223,382688
388673,2328,199,1886.3219502999998,1943,242.12,0.037150176370856144,-246.0459138882235,0.0008445972,0.33099499447915537,13.811473060703877,383509
389403,2332,199,1878.73356925,1947,241.33,0.03647243298399143,-244.83964450542743,0.0008443188000000001,-0.138211377347127,13.22759715716044,384205
390036,2336,199,1873.8985777200003,1950,240.51,0.036646101689129545,-246.03254913865473,0.0008440456000000001,-0.1360505706036997,13.197121843259934,384888
391017,2340,199,1895.60821707,1955,243.13,0.03600149120430689,-246.563803018106,0.0008436596000000001,0.01591972225421184,13.320232293412491,385853
391752,2344,200,1902.1316203000001,1958,244.12,0.03717941303853116,-248.46016289206113,0.0008434112,-0.017792438077770808,12.821357421625674,386474
392830,2348,200,1914.12193939,1963,245.91,0.03677938445291137,-247.73004681497648,0.0008429744,-0.07781697233408195,12.867633556134134,387566
394174,2352,200,1937.4206429899998,1970,249.1,0.03640298285920705,-248.0789112363543,0.000842464,0.1895762868890805,12.691793552466802,388842
395051,2356,199,1944.46061805,1975,249.61,0.03592691124674487,-246.81449330106696,0.0008420708,0.3455413798702524,12.727369562108466,389825
396137,2360,199,1954.04220282,1980,250.82,0.03569745752116982,-246.60896322862158,0.0008416452,0.49652316217433734,12.542822464457098,390889
396962,2364,199,1919.9385048499998,1985,245.21,0.03536248301184669,-247.58439644095824,0.0008412916000000001,0.08148631683944427,12.313185283818196,391773
398008,2368,199,1911.63916326,1990,244.55,0.03554288544265397,-247.0684814453125,0.0008408835999999999,0.22850668264100277,12.981428777079183,392793
398819,2372,199,1911.79147536,1994,243.38,0.035348789127287915,-249.07243608960917,0.0008405464000000001,-0.4443633198445919,12.355194970673205,393636
399908,2376,199,1922.34899915,1999,245.16,0.035998786113014186,-249.17195931316292,0.0008401464,-0.22610918410720615,12.790314176656905,394636
400650,2380,199,1902.24252699,2003,241.56,0.0354645026685751,-248.33489857549253,0.000839806,0.06596296960892885,12.194831599359928,395487
401328,2384,199,1884.6783851700002,2007,238.69,0.03529626478291588,-249.87292376859688,0.0008395416000000001,-0.02307119928760293,12.305331477412471,396148
402345,2388,200,1892.55510514,2011,239.8,0.03579152086833576,-248.65854115529103,0.0008391996,0.06672665906382037,12.614664885374877,397003
403148,2392,199,1878.8471167500002,2016,236.74,0.0349522287481361,-249.88235683865017,0.0008388308,0.10114599088827769,12.467273275587294,397925
403875,2396,199,1866.50164605,2019,234.21,0.034948260826472,-251.56874969301845,0.0008385308,0.1835265722147812,12.12871618665887,398675
404694,2400,199,1868.50489854,2023,232.99,0.034723896960743135,-251.43075353070034,0.0008382064,-0.14265486614300255,12.40861942729012,399486
405582,2404,200,1847.1212117100004,2027,229.41,0.035591962469088564,-251.34595142711294,0.0008378988000000001,0.12770137132762313,12.313258363054944,400255
406426,2408,199,1844.12631571,2032,228.08,0.035237793013185796,-251.09409894200857,0.0008375292,-0.2919421470807698,11.959726664834394,401179
407258,2412,199,1852.91549986,2036,228.17,0.0355253670818922,-252.47490472560975,0.0008371588,0.5640352730343982,11.755633493749107,402105
408108,2416,199,1845.7654424300001,2041,226.53,0.03496396467089653,-250.47157076322117,0.0008368236,0.21835269530614218,12.091421102866148,402943
409113,2420,199,1805.4812774999998,2045,220.7,0.03488752368583258,-252.08723688700113,0.0008364516,-0.1114931970715044,12.211307085182773,403873
409992,2424,199,1809.3220107400002,2050,221.06,0.03440419835253404,-253.15316801804764,0.0008360812,0.9583052951747026,11.851374130982618,404799
410878,2428,199,1815.1201801400002,2054,222.05,0.0344314718634909,-251.87294501932257,0.0008357252,0.32009533881886393,12.26786560890002,405689
411913,2432,199,1835.2593042999997,2060,225.1,0.03474014413614686,-252.46319763477032,0.0008353364,0.21959956685224405,12.265912564901205,406661
412889,2436,199,1853.9592860599996,2064,228.53,0.03545474759524777,-252.61216103690012,0.0008349528,0.35213946387881323,12.12149475642613,407620
413846,2440,199,1847.4263072299998,2069,228.29,0.0339602453326716,-252.75273621198042,0.0008346012000000001,-0.048687453264171635,12.25602443472853,408499
415270,2444,199,1886.7013975599996,2077,235.18,0.03418095821811669,-253.43184865315754,0.0008339916000000001,0.10478602751441624,12.242437890647114,410023
416326,2448,199,1895.01518811,2082,234.96,0.03494914090232382,-252.98974912684264,0.0008335716,0.08984288017319612,12.138868396070755,411073
418031,2452,199,1929.1600390600004,2091,238.57,0.033884597777627236,-253.1014308485874,0.0008328772,0.2108095122631206,11.891410330838935,412809
418978,2456,199,1934.73365926,2096,239.27,0.03397244949040836,-254.50197581241005,0.0008324996,0.02052808508865143,12.17656300883544,413753
419753,2460,199,1916.2833879399998,2100,236.16,0.03438551991871775,-255.57185781818546,0.0008321636,0.668128454011597,11.911299176412086,414593
420688,2464,199,1922.78887033,2105,237.26,0.03428805369114586,-255.0234893922381,0.0008318440000000001,-0.08429276376118061,11.966415127279305,415392
421384,2468,199,1904.74464675,2109,233.76,0.03378650515615565,-255.48777655835423,0.0008315156,-0.5508923931691632,11.912220043206364,416213
422060,2472,199,1893.8767290800004,2112,232.41,0.03437346066747393,-254.287080078125,0.0008312396,0.5639299435274941,11.741537502833776,416903
422826,2476,199,1874.3189789199998,2116,229.18,0.03481835435042206,-255.23452031799636,0.000830932,-0.08215464331716767,11.573171800343777,417672
423469,2480,199,1868.8029270000002,2119,228.19,0.033484065793005814,-257.01751175845965,0.0008306804,-0.028792814856552214,11.623224562909229,418301
424132,2484,199,1868.8197587399998,2122,228.04,0.032867106282478804,-255.58232622022751,0.0008304056,-0.4447822021199511,11.362374256183575,418988
424823,2488,199,1848.7188584599999,2126,224.78,0.03315905527395998,-257.21319212888017,0.000830144,0.7681026655563059,11.621658824981852,419642
425554,2492,199,1845.99337529,2130,224.06,0.03347812289173163,-256.46155762903896,0.000829836,-0.2203201337636096,11.603603367666596,420412
426502,2496,199,1862.0633409000002,2134,226.27,0.0337013221083425,-256.5037794587362,0.0008294708,0.09019630357046812,11.79218222423153,421325
427333,2500,199,1860.5015017599999,2138,226.39,0.03389415678185255,-257.08734053403595,0.0008291652,0.25522743309209794,11.603242985488194,422089
428133,2504,199,1857.6851193099997,2142,225.51,0.03387248528992186,-258.50991760858216,0.0008288468,0.18512946249234793,12.135354108149462,422885
429067,2508,199,1862.48951123,2147,226.41,0.033928163759588625,-259.52452175012615,0.0008284728000000001,-0.28154454818752966,11.988769636199805,423820
429937,2512,199,1852.67159701,2151,226.79,0.03379165804922863,-259.5634660042858,0.000828098,0.05612693748202934,11.860723829947377,424757
430751,2516,199,1859.2657288900002,2155,226.43,0.0333332348686115,-257.2828052302075,0.0008277936,-0.29193763140660184,11.94866652397593,425518
431646,2520,199,1855.79900311,2160,225.33,0.033187652098565876,-260.0400372894717,0.0008274648,-0.06725121557082929,12.014506481063197,426340
432517,2524,199,1853.3944884199996,2164,225.25,0.033802426759249125,-259.0384251521184,0.00082708,0.0666715525663816,11.956316737639598,427302
433334,2528,199,1850.94562246,2169,224.56,0.03315349214085161,-259.43348972547,0.0008267388,0.2745468171492015,11.653168830697394,428155
434102,2532,199,1835.1954116299999,2172,221.89,0.033154678405136674,-258.2225479950776,0.000826442,-0.44969494389118375,11.391028997060415,428897
434904,2536,199,1823.2088592200002,2176,220.15,0.0336395973769518,-258.27134305513823,0.0008261136,0.14148559593237364,11.481226202157828,429718
435609,2540,199,1810.0107365299998,2180,217.63,0.03264255362024548,-257.8233085422341,0.0008258132000000001,-0.032817631891561214,11.481625981287126,430469
436320,2544,199,1768.9682896099996,2184,210.5,0.03300061173377985,-259.7005542617246,0.0008255384,-0.31843298763395794,11.323507981128003,431156
437107,2548,199,1748.60286655,2188,207.81,0.033580727564791836,-258.9533369982684,0.000825242,0.36927137385915826,11.672253065639072,431897
437808,2552,199,1671.55123137,2191,197.77,0.03297849841653667,-259.7462091648832,0.0008249596,0.7376806242985928,11.120864436981526,432603
438743,2556,199,1668.1175077600003,2196,197.65,0.03350914263578712,-259.0856717636025,0.0008245972,-0.5989289603760986,11.434977614814466,433509
439737,2560,199,1677.1262701799997,2200,199.84,0.03305630552871474,-259.7315282962592,0.0008241992,-0.20854573487648237,11.631007293175006,434504
440590,2564,199,1666.8427313899997,2205,199.02,0.03224273330026678,-260.2017479456059,0.0008238324000000001,-0.1498163870364561,11.312591864923725,435421
441427,2568,199,1676.0554318000002,2209,200.43,0.03397860551494678,-260.5471927555463,0.0008235048,-0.32328166863845503,11.54594240115799,436240
442294,2572,199,1688.2042377499997,2213,202.34,0.032273291381743716,-260.7591726195137,0.0008231756,-0.3242316778819516,11.346911421361959,437063
443349,2576,199,1704.2698348,2219,205.23,0.03290435021981261,-258.83941956331256,0.00082276,0.22490527127918444,11.502748783369709,438102
444139,2580,199,1709.225811,2223,206.7,0.03201200406244196,-259.6745774906837,0.000822422,-0.022961500963550405,11.615971740769462,438947
445074,2584,199,1726.52117558,2227,209.42,0.03244602251717973,-259.9629183920668,0.0008221076000000001,0.15485117427780903,11.336183318764355,439733
445933,2588,199,1737.739786,2232,211.1,0.03281724066835016,-259.21710114500837,0.0008217308,-0.022938367438642946,11.717145675937878,440675
446780,2592,199,1746.4501663099998,2236,212.26,0.033026453872790205,-262.2402373442779,0.0008213792,-0.0813750590827014,11.984335079708615,441554
447577,2596,199,1741.2434423199998,2240,210.75,0.03273541536889499,-261.02881313275685,0.0008210624,0.15009665036503272,11.940075186234486,442346
448492,2600,199,1743.3666788299995,2244,211.59,0.033633611020697673,-261.66348728663485,0.0008207088,-0.1582741336503499,11.429044857831068,443230
449417,2604,199,1750.93022799,2249,212.84,0.03271736816369172,-261.84266075721155,0.0008203212,0.05439876827308565,12.104367903642432,444199
450386,2608,199,1748.9656207799999,2254,213.19,0.032555388321203214,-263.9432234587493,0.0008199284000000001,0.1710467360637806,11.975100133154127,445181
451584,2612,199,1784.7949547200003,2260,216.47,0.03300879662284394,-261.98254979389014,0.000819508,-0.119415775637076,11.84899175489271,446232
452387,2616,199,1782.3190250999999,2264,216.36,0.031838069966697434,-263.2159236866039,0.0008191292,0.02662104892206716,11.683535156669198,447179
453249,2620,199,1787.23298597,2269,216.03,0.03278193144088096,-262.14515114642205,0.0008187892000000001,-0.14169613725327432,11.261921671603588,448029
454028,2624,199,1788.3694317099998,2272,215.11,0.03253019507549125,-263.47674253977596,0.0008184684,-0.33312651678307414,11.334963942227299,448831
454963,2628,199,1797.8572881600003,2277,216.29,0.03224459514525291,-263.0759041244919,0.000818148,-0.10917940635133434,11.30956160699999,449632
455928,2632,199,1814.2436601600004,2282,218.26,0.03257745207009608,-262.11059242382385,0.0008177132,-0.15363941367780953,11.095496610591287,450719
456765,2636,199,1820.3095910700006,2286,218.61,0.032168446436196894,-262.43993008791745,0.0008174032,-0.478180019901349,11.259931881349166,451494
457635,2640,199,1820.5705466500003,2291,220.26,0.031944449309367635,-261.9116791987765,0.0008169944000000001,0.2694014763270599,11.102739994076716,452516
458362,2644,199,1825.4278599900001,2294,220.42,0.032371292306863246,-262.34160265009456,0.000816732,0.00015652211422615862,11.036918487954647,453172
459077,2648,199,1823.05295755,2298,219.7,0.03152574988807871,-262.5972657539475,0.0008164388,0.4839934250558486,11.190917838907017,453905
459924,2652,199,1835.1429699999997,2302,221.16,0.03204939533129085,-265.2013928290852,0.0008161204,0.0465681994094529,11.277470769828923,454701
460680,2656,199,1828.2690317200002,2306,219.37,0.031821693677855076,-263.86687801382635,0.0008157924,0.19851780173468725,11.697152579571569,455521
461480,2660,199,1819.2397079,2309,217.43,0.031996092609601255,-264.1538700056665,0.0008155264,-0.5065286146637834,10.983979484181345,456186
462259,2664,199,1820.7651827400002,2314,216.69,0.03239496103266165,-265.10268883478074,0.0008151868,0.2604417855008727,11.320010054679145,457035
463051,2668,199,1819.7580788100001,2318,216.24,0.03150046795781236,-265.559583067894,0.0008148480000000001,0.3624035455286503,11.327375262975693,457882
464086,2672,199,1826.5672149900001,2323,217.92,0.032227017331061904,-266.0994381462176,0.0008144364,-0.07115669271995112,11.301451474120936,458911
465080,2676,199,1830.62517166,2328,217.31,0.03188381112719837,-265.29807691072165,0.0008140644,0.21962698274537137,11.252820270939877,459841
466029,2680,199,1842.9916470399999,2333,218.9,0.03162596898990265,-263.7877972146739,0.0008136520000000001,0.33610854382100314,11.563782609027365,460872
466856,2684,199,1834.62963012,2337,217.82,0.031181028610918413,-265.5242172950922,0.0008133532,0.07068279281605122,11.521776565285617,461619
468190,2688,199,1860.2034853800003,2343,222.57,0.03152959509938955,-265.1088699645996,0.0008128044,0.08513606151938438,11.101350554466247,462991
468995,2692,199,1856.5001088800002,2347,222.15,0.031347871064966504,-266.06515964241913,0.0008124928,-0.42731986298810604,11.374634836995325,463770
469778,2696,199,1852.6378575899996,2352,222.01,0.03163569576848867,-265.76623289463885,0.0008121500000000001,0.20138372973365298,11.287442130557562,464627
470573,2700,199,1846.9079433900001,2356,220.81,0.03158898168072408,-266.85291087870695,0.0008118412000000001,-0.1621275901186223,11.296223515880351,465399
471348,2704,199,1842.5463527700003,2361,219.31,0.031956707925668786,-265.84472465515137,0.0008115312000000001,0.39044467200125965,11.327888432003203,466174
472132,2708,199,1831.91892564,2364,217.46,0.03231627192628177,-264.66325078534254,0.0008112496,-0.34063523956116915,11.366763462221002,466878
472932,2712,199,1803.3047586300004,2369,213.48,0.03147673031145876,-266.98064898866596,0.0008109004,0.7589794754078893,11.133965177247019,467751
473646,2716,199,1801.3225150900003,2372,212.59,0.031030724357281412,-266.80311652981504,0.0008106052,0.03756124085309554,11.374416386351294,468489
474348,2720,199,1788.23702638,2376,210.99,0.032066150435379574,-266.09591404506136,0.0008103352000000001,-0.06173977741173335,11.55791580745152,469164
475092,2724,199,1785.1244701599996,2379,210.64,0.03268118200455597,-267.0930217811447,0.000810036,-0.0046946415733434485,11.165317723851004,469912
475739,2728,199,1768.1245460599996,2383,207.76,0.03127367818905484,-267.7534602028983,0.0008097576,0.35086831938297974,10.948533466884069,470608
476459,2732,199,1750.6766082,2386,205.31,0.03166655038038026,-266.98372939210503,0.0008095088000000001,-0.9823998460858505,11.185732740793169,471230
477167,2736,199,1743.2420996,2390,204.02,0.030456471411104233,-268.0271845937565,0.000809206,0.023049774548865313,11.498516202762428,471987
477802,2740,199,1740.1467665500004,2393,201.67,0.030844373906503863,-266.5327256615482,0.0008089472,0.3110187447337962,11.556948149382178,472634
478543,2744,199,1735.81896132,2396,201.81,0.03189739215054682,-266.4650923592704,0.0008086835999999999,-0.4035289421677589,11.616713210514613,473293
479198,2748,199,1729.2523189499998,2400,201.21,0.03132447400440772,-269.2667861938477,0.0008083836,0.01716981808344523,11.418116900126138,474043
479894,2752,199,1721.0776749999998,2404,199.7,0.030998650710615847,-268.3904273139106,0.000808114,-0.18250309510363472,11.62614819208781,474717
480691,2756,199,1713.7537143599998,2407,200.11,0.031094080840165798,-269.2951914469401,0.0008078328,0.2119432311409559,11.247746736575396,475420
481547,2760,199,1719.43312331,2412,200.67,0.03173856824137194,-268.84928665947666,0.0008074924000000001,-0.2972519446894066,11.281304949337674,476271
482399,2764,199,1722.0762744999997,2416,201.4,0.031059269938850775,-268.6498126188914,0.0008071204,0.24078408651985228,11.735052605470022,477201
483259,2768,199,1725.5228872799998,2421,202.08,0.03088481188751757,-268.33414918023186,0.0008067692,0.05008354667272117,11.404359169908473,478079
