controls,,,,,,,,
version=1,,,,,,,,
nRows=530,,,,,,,,
nColumns=7,,,,,,,,
inDegrees=no,,,,,,,,
endheader,,,,,,,,
time,TRIlong,TRIlat,TRImed,BIClong,BICshort,BRA,r_shoulder_elev,r_elbow_flex
0.03,0.0359337,0.02894616,0.02880336,0.02,0.02,0.02,0,0.00040527
0.03019809,0.02,0.03,0.028,0.03218517,0.02475259,0.02,0,0.00041322
0.03039618,0.02,0.03,0.028,0.03218517,0.02475259,0.02,0,0.00042127
0.03138662,0.02,0.03,0.028,0.03218517,0.02475259,0.02,0.00000002,0.00046302
0.03521808,0.02,0.03,0.028,0.03218517,0.02475259,0.02,0.00000048,0.00064836
0.03904954,0.02,0.03,0.028,0.03218517,0.02475259,0.02,0.0000018,0.00087466
0.04,0.02,0.03,0.028,0.03218517,0.02475259,0.02,0.0000023,0.0009376
0.040929,0.02,0.028,0.022,0.03467364,0.02519319,0.02,0.00000286,0.00100185
0.041858,0.02,0.028,0.022,0.03467364,0.02519319,0.02,0.00000351,0.00106882
0.04650298,0.02,0.028,0.022,0.03467364,0.02519319,0.02,0.00000807,0.00144636
0.05,0.02,0.028,0.022,0.03467364,0.02519319,0.02,0.00001306,0.00178026
0.05041428,0.02,0.022,0.022,0.03946333,0.02914499,0.02,0.00001374,0.00182278
0.05082855,0.02,0.022,0.022,0.03946333,0.02914499,0.02,0.00001445,0.00186594
0.05289994,0.02,0.022,0.022,0.03946333,0.02914499,0.02,0.00001822,0.00209155
0.05803037,0.02,0.022,0.022,0.03946333,0.02914499,0.02,0.00002899,0.00272559
0.06,0.02,0.022,0.022,0.03946333,0.02914499,0.02,0.00003335,0.00299985
0.06048154,0.02,0.028,0.026,0.04460774,0.02858342,0.02,0.00003441,0.00306966
0.06096307,0.02,0.028,0.026,0.04460774,0.02858342,0.02,0.00003546,0.00314058
0.06337075,0.02,0.028,0.026,0.04460774,0.02858342,0.02,0.00004063,0.00351211
0.07,0.02,0.028,0.026,0.04460774,0.02858342,0.02,0.00005396,0.00468689
0.07042433,0.02,0.026,0.026,0.04866579,0.03339372,0.02,0.0000548,0.00476986
0.07084867,0.02,0.026,0.026,0.04866579,0.03339372,0.02,0.00005564,0.00485377
0.07297034,0.02,0.026,0.026,0.04866579,0.03339372,0.02,0.00005994,0.00528756
0.07825948,0.02,0.026,0.026,0.04866579,0.03339372,0.02,0.00007147,0.00647435
0.08,0.02,0.026,0.026,0.04866579,0.03339372,0.02,0.00007557,0.00689862
0.08041307,0.02,0.022,0.026,0.05447397,0.03486213,0.022,0.00007658,0.00700181
0.08082615,0.02,0.022,0.026,0.05447397,0.03486213,0.022,0.00007759,0.00710595
0.08289152,0.02,0.022,0.026,0.05447397,0.03486213,0.022,0.00008277,0.00764137
0.08620904,0.02,0.022,0.026,0.05447397,0.03486213,0.022,0.0000908,0.00855556
0.08952655,0.02,0.022,0.026,0.05447397,0.03486213,0.022,0.00009717,0.00954197
0.09,0.02,0.022,0.026,0.05447397,0.03486213,0.022,0.00009788,0.00968892
0.09037848,0.02,0.026,0.026,0.0616761,0.026,0.02,0.0000984,0.00980752
0.09075696,0.02,0.026,0.026,0.0616761,0.026,0.02,0.00009889,0.00992714
0.09264935,0.02,0.026,0.026,0.0616761,0.026,0.02,0.00010078,0.01054049
0.09814882,0.02,0.026,0.026,0.0616761,0.026,0.02,0.00010167,0.01246812
0.1,0.02,0.026,0.026,0.0616761,0.026,0.02,0.00010092,0.01316516
0.10031296,0.02,0.022,0.022,0.06905748,0.03811235,0.02,0.00010077,0.01328537
0.10062592,0.02,0.022,0.022,0.06905748,0.03811235,0.02,0.00010061,0.01340626
0.10219073,0.02,0.022,0.022,0.06905748,0.03811235,0.02,0.00009977,0.01402085
0.10691938,0.02,0.022,0.022,0.06905748,0.03811235,0.02,0.00009713,0.01598132
0.11,0.02,0.022,0.022,0.06905748,0.03811235,0.02,0.00009555,0.01734337
0.11062077,0.02,0.024,0.024,0.07327559,0.026,0.022,0.00009525,0.01762608
0.11124155,0.02,0.024,0.024,0.07327559,0.026,0.022,0.00009496,0.01791158
0.11434542,0.02,0.024,0.024,0.07327559,0.026,0.022,0.00009349,0.01938148
0.11836766,0.02,0.024,0.024,0.07327559,0.026,0.022,0.00009133,0.02139349
0.12,0.02,0.024,0.024,0.07327559,0.026,0.022,0.00009036,0.022245
0.12034498,0.02,0.024,0.022,0.08164562,0.03668804,0.022,0.00009015,0.02242755
0.12068997,0.02,0.024,0.022,0.08164562,0.03668804,0.022,0.00008994,0.02261101
0.12241488,0.02,0.024,0.022,0.08164562,0.03668804,0.022,0.00008889,0.02354185
0.1278711,0.02,0.024,0.022,0.08164562,0.03668804,0.022,0.00008598,0.02663568
0.13,0.02,0.024,0.022,0.08164562,0.03668804,0.022,0.00008515,0.02790487
0.13046106,0.02,0.022,0.022,0.0866199,0.0399441,0.022,0.000085,0.02818435
0.13092212,0.02,0.022,0.022,0.0866199,0.0399441,0.022,0.00008487,0.02846548
0.1332274,0.02,0.022,0.022,0.0866199,0.0399441,0.022,0.00008439,0.02989587
0.13871875,0.02,0.022,0.022,0.0866199,0.0399441,0.022,0.00008423,0.03347209
0.14,0.02,0.022,0.022,0.0866199,0.0399441,0.022,0.00008429,0.03434142
0.14040856,0.02,0.024,0.022,0.09383048,0.03836918,0.022,0.00008431,0.03462144
0.14081712,0.02,0.024,0.022,0.09383048,0.03836918,0.022,0.00008433,0.03490283
0.14285991,0.02,0.024,0.022,0.09383048,0.03836918,0.022,0.00008441,0.03633034
0.15,0.02,0.024,0.022,0.09383048,0.03836918,0.022,0.00008434,0.04159226
0.15040017,0.02,0.024,0.022,0.10099634,0.04204672,0.022,0.00008432,0.04189981
0.15080034,0.02,0.024,0.022,0.10099634,0.04204672,0.022,0.00008431,0.0422087
0.15280119,0.02,0.024,0.022,0.10099634,0.04204672,0.022,0.00008423,0.04377338
0.15799015,0.02,0.024,0.022,0.10099634,0.04204672,0.022,0.00008384,0.04798991
0.16,0.02,0.024,0.022,0.10099634,0.04204672,0.022,0.00008349,0.0496856
0.16045178,0.02,0.022,0.024,0.10755023,0.03849533,0.02,0.00008338,0.05007162
0.16090355,0.02,0.022,0.024,0.10755023,0.03849533,0.02,0.00008327,0.05045942
0.16316244,0.02,0.022,0.024,0.10755023,0.03849533,0.02,0.00008255,0.05242533
0.17,0.02,0.022,0.024,0.10755023,0.03849533,0.02,0.00007883,0.05865095
0.17043554,0.02,0.02406252,0.024,0.11449673,0.04327051,0.022,0.00007852,0.05906154
0.17087107,0.02,0.02406252,0.024,0.11449673,0.04327051,0.022,0.00007821,0.05947382
0.17233461,0.02,0.02406252,0.024,0.11449673,0.04327051,0.022,0.00007713,0.06087154
0.17497255,0.02,0.02406252,0.024,0.11449673,0.04327051,0.022,0.00007494,0.06343913
0.17964426,0.02,0.02406252,0.024,0.11449673,0.04327051,0.022,0.00006984,0.0681407
0.18,0.02,0.02406252,0.024,0.11449673,0.04327051,0.022,0.00006937,0.06850689
0.18032314,0.02,0.024,0.02708774,0.12024635,0.04939999,0.02,0.00006893,0.06884053
0.18064629,0.02,0.024,0.02708774,0.12024635,0.04939999,0.02,0.00006847,0.06917514
0.18226201,0.02,0.024,0.02708774,0.12024635,0.04939999,0.02,0.00006606,0.07086252
0.18608948,0.02,0.024,0.02708774,0.12024635,0.04939999,0.02,0.00006014,0.0749532
0.18991695,0.02,0.024,0.02708774,0.12024635,0.04939999,0.02,0.00005568,0.07917076
0.19,0.02,0.024,0.02708774,0.12024635,0.04939999,0.02,0.00005561,0.07926365
0.19034631,0.02,0.024,0.022,0.12892139,0.04222623,0.02,0.00005534,0.07965162
0.19069262,0.02,0.024,0.022,0.12892139,0.04222623,0.02,0.00005509,0.08004059
0.19242418,0.02,0.024,0.022,0.12892139,0.04222623,0.02,0.00005423,0.08200052
0.19650162,0.02,0.024,0.022,0.12892139,0.04222623,0.02,0.00005434,0.08671612
0.2,0.02,0.024,0.022,0.12892139,0.04222623,0.02,0.00005599,0.09087718
0.2003777,0.02,0.02575285,0.022,0.13719946,0.04697359,0.02,0.00005621,0.09133291
0.20075539,0.02,0.02575285,0.022,0.13719946,0.04697359,0.02,0.00005644,0.09178992
0.20264387,0.02,0.02575285,0.022,0.13719946,0.04697359,0.02,0.00005764,0.0940941
0.20679196,0.02,0.02575285,0.022,0.13719946,0.04697359,0.02,0.00006084,0.09926709
0.21,0.02,0.02575285,0.022,0.13719946,0.04697359,0.02,0.00006406,0.10337269
0.21053176,0.02,0.024,0.026,0.14354624,0.03799533,0.02,0.00006466,0.10406208
0.21106352,0.02,0.024,0.026,0.14354624,0.03799533,0.02,0.00006527,0.10475399
0.21372232,0.02,0.024,0.026,0.14354624,0.03799533,0.02,0.00006856,0.1082514
0.21892596,0.02,0.024,0.026,0.14354624,0.03799533,0.02,0.00007601,0.11527907
0.22,0.02,0.024,0.026,0.14354624,0.03799533,0.02,0.00007767,0.1167598
0.22017973,0.02,0.02875009,0.0262463,0.14882506,0.05939497,0.02,0.00007796,0.1170086
0.22035946,0.02,0.02875009,0.0262463,0.14882506,0.05939497,0.02,0.00007824,0.11725768
0.22125812,0.02,0.02875009,0.0262463,0.14882506,0.05939497,0.02,0.00007966,0.11850745
0.22404783,0.02,0.02875009,0.0262463,0.14882506,0.05939497,0.02,0.00008449,0.12243233
0.22683754,0.02,0.02875009,0.0262463,0.14882506,0.05939497,0.02,0.00009072,0.12642336
0.23,0.02,0.02875009,0.0262463,0.14882506,0.05939497,0.02,0.00010014,0.13102573
0.23030288,0.02,0.024,0.02662365,0.15935443,0.0322554,0.02,0.00010118,0.13147085
0.23060576,0.02,0.024,0.02662365,0.15935443,0.0322554,0.02,0.00010223,0.13191674
0.23212018,0.02,0.024,0.02662365,0.15935443,0.0322554,0.02,0.00010783,0.13415767
0.23591585,0.02,0.024,0.02662365,0.15935443,0.0322554,0.02,0.00012351,0.13985996
0.23971152,0.02,0.024,0.02662365,0.15935443,0.0322554,0.02,0.00013995,0.14568935
0.24,0.02,0.024,0.02662365,0.15935443,0.0322554,0.02,0.00014118,0.14613774
0.2403315,0.02,0.02932916,0.02641223,0.16576485,0.05834809,0.02,0.00014258,0.14665393
0.24066299,0.02,0.02932916,0.02641223,0.16576485,0.05834809,0.02,0.00014397,0.14717114
0.24232048,0.02,0.02932916,0.02641223,0.16576485,0.05834809,0.02,0.00015077,0.14977232
0.24579118,0.02,0.02932916,0.02641223,0.16576485,0.05834809,0.02,0.00016426,0.15530051
0.24926187,0.02,0.02932916,0.02641223,0.16576485,0.05834809,0.02,0.00017672,0.16093871
0.25,0.02,0.02932916,0.02641223,0.16576485,0.05834809,0.02,0.00017919,0.1621521
0.25034765,0.02,0.02960805,0.02829169,0.17485904,0.06145492,0.022,0.00018032,0.16272533
0.2506953,0.02,0.02960805,0.02829169,0.17485904,0.06145492,0.022,0.00018144,0.16329969
0.25243356,0.02,0.02960805,0.02829169,0.17485904,0.06145492,0.022,0.00018674,0.16618829
0.25566051,0.02,0.02960805,0.02829169,0.17485904,0.06145492,0.022,0.00019524,0.1716251
0.25959719,0.02,0.02960805,0.02829169,0.17485904,0.06145492,0.022,0.00020256,0.17839023
0.26,0.02,0.02960805,0.02829169,0.17485904,0.06145492,0.022,0.00020306,0.17909082
0.26046054,0.02,0.0314044,0.0302781,0.18154751,0.06324247,0.02,0.00020356,0.17989377
0.26092109,0.02,0.0314044,0.0302781,0.18154751,0.06324247,0.02,0.00020398,0.18069878
0.26322381,0.02,0.0314044,0.0302781,0.18154751,0.06324247,0.02,0.00020515,0.18475428
0.26552654,0.02,0.0314044,0.0302781,0.18154751,0.06324247,0.02,0.00020538,0.18885849
0.26950178,0.02,0.0314044,0.0302781,0.18154751,0.06324247,0.02,0.00020553,0.1960521
0.27,0.02,0.0314044,0.0302781,0.18154751,0.06324247,0.02,0.00020559,0.19696312
0.27035141,0.02,0.03147319,0.02965749,0.19217611,0.06196438,0.02,0.00020565,0.19760692
0.27070281,0.02,0.03147319,0.02965749,0.19217611,0.06196438,0.02,0.00020571,0.19825176
0.27245984,0.02,0.03147319,0.02965749,0.19217611,0.06196438,0.02,0.0002061,0.20149148
0.2762204,0.02,0.03147319,0.02965749,0.19217611,0.06196438,0.02,0.00020679,0.20851389
0.27998096,0.02,0.03147319,0.02965749,0.19217611,0.06196438,0.02,0.00020553,0.21566122
0.28,0.02,0.03147319,0.02965749,0.19217611,0.06196438,0.02,0.00020552,0.21569773
0.28047812,0.02,0.03277784,0.03182852,0.19800693,0.06566791,0.02,0.0002051,0.21661575
0.28095624,0.02,0.03277784,0.03182852,0.19800693,0.06566791,0.02,0.00020462,0.21753588
0.28268317,0.02,0.03277784,0.03182852,0.19800693,0.06566791,0.02,0.00020237,0.22087666
0.28528271,0.02,0.03277784,0.03182852,0.19800693,0.06566791,0.02,0.00019793,0.22595526
0.28876653,0.02,0.03277784,0.03182852,0.19800693,0.06566791,0.02,0.00019097,0.23285163
0.29,0.02,0.03277784,0.03182852,0.19800693,0.06566791,0.02,0.00018831,0.23531768
0.29027686,0.02,0.03430149,0.03421149,0.20845289,0.07175971,0.02,0.0001877,0.23587295
0.29055373,0.02,0.03430149,0.03421149,0.20845289,0.07175971,0.02,0.00018708,0.23642886
0.29193804,0.02,0.03430149,0.03421149,0.20845289,0.07175971,0.02,0.00018393,0.23921786
0.29436126,0.02,0.03430149,0.03421149,0.20845289,0.07175971,0.02,0.00017866,0.2441364
0.29678448,0.02,0.03430149,0.03421149,0.20845289,0.07175971,0.02,0.00017441,0.24909899
0.3,0.02,0.03430149,0.03421149,0.20845289,0.07175971,0.02,0.00017077,0.25575055
0.30038976,0.02,0.03525698,0.03320608,0.21553631,0.07690625,0.02,0.00017047,0.25656196
0.30077952,0.02,0.03525698,0.03320608,0.21553631,0.07690625,0.02,0.00017019,0.2573745
0.3027283,0.02,0.03525698,0.03320608,0.21553631,0.07690625,0.02,0.00016909,0.26145423
0.30797182,0.02,0.03525698,0.03320608,0.21553631,0.07690625,0.02,0.00016622,0.27257845
0.31,0.02,0.03525698,0.03320608,0.21553631,0.07690625,0.02,0.00016373,0.2769424
0.31024148,0.02,0.03838505,0.03674994,0.22871198,0.028,0.02,0.00016333,0.27746436
0.31048296,0.02,0.03838505,0.03674994,0.22871198,0.028,0.02,0.00016292,0.27798684
0.31169035,0.02,0.03838505,0.03674994,0.22871198,0.028,0.02,0.00016052,0.28060683
0.31381429,0.02,0.03838505,0.03674994,0.22871198,0.028,0.02,0.00015554,0.28524475
0.31593822,0.02,0.03838505,0.03674994,0.22871198,0.028,0.02,0.00015081,0.28991604
0.32,0.02,0.03838505,0.03674994,0.22871198,0.028,0.02,0.00014613,0.2989306
0.32015766,0.02,0.03910269,0.03704428,0.23301943,0.0833009,0.022,0.00014611,0.2992825
0.32031533,0.02,0.03910269,0.03704428,0.23301943,0.0833009,0.022,0.00014611,0.29963455
0.32110365,0.02,0.03910269,0.03704428,0.23301943,0.0833009,0.022,0.0001463,0.30139692
0.32424295,0.02,0.03910269,0.03704428,0.23301943,0.0833009,0.022,0.00015062,0.30844988
0.32738224,0.02,0.03910269,0.03704428,0.23301943,0.0833009,0.022,0.00015964,0.31556067
0.33,0.02,0.03910269,0.03704428,0.23301943,0.0833009,0.022,0.00016906,0.32153868
0.33027623,0.02,0.04067841,0.03809689,0.24602112,0.0630997,0.02,0.00017009,0.32217224
0.33055246,0.02,0.04067841,0.03809689,0.24602112,0.0630997,0.02,0.00017112,0.32280633
0.33193361,0.02,0.04067841,0.03809689,0.24602112,0.0630997,0.02,0.00017623,0.32598496
0.33438249,0.02,0.04067841,0.03809689,0.24602112,0.0630997,0.02,0.00018521,0.33165401
0.33740325,0.02,0.04067841,0.03809689,0.24602112,0.0630997,0.02,0.00019628,0.33870438
0.34,0.02,0.04067841,0.03809689,0.24602112,0.0630997,0.02,0.0002056,0.34481579
0.34041779,0.02,0.04096286,0.03876262,0.25528357,0.07680699,0.02,0.00020706,0.34580347
0.34083559,0.02,0.04096286,0.03876262,0.25528357,0.07680699,0.02,0.0002085,0.34679238
0.34292456,0.02,0.04096286,0.03876262,0.25528357,0.07680699,0.02,0.00021545,0.35175526
0.34591672,0.02,0.04096286,0.03876262,0.25528357,0.07680699,0.02,0.0002245,0.35891726
0.35,0.02,0.04096286,0.03876262,0.25528357,0.07680699,0.02,0.00023389,0.36879452
0.35031609,0.02,0.04262017,0.04083308,0.26339568,0.08412871,0.02,0.00023442,0.36956424
0.35063217,0.02,0.04262017,0.04083308,0.26339568,0.08412871,0.02,0.0002349,0.37033469
0.35221261,0.02,0.04262017,0.04083308,0.26339568,0.08412871,0.02,0.00023686,0.37419795
0.35435248,0.02,0.04262017,0.04083308,0.26339568,0.08412871,0.02,0.00023853,0.37945682
0.35745489,0.02,0.04262017,0.04083308,0.26339568,0.08412871,0.02,0.00023961,0.38713616
0.36,0.02,0.04262017,0.04083308,0.26339568,0.08412871,0.02,0.0002392,0.39348423
0.36033276,0.02,0.04373087,0.04240284,0.27534062,0.08140053,0.02,0.00023904,0.39431744
0.36066551,0.02,0.04373087,0.04240284,0.27534062,0.08140053,0.02,0.00023885,0.39515141
0.36232929,0.02,0.04373087,0.04240284,0.27534062,0.08140053,0.02,0.00023748,0.39933245
0.36461792,0.02,0.04373087,0.04240284,0.27534062,0.08140053,0.02,0.00023471,0.40511335
0.36810847,0.02,0.04373087,0.04240284,0.27534062,0.08140053,0.02,0.00022884,0.41399441
0.37,0.02,0.04373087,0.04240284,0.27534062,0.08140053,0.02,0.00022468,0.41883948
0.37038837,0.02,0.046459,0.04526332,0.28378024,0.0853952,0.02,0.00022372,0.41983712
0.37077675,0.02,0.046459,0.04526332,0.28378024,0.0853952,0.02,0.00022272,0.42083574
0.37271861,0.02,0.046459,0.04526332,0.28378024,0.0853952,0.02,0.00021735,0.42584273
0.37466047,0.02,0.046459,0.04526332,0.28378024,0.0853952,0.02,0.00021203,0.43087065
0.37831185,0.02,0.046459,0.04526332,0.28378024,0.0853952,0.02,0.00020441,0.44037416
0.38,0.02,0.046459,0.04526332,0.28378024,0.0853952,0.02,0.0002023,0.44478817
0.38036774,0.02,0.04732638,0.04564939,0.29556264,0.0851512,0.02,0.00020197,0.44575136
0.38073548,0.02,0.04732638,0.04564939,0.29556264,0.0851512,0.02,0.00020167,0.44671514
0.38257418,0.02,0.04732638,0.04564939,0.29556264,0.0851512,0.02,0.00020082,0.45154285
0.38531399,0.02,0.04732638,0.04564939,0.29556264,0.0851512,0.02,0.00020144,0.45876353
0.38996234,0.02,0.04732638,0.04564939,0.29556264,0.0851512,0.02,0.00020604,0.47109094
0.39,0.02,0.04732638,0.04564939,0.29556264,0.0851512,0.02,0.00020608,0.47119122
0.39031199,0.02,0.04991421,0.04749285,0.30369794,0.09180302,0.02,0.00020645,0.47202235
0.39062398,0.02,0.04991421,0.04749285,0.30369794,0.09180302,0.02,0.00020683,0.47285395
0.39218393,0.02,0.04991421,0.04749285,0.30369794,0.09180302,0.02,0.00020873,0.47701898
0.39420738,0.02,0.04991421,0.04749285,0.30369794,0.09180302,0.02,0.00021155,0.48243798
0.39719717,0.02,0.04991421,0.04749285,0.30369794,0.09180302,0.02,0.00021701,0.49047678
0.4,0.02,0.04991421,0.04749285,0.30369794,0.09180302,0.02,0.00022328,0.49804727
0.40034003,0.02,0.05131454,0.04841707,0.31589886,0.07653487,0.02,0.00022408,0.49896803
0.40068006,0.02,0.05131454,0.04841707,0.31589886,0.07653487,0.02,0.00022488,0.49988931
0.40238022,0.02,0.05131454,0.04841707,0.31589886,0.07653487,0.02,0.0002289,0.5045034
0.4047369,0.02,0.05131454,0.04841707,0.31589886,0.07653487,0.02,0.00023464,0.51091993
0.40835144,0.02,0.05131454,0.04841707,0.31589886,0.07653487,0.02,0.00024355,0.52080753
0.41,0.02,0.05131454,0.04841707,0.31589886,0.07653487,0.02,0.00024735,0.52533628
0.41026199,0.02,0.05339646,0.05044778,0.32286726,0.09741272,0.02,0.00024793,0.52605711
0.41052397,0.02,0.05339646,0.05044778,0.32286726,0.09741272,0.02,0.00024849,0.52677826
0.41183391,0.02,0.05339646,0.05044778,0.32286726,0.09741272,0.02,0.00025117,0.53038858
0.41393422,0.02,0.05339646,0.05044778,0.32286726,0.09741272,0.02,0.00025523,0.53619239
0.41666076,0.02,0.05339646,0.05044778,0.32286726,0.09741272,0.02,0.00026041,0.54375293
0.42,0.02,0.05339646,0.05044778,0.32286726,0.09741272,0.02,0.00026609,0.5530532
0.42030698,0.02,0.05483687,0.05330138,0.335609,0.07745349,0.02,0.00026653,0.55391052
0.42061395,0.02,0.05483687,0.05330138,0.335609,0.07745349,0.02,0.00026694,0.55476825
0.42214883,0.02,0.05483687,0.05330138,0.335609,0.07745349,0.02,0.00026872,0.55906291
0.42420438,0.02,0.05483687,0.05330138,0.335609,0.07745349,0.02,0.00027066,0.56482898
0.42720698,0.02,0.05483687,0.05330138,0.335609,0.07745349,0.02,0.00027319,0.57327898
0.43,0.02,0.05483687,0.05330138,0.335609,0.07745349,0.02,0.00027522,0.58116739
0.43040884,0.02,0.05808349,0.05527673,0.34521743,0.09141606,0.02,0.00027547,0.58232439
0.43081768,0.02,0.05808349,0.05527673,0.34521743,0.09141606,0.02,0.0002757,0.58348197
0.43286189,0.02,0.05808349,0.05527673,0.34521743,0.09141606,0.02,0.00027679,0.58927805
0.43490609,0.02,0.05808349,0.05527673,0.34521743,0.09141606,0.02,0.00027835,0.59508566
0.43926874,0.02,0.05808349,0.05527673,0.34521743,0.09141606,0.02,0.00028506,0.60751156
0.44,0.02,0.05808349,0.05527673,0.34521743,0.09141606,0.02,0.00028665,0.60959832
0.4403798,0.02,0.05999111,0.05755898,0.35531073,0.09703262,0.02,0.00028751,0.61068261
0.4407596,0.02,0.05999111,0.05755898,0.35531073,0.09703262,0.02,0.0002884,0.61176722
0.44265859,0.02,0.05999111,0.05755898,0.35531073,0.09703262,0.02,0.00029332,0.61719472
0.44455759,0.02,0.05999111,0.05755898,0.35531073,0.09703262,0.02,0.00029924,0.62262878
0.44841272,0.02,0.05999111,0.05755898,0.35531073,0.09703262,0.02,0.00031435,0.63367938
0.45,0.02,0.05999111,0.05755898,0.35531073,0.09703262,0.02,0.00032138,0.63823741
0.45039324,0.02,0.06344224,0.05857525,0.36615882,0.09098647,0.022,0.00032314,0.63936749
0.45078648,0.02,0.06344224,0.05857525,0.36615882,0.09098647,0.022,0.00032491,0.64049792
0.4527527,0.02,0.06344224,0.05857525,0.36615882,0.09098647,0.022,0.0003338,0.64615516
0.45471891,0.02,0.06344224,0.05857525,0.36615882,0.09098647,0.022,0.00034291,0.65182028
0.45862254,0.02,0.06344224,0.05857525,0.36615882,0.09098647,0.022,0.00036139,0.66309057
0.46,0.02,0.06344224,0.05857525,0.36615882,0.09098647,0.022,0.00036769,0.66707539
0.46019703,0.02,0.06595714,0.06310008,0.37131491,0.11002017,0.02,0.00036857,0.66764574
0.46039406,0.02,0.06595714,0.06310008,0.37131491,0.11002017,0.02,0.00036944,0.66821619
0.4613792,0.02,0.06595714,0.06310008,0.37131491,0.11002017,0.02,0.00037367,0.67106985
0.46340999,0.02,0.06595714,0.06310008,0.37131491,0.11002017,0.02,0.0003821,0.67695889
0.46544078,0.02,0.06595714,0.06310008,0.37131491,0.11002017,0.02,0.00039058,0.68285491
0.47,0.02,0.06595714,0.06310008,0.37131491,0.11002017,0.02,0.00040982,0.69611543
0.47022402,0.02,0.06863633,0.0653407,0.38757674,0.04517983,0.02,0.00041072,0.69676792
0.47044804,0.02,0.06863633,0.0653407,0.38757674,0.04517983,0.02,0.00041161,0.69742052
0.47156814,0.02,0.06863633,0.0653407,0.38757674,0.04517983,0.02,0.0004159,0.70068504
0.47390598,0.02,0.06863633,0.0653407,0.38757674,0.04517983,0.02,0.0004242,0.70750599
0.47624382,0.02,0.06863633,0.0653407,0.38757674,0.04517983,0.02,0.00043206,0.71433506
0.48,0.02,0.06863633,0.0653407,0.38757674,0.04517983,0.02,0.00044392,0.72532224
0.48022752,0.02,0.07185593,0.06869784,0.39186454,0.10531335,0.02,0.00044459,0.72598835
0.48045503,0.02,0.07185593,0.06869784,0.39186454,0.10531335,0.02,0.00044526,0.72665452
0.48159262,0.02,0.07185593,0.06869784,0.39186454,0.10531335,0.02,0.00044853,0.72998634
0.48356606,0.02,0.07185593,0.06869784,0.39186454,0.10531335,0.02,0.00045419,0.73576886
0.48598495,0.02,0.07185593,0.06869784,0.39186454,0.10531335,0.02,0.00046182,0.74285867
0.48938482,0.02,0.07185593,0.06869784,0.39186454,0.10531335,0.02,0.00047402,0.7528257
0.49,0.02,0.07185593,0.06869784,0.39186454,0.10531335,0.02,0.00047631,0.75462955
0.49027335,0.02,0.07466846,0.07068112,0.40579326,0.05257083,0.02,0.00047733,0.75543114
0.4905467,0.02,0.07466846,0.07068112,0.40579326,0.05257083,0.02,0.00047834,0.75623278
0.49191344,0.02,0.07466846,0.07068112,0.40579326,0.05257083,0.02,0.00048334,0.7602416
0.49418986,0.02,0.07466846,0.07068112,0.40579326,0.05257083,0.02,0.0004916,0.76692025
0.49695463,0.02,0.07466846,0.07068112,0.40579326,0.05257083,0.02,0.00050171,0.77503314
0.5,0.02,0.07466846,0.07068112,0.40579326,0.05257083,0.02,0.00051245,0.78397164
0.50032274,0.02,0.07780827,0.07529104,0.41718076,0.07278917,0.02,0.00051352,0.78491914
0.50064547,0.02,0.07780827,0.07529104,0.41718076,0.07278917,0.02,0.00051457,0.78586669
0.50225916,0.02,0.07780827,0.07529104,0.41718076,0.07278917,0.02,0.00051959,0.79060502
0.50424481,0.02,0.07780827,0.07529104,0.41718076,0.07278917,0.02,0.00052566,0.79643538
0.50713651,0.02,0.07780827,0.07529104,0.41718076,0.07278917,0.02,0.0005352,0.8049224
0.51,0.02,0.07780827,0.07529104,0.41718076,0.07278917,0.02,0.00054545,0.81332139
0.51029139,0.02,0.08229512,0.07848029,0.42082723,0.09885641,0.02,0.00054651,0.81417587
0.51058279,0.02,0.08229512,0.07848029,0.42082723,0.09885641,0.02,0.00054756,0.81503031
0.51203976,0.02,0.08229512,0.07848029,0.42082723,0.09885641,0.02,0.00055279,0.81930198
0.51409942,0.02,0.08229512,0.07848029,0.42082723,0.09885641,0.02,0.0005604,0.82533794
0.5168398,0.02,0.08229512,0.07848029,0.42082723,0.09885641,0.02,0.00057145,0.83336165
0.52,0.02,0.08229512,0.07848029,0.42082723,0.09885641,0.02,0.000585,0.84260483
0.52024767,0.02,0.08667638,0.08244246,0.43630841,0.04331926,0.02,0.00058605,0.84332891
0.52049535,0.02,0.08667638,0.08244246,0.43630841,0.04331926,0.02,0.00058709,0.84405296
0.52173371,0.02,0.08667638,0.08244246,0.43630841,0.04331926,0.02,0.00059218,0.8476726
0.52387025,0.02,0.08667638,0.08244246,0.43630841,0.04331926,0.02,0.00060082,0.85391419
0.52600678,0.02,0.08667638,0.08244246,0.43630841,0.04331926,0.02,0.00060977,0.86014964
0.53,0.02,0.08667638,0.08244246,0.43630841,0.04331926,0.02,0.0006276,0.87178507
0.53045463,0.02,0.08963458,0.08610344,0.44270977,0.07037292,0.02,0.00062966,0.8731083
0.53090926,0.02,0.08963458,0.08610344,0.44270977,0.07037292,0.02,0.00063171,0.87443128
0.53318239,0.02,0.08963458,0.08610344,0.44270977,0.07037292,0.02,0.00064187,0.88104186
0.53545553,0.02,0.08963458,0.08610344,0.44270977,0.07037292,0.02,0.00065223,0.88764383
0.53772867,0.02,0.08963458,0.08610344,0.44270977,0.07037292,0.02,0.00066283,0.89423651
0.54,0.02,0.08963458,0.08610344,0.44270977,0.07037292,0.02,0.00067319,0.90081566
0.54038997,0.02,0.09428125,0.08968008,0.45183619,0.06719402,0.02,0.0006749,0.90194451
0.54077993,0.02,0.09428125,0.08968008,0.45183619,0.06719402,0.02,0.00067656,0.90307319
0.54272976,0.02,0.09428125,0.08968008,0.45183619,0.06719402,0.02,0.00068446,0.90871357
0.5446796,0.02,0.09428125,0.08968008,0.45183619,0.06719402,0.02,0.00069188,0.91434782
0.54745691,0.02,0.09428125,0.08968008,0.45183619,0.06719402,0.02,0.00070194,0.92236086
0.54993669,0.02,0.09428125,0.08968008,0.45183619,0.06719402,0.02,0.00071004,0.92950383
0.55,0.02,0.09428125,0.08968008,0.45183619,0.06719402,0.02,0.00071022,0.92968606
0.55028018,0.02,0.09996885,0.09607382,0.46251942,0.05522664,0.02,0.00071104,0.93049246
0.55056035,0.02,0.09996885,0.09607382,0.46251942,0.05522664,0.02,0.00071183,0.93129876
0.55196124,0.02,0.09996885,0.09607382,0.46251942,0.05522664,0.02,0.00071546,0.93532848
0.55424968,0.02,0.09996885,0.09607382,0.46251942,0.05522664,0.02,0.00072077,0.94190282
0.55653811,0.02,0.09996885,0.09607382,0.46251942,0.05522664,0.02,0.00072625,0.94846326
0.56,0.02,0.09996885,0.09607382,0.46251942,0.05522664,0.02,0.00073546,0.95835814
0.56036121,0.02,0.10500217,0.10116371,0.46960592,0.05015785,0.02,0.00073645,0.95938859
0.56072243,0.02,0.10500217,0.10116371,0.46960592,0.05015785,0.02,0.00073743,0.96041869
0.5625285,0.02,0.10500217,0.10116371,0.46960592,0.05015785,0.02,0.00074235,0.96556353
0.56433457,0.02,0.10500217,0.10116371,0.46960592,0.05015785,0.02,0.00074756,0.97069786
0.56773995,0.02,0.10500217,0.10116371,0.46960592,0.05015785,0.02,0.0007591,0.98034647
0.57,0.02,0.10500217,0.10116371,0.46960592,0.05015785,0.02,0.00076783,0.98672639
0.57031844,0.02,0.10924448,0.10704884,0.48112598,0.04517973,0.02,0.00076908,0.9876239
0.57063687,0.02,0.10924448,0.10704884,0.48112598,0.04517973,0.02,0.00077034,0.98852107
0.57222905,0.02,0.10924448,0.10704884,0.48112598,0.04517973,0.02,0.00077665,0.9930018
0.57440225,0.02,0.10924448,0.10704884,0.48112598,0.04517973,0.02,0.00078556,0.99910284
0.57737327,0.02,0.10924448,0.10704884,0.48112598,0.04517973,0.02,0.00079871,1.0074141
0.58,0.02,0.10924448,0.10704884,0.48112598,0.04517973,0.02,0.00081068,1.01473488
0.58033459,0.02,0.1167068,0.11155703,0.48627686,0.05217008,0.02,0.00081216,1.01566573
0.58066917,0.02,0.1167068,0.11155703,0.48627686,0.05217008,0.02,0.00081362,1.01659623
0.58234211,0.02,0.1167068,0.11155703,0.48627686,0.05217008,0.02,0.00082064,1.0212434
0.58452369,0.02,0.1167068,0.11155703,0.48627686,0.05217008,0.02,0.0008294,1.02728895
0.58754812,0.02,0.1167068,0.11155703,0.48627686,0.05217008,0.02,0.00084144,1.03564012
0.59,0.02,0.1167068,0.11155703,0.48627686,0.05217008,0.02,0.00085089,1.04238469
0.59025427,0.02,0.12380522,0.11969069,0.49203157,0.07209469,0.02,0.00085182,1.04308291
0.59050855,0.02,0.12380522,0.11969069,0.49203157,0.07209469,0.02,0.00085274,1.04378092
0.59177992,0.02,0.12380522,0.11969069,0.49203157,0.07209469,0.02,0.00085713,1.04726756
0.59401264,0.02,0.12380522,0.11969069,0.49203157,0.07209469,0.02,0.00086442,1.05337555
0.59624537,0.02,0.12380522,0.11969069,0.49203157,0.07209469,0.02,0.00087193,1.05946156
0.6,0.02,0.12380522,0.11969069,0.49203157,0.07209469,0.02,0.00088549,1.06964364
0.60026111,0.02,0.13102549,0.12660414,0.50293285,0.03889762,0.02,0.00088643,1.07034935
0.60052222,0.02,0.13102549,0.12660414,0.50293285,0.03889762,0.02,0.00088737,1.07105479
0.60182776,0.02,0.13102549,0.12660414,0.50293285,0.03889762,0.02,0.00089196,1.0745776
0.60438484,0.02,0.13102549,0.12660414,0.50293285,0.03889762,0.02,0.00090083,1.08145498
0.60694192,0.02,0.13102549,0.12660414,0.50293285,0.03889762,0.02,0.00091025,1.08829964
0.60949901,0.02,0.13102549,0.12660414,0.50293285,0.03889762,0.02,0.00092022,1.09511092
0.61,0.02,0.13102549,0.12660414,0.50293285,0.03889762,0.02,0.00092217,1.09644169
0.61035166,0.02,0.13806406,0.13263041,0.50799198,0.026,0.02,0.00092353,1.09737507
0.61070331,0.02,0.13806406,0.13263041,0.50799198,0.026,0.02,0.00092487,1.09830789
0.61246159,0.02,0.13806406,0.13263041,0.50799198,0.026,0.02,0.00093139,1.10296337
0.61486849,0.02,0.13806406,0.13263041,0.50799198,0.026,0.02,0.00094008,1.10931171
0.61798548,0.02,0.13806406,0.13263041,0.50799198,0.026,0.02,0.00095151,1.11748821
0.62,0.02,0.13806406,0.13263041,0.50799198,0.026,0.02,0.00095877,1.122746
0.62026892,0.02,0.14546305,0.14144819,0.51582829,0.03993464,0.02,0.0009597,1.12344635
0.62053783,0.02,0.14546305,0.14144819,0.51582829,0.03993464,0.02,0.00096062,1.12414635
0.62188242,0.02,0.14546305,0.14144819,0.51582829,0.03993464,0.02,0.00096503,1.12764115
0.62443,0.02,0.14546305,0.14144819,0.51582829,0.03993464,0.02,0.00097293,1.13423725
0.62697757,0.02,0.14546305,0.14144819,0.51582829,0.03993464,0.02,0.00098099,1.14079701
0.63,0.02,0.14546305,0.14144819,0.51582829,0.03993464,0.02,0.00099081,1.14853132
0.63029137,0.02,0.15386015,0.14932901,0.51919231,0.03,0.02,0.00099173,1.14927428
0.63058275,0.02,0.15386015,0.14932901,0.51919231,0.03,0.02,0.00099264,1.15001679
0.63203962,0.02,0.15386015,0.14932901,0.51919231,0.03,0.02,0.000997,1.15372262
0.63475308,0.02,0.15386015,0.14932901,0.51919231,0.03,0.02,0.00100468,1.1605934
0.63746653,0.02,0.15386015,0.14932901,0.51919231,0.03,0.02,0.0010125,1.16742044
0.64,0.02,0.15386015,0.14932901,0.51919231,0.03,0.02,0.00101979,1.17375493
0.64029277,0.02,0.16257073,0.15750223,0.5212152,0.026,0.02,0.0010206,1.17448459
0.64058555,0.02,0.16257073,0.15750223,0.5212152,0.026,0.02,0.00102139,1.17521376
0.64204941,0.02,0.16257073,0.15750223,0.5212152,0.026,0.02,0.00102514,1.17885252
0.6447878,0.02,0.16257073,0.15750223,0.5212152,0.026,0.02,0.00103159,1.18562589
0.6475262,0.02,0.16257073,0.15750223,0.5212152,0.026,0.02,0.00103807,1.19235238
0.65,0.02,0.16257073,0.15750223,0.5212152,0.026,0.02,0.00104396,1.19838788
0.65028307,0.02,0.17102186,0.16657074,0.52670327,0.024,0.02,0.00104461,1.19907609
0.65056614,0.02,0.17102186,0.16657074,0.52670327,0.024,0.02,0.00104525,1.19976381
0.6519815,0.02,0.17102186,0.16657074,0.52670327,0.024,0.02,0.00104828,1.20319515
0.65484377,0.02,0.17102186,0.16657074,0.52670327,0.024,0.02,0.00105399,1.21009565
0.65770605,0.02,0.17102186,0.16657074,0.52670327,0.024,0.02,0.00105984,1.21694123
0.66,0.02,0.17102186,0.16657074,0.52670327,0.024,0.02,0.00106454,1.22238776
0.66029013,0.02,0.17997623,0.17508464,0.53170879,0.024,0.02,0.0010651,1.22307419
0.66058026,0.02,0.17997623,0.17508464,0.53170879,0.024,0.02,0.00106565,1.22376008
0.66203093,0.02,0.17997623,0.17508464,0.53170879,0.024,0.02,0.00106819,1.22718159
0.66499788,0.02,0.17997623,0.17508464,0.53170879,0.024,0.02,0.00107253,1.23413713
0.66796483,0.02,0.17997623,0.17508464,0.53170879,0.024,0.02,0.00107612,1.24103394
0.67,0.02,0.17997623,0.17508464,0.53170879,0.024,0.02,0.00107798,1.24573113
0.67044625,0.02,0.18612867,0.17966745,0.53013871,0.034,0.02,0.0010783,1.24675742
0.67089249,0.02,0.18612867,0.17966745,0.53013871,0.034,0.02,0.0010786,1.24778241
0.67312372,0.02,0.18612867,0.17966745,0.53013871,0.034,0.02,0.0010797,1.25288735
0.67641713,0.02,0.18612867,0.17966745,0.53013871,0.034,0.02,0.00108087,1.26035862
0.68,0.02,0.18612867,0.17966745,0.53013871,0.034,0.02,0.00108224,1.26839618
0.68034833,0.02,0.19146186,0.18766752,0.53726999,0.03,0.02,0.00108237,1.26917257
0.68069667,0.02,0.19146186,0.18766752,0.53726999,0.03,0.02,0.00108248,1.26994808
0.68243833,0.02,0.19146186,0.18766752,0.53726999,0.03,0.02,0.00108296,1.27381234
0.68572633,0.02,0.19146186,0.18766752,0.53726999,0.03,0.02,0.00108376,1.28104534
0.68901433,0.02,0.19146186,0.18766752,0.53726999,0.03,0.02,0.00108485,1.28819484
0.69,0.02,0.19146186,0.18766752,0.53726999,0.03,0.02,0.00108516,1.290322
0.6903547,0.02,0.20037427,0.19338577,0.53659081,0.028,0.02,0.00108525,1.2910857
0.6907094,0.02,0.20037427,0.19338577,0.53659081,0.028,0.02,0.00108533,1.29184846
0.69248289,0.02,0.20037427,0.19338577,0.53659081,0.028,0.02,0.00108553,1.29564835
0.69583864,0.02,0.20037427,0.19338577,0.53659081,0.028,0.02,0.00108541,1.30277309
0.6991944,0.02,0.20037427,0.19338577,0.53659081,0.028,0.02,0.00108537,1.30980903
0.7,0.02,0.20037427,0.19338577,0.53659081,0.028,0.02,0.00108536,1.31148481
0.70039389,0.02,0.20517152,0.20125215,0.5404572,0.028,0.02,0.00108536,1.31230231
0.70078779,0.02,0.20517152,0.20125215,0.5404572,0.028,0.02,0.00108534,1.3131186
0.70275725,0.02,0.20517152,0.20125215,0.5404572,0.028,0.02,0.00108514,1.3171818
0.70623224,0.02,0.20517152,0.20125215,0.5404572,0.028,0.02,0.0010846,1.32427545
0.70970722,0.02,0.20517152,0.20125215,0.5404572,0.028,0.02,0.00108397,1.33127142
0.71,0.02,0.20517152,0.20125215,0.5404572,0.028,0.02,0.00108389,1.33185647
0.71034699,0.02,0.21477776,0.20707237,0.53943601,0.026,0.02,0.00108377,1.33254899
0.71069399,0.02,0.21477776,0.20707237,0.53943601,0.026,0.02,0.00108364,1.33324058
0.71242896,0.02,0.21477776,0.20707237,0.53943601,0.026,0.02,0.00108273,1.3366846
0.71596967,0.02,0.21477776,0.20707237,0.53943601,0.026,0.02,0.00107999,1.34363924
0.71951039,0.02,0.21477776,0.20707237,0.53943601,0.026,0.02,0.00107688,1.35049097
0.72,0.02,0.21477776,0.20707237,0.53943601,0.026,0.02,0.00107642,1.35143026
0.72036333,0.02,0.22112448,0.21569961,0.54164214,0.026,0.02,0.00107608,1.352126
0.72072665,0.02,0.22112448,0.21569961,0.54164214,0.026,0.02,0.00107572,1.35282067
0.72254328,0.02,0.22112448,0.21569961,0.54164214,0.026,0.02,0.00107381,1.35627774
0.726153,0.02,0.22112448,0.21569961,0.54164214,0.026,0.02,0.00106987,1.3630645
0.72976271,0.02,0.22112448,0.21569961,0.54164214,0.026,0.02,0.00106647,1.36973809
0.73,0.02,0.22112448,0.21569961,0.54164214,0.026,0.02,0.00106626,1.37017283
0.73040512,0.02,0.22741152,0.22301982,0.54135056,0.024,0.02,0.00106589,1.37091394
0.73081024,0.02,0.22741152,0.22301982,0.54135056,0.024,0.02,0.00106552,1.37165366
0.73283585,0.02,0.22741152,0.22301982,0.54135056,0.024,0.02,0.00106359,1.37533132
0.73656887,0.02,0.22741152,0.22301982,0.54135056,0.024,0.02,0.00105992,1.38201632
0.74,0.02,0.22741152,0.22301982,0.54135056,0.024,0.02,0.0010566,1.38805368
0.74032165,0.02,0.23715308,0.2305739,0.5419247,0.024,0.02,0.00105627,1.38861446
0.74064329,0.02,0.23715308,0.2305739,0.5419247,0.024,0.02,0.00105592,1.38917436
0.74225152,0.02,0.23715308,0.2305739,0.5419247,0.024,0.02,0.00105406,1.3919608
0.74609767,0.02,0.23715308,0.2305739,0.5419247,0.024,0.02,0.0010491,1.3985345
0.74994383,0.02,0.23715308,0.2305739,0.5419247,0.024,0.02,0.00104439,1.40497703
0.75,0.02,0.23715308,0.2305739,0.5419247,0.024,0.02,0.00104432,1.40507013
0.7504001,0.02,0.24372842,0.23813062,0.53666051,0.022,0.02,0.00104385,1.40573257
0.7508002,0.02,0.24372842,0.23813062,0.53666051,0.022,0.02,0.00104337,1.40639361
0.75280071,0.02,0.24372842,0.23813062,0.53666051,0.022,0.02,0.00104094,1.40967772
0.75675457,0.02,0.24372842,0.23813062,0.53666051,0.022,0.02,0.0010363,1.41606358
0.76,0.02,0.24372842,0.23813062,0.53666051,0.022,0.02,0.00103304,1.42119931
0.76038787,0.02,0.2506163,0.24570651,0.53743233,0.022,0.02,0.00103267,1.42180674
0.76077573,0.02,0.2506163,0.24570651,0.53743233,0.022,0.02,0.00103229,1.42241282
0.76271507,0.02,0.2506163,0.24570651,0.53743233,0.022,0.02,0.00103038,1.42542319
0.76677276,0.02,0.2506163,0.24570651,0.53743233,0.022,0.02,0.00102642,1.43161245
0.77,0.02,0.2506163,0.24570651,0.53743233,0.022,0.02,0.00102348,1.4364285
0.77034083,0.02,0.26000544,0.25325915,0.53197429,0.022,0.02,0.00102316,1.43693168
0.77068165,0.02,0.26000544,0.25325915,0.53197429,0.022,0.02,0.00102283,1.43743385
0.77238579,0.02,0.26000544,0.25325915,0.53197429,0.022,0.02,0.00102107,1.43992936
0.77613182,0.02,0.26000544,0.25325915,0.53197429,0.022,0.02,0.00101681,1.44532432
0.77987784,0.02,0.26000544,0.25325915,0.53197429,0.022,0.02,0.00101274,1.45059176
0.78,0.02,0.26000544,0.25325915,0.53197429,0.022,0.02,0.00101261,1.45076138
0.7804486,0.02,0.26526782,0.26082753,0.52915555,0.02,0.02,0.00101214,1.4513831
0.7808972,0.02,0.26526782,0.26082753,0.52915555,0.02,0.02,0.00101166,1.45200301
0.78314019,0.02,0.26526782,0.26082753,0.52915555,0.02,0.02,0.00100924,1.4550754
0.78740047,0.02,0.26526782,0.26082753,0.52915555,0.02,0.02,0.0010046,1.46078556
0.79,0.02,0.26526782,0.26082753,0.52915555,0.02,0.02,0.00100171,1.46418909
0.79031687,0.02,0.27617628,0.26900816,0.52531997,0.02,0.02,0.00100133,1.46459986
0.79063374,0.02,0.27617628,0.26900816,0.52531997,0.02,0.02,0.00100095,1.46500976
0.79221807,0.02,0.27617628,0.26900816,0.52531997,0.02,0.02,0.00099886,1.46704612
0.79590847,0.02,0.27617628,0.26900816,0.52531997,0.02,0.02,0.00099334,1.47170358
0.79959886,0.02,0.27617628,0.26900816,0.52531997,0.02,0.02,0.00098779,1.47623766
0.8,0.02,0.27617628,0.26900816,0.52531997,0.02,0.02,0.00098721,1.47672299
0.80043677,0.02,0.28225687,0.27648184,0.52011703,0.02,0.02,0.00098658,1.47724978
0.80087354,0.02,0.28225687,0.27648184,0.52011703,0.02,0.02,0.00098594,1.47777483
0.80305741,0.02,0.28225687,0.27648184,0.52011703,0.02,0.02,0.0009828,1.48037414
0.80753233,0.02,0.28225687,0.27648184,0.52011703,0.02,0.02,0.00097677,1.48556422
0.81,0.02,0.28225687,0.27648184,0.52011703,0.02,0.02,0.00097375,1.48834788
0.81036604,0.02,0.29086684,0.28461829,0.51505613,0.02,0.02,0.00097331,1.48875611
0.81073207,0.02,0.29086684,0.28461829,0.51505613,0.02,0.02,0.00097286,1.48916315
0.81256225,0.02,0.29086684,0.28461829,0.51505613,0.02,0.02,0.00097056,1.49118053
0.81654995,0.02,0.29086684,0.28461829,0.51505613,0.02,0.02,0.00096534,1.49547294
0.82,0.02,0.29086684,0.28461829,0.51505613,0.02,0.02,0.00096089,1.49907171
0.82040193,0.02,0.29793698,0.29240997,0.50910714,0.02,0.02,0.00096037,1.49948408
0.82080386,0.02,0.29793698,0.29240997,0.50910714,0.02,0.02,0.00095985,1.49989503
0.8228135,0.02,0.29793698,0.29240997,0.50910714,0.02,0.02,0.00095715,1.50192855
0.8270084,0.02,0.29793698,0.29240997,0.50910714,0.02,0.02,0.00095127,1.50605904
0.83,0.02,0.29793698,0.29240997,0.50910714,0.02,0.02,0.00094699,1.50891021
0.83037646,0.02,0.30630213,0.30051727,0.50384562,0.02,0.02,0.00094643,1.5092635
0.83075293,0.02,0.30630213,0.30051727,0.50384562,0.02,0.02,0.00094587,1.50961556
0.83263524,0.02,0.30630213,0.30051727,0.50384562,0.02,0.02,0.00094294,1.51135773
0.83679266,0.02,0.30630213,0.30051727,0.50384562,0.02,0.02,0.00093593,1.5150981
0.84,0.02,0.30630213,0.30051727,0.50384562,0.02,0.02,0.00093027,1.51788213
0.84037391,0.02,0.31480799,0.30884508,0.49907591,0.02,0.02,0.00092959,1.51820097
0.84074782,0.02,0.31480799,0.30884508,0.49907591,0.02,0.02,0.0009289,1.51851864
0.84261736,0.02,0.31480799,0.30884508,0.49907591,0.02,0.02,0.00092535,1.52008935
0.8468566,0.02,0.31480799,0.30884508,0.49907591,0.02,0.02,0.00091686,1.52354188
0.85,0.02,0.31480799,0.30884508,0.49907591,0.02,0.02,0.00091044,1.52600375
0.85036619,0.02,0.32376168,0.31722877,0.49120711,0.02,0.02,0.00090969,1.52628516
0.85073237,0.02,0.32376168,0.31722877,0.49120711,0.02,0.02,0.00090893,1.52656544
0.8525633,0.02,0.32376168,0.31722877,0.49120711,0.02,0.02,0.00090506,1.52795027
0.85686881,0.02,0.32376168,0.31722877,0.49120711,0.02,0.02,0.0008958,1.53109725
0.86,0.02,0.32376168,0.31722877,0.49120711,0.02,0.02,0.0008893,1.53328877
0.86042873,0.02,0.33191396,0.32381455,0.48737537,0.02,0.02,0.00088842,1.5335825
0.86085746,0.02,0.33191396,0.32381455,0.48737537,0.02,0.02,0.00088756,1.53387472
0.86300112,0.02,0.33191396,0.32381455,0.48737537,0.02,0.02,0.00088324,1.53531326
0.86770604,0.02,0.33191396,0.32381455,0.48737537,0.02,0.02,0.0008741,1.53833919
0.87,0.02,0.33191396,0.32381455,0.48737537,0.02,0.02,0.00086983,1.53974971
0.87036991,0.02,0.33843599,0.33460583,0.47997749,0.02,0.02,0.00086914,1.53997326
0.87073982,0.02,0.33843599,0.33460583,0.47997749,0.02,0.02,0.00086845,1.54019575
0.87258937,0.02,0.33843599,0.33460583,0.47997749,0.02,0.02,0.00086495,1.54129224
0.8771191,0.02,0.33843599,0.33460583,0.47997749,0.02,0.02,0.00085614,1.54386633
0.88,0.02,0.33843599,0.33460583,0.47997749,0.02,0.02,0.00085051,1.54542162
0.88036397,0.02,0.35025429,0.34040718,0.4760826,0.02,0.02,0.0008498,1.54561364
0.88072795,0.02,0.35025429,0.34040718,0.4760826,0.02,0.02,0.00084908,1.54580467
0.88254782,0.02,0.35025429,0.34040718,0.4760826,0.02,0.02,0.00084547,1.54674502
0.88718261,0.02,0.35025429,0.34040718,0.4760826,0.02,0.02,0.00083627,1.54902868
0.89,0.02,0.35025429,0.34040718,0.4760826,0.02,0.02,0.00083091,1.55033905
0.89048101,0.02,0.35457128,0.34882987,0.47041073,0.02,0.02,0.00083002,1.55055696
0.89096201,0.02,0.35457128,0.34882987,0.47041073,0.02,0.02,0.00082913,1.55077319
0.89336704,0.02,0.35457128,0.34882987,0.47041073,0.02,0.02,0.00082473,1.55182946
0.89859546,0.02,0.35457128,0.34882987,0.47041073,0.02,0.02,0.00081544,1.55398475
0.9,0.02,0.35457128,0.34882987,0.47041073,0.02,0.02,0.00081296,1.55453159
0.90033493,0.02,0.36567895,0.35912776,0.46654105,0.02,0.02,0.00081237,1.55466003
0.90066987,0.02,0.36567895,0.35912776,0.46654105,0.02,0.02,0.00081177,1.55478773
0.90234454,0.02,0.36567895,0.35912776,0.46654105,0.02,0.02,0.00080871,1.55541516
0.90696921,0.02,0.36567895,0.35912776,0.46654105,0.02,0.02,0.00079989,1.55705275
0.91,0.02,0.36567895,0.35912776,0.46654105,0.02,0.02,0.00079422,1.55805029
0.91070015,0.02,0.37101736,0.36372812,0.46370902,0.02,0.02,0.00079295,1.55827227
0.91140031,0.02,0.37101736,0.36372812,0.46370902,0.02,0.02,0.00079169,1.55849111
0.91490107,0.02,0.37101736,0.36372812,0.46370902,0.02,0.02,0.00078569,1.5595386
0.92,0.02,0.37101736,0.36372812,0.46370902,0.02,0.02,0.0007777,1.56092862
0.92040792,0.02,0.37967134,0.37293512,0.4613842,0.02,0.02,0.00077708,1.56103313
0.92081584,0.02,0.37967134,0.37293512,0.4613842,0.02,0.02,0.00077646,1.56113669
0.92285544,0.02,0.37967134,0.37293512,0.4613842,0.02,0.02,0.00077328,1.56164039
0.9283733,0.02,0.37967134,0.37293512,0.4613842,0.02,0.02,0.00076414,1.5628886
0.93,0.02,0.37967134,0.37293512,0.4613842,0.02,0.02,0.00076132,1.56322558
0.9304493,0.02,0.38795402,0.38051537,0.46146429,0.02,0.02,0.00076052,1.56331624
0.93089859,0.02,0.38795402,0.38051537,0.46146429,0.02,0.02,0.00075972,1.56340586
0.93314507,0.02,0.38795402,0.38051537,0.46146429,0.02,0.02,0.00075564,1.56383865
0.93903007,0.02,0.38795402,0.38051537,0.46146429,0.02,0.02,0.00074466,1.56485376
0.94,0.02,0.38795402,0.38051537,0.46146429,0.02,0.02,0.00074287,1.56500495
0.94059094,0.02,0.39358738,0.38657748,0.46044728,0.02,0.02,0.00074178,1.56509489
0.94118189,0.02,0.39358738,0.38657748,0.46044728,0.02,0.02,0.0007407,1.56518321
0.9441366,0.02,0.39358738,0.38657748,0.46044728,0.02,0.02,0.00073536,1.5656008
0.95,0.02,0.39358738,0.38657748,0.46044728,0.02,0.02,0.00072525,1.56631565
0.95052354,0.02,0.40077483,0.3933606,0.46287293,0.02,0.02,0.00072437,1.56637246
0.95104707,0.02,0.40077483,0.3933606,0.46287293,0.02,0.02,0.0007235,1.56642817
0.95366475,0.02,0.40077483,0.3933606,0.46287293,0.02,0.02,0.00071917,1.56669067
0.96,0.02,0.40077483,0.3933606,0.46287293,0.02,0.02,0.0007089,1.56722081
0.96066684,0.02,0.40524628,0.3992464,0.46657941,0.02,0.02,0.00070785,1.56726844
0.96133369,0.02,0.40524628,0.3992464,0.46657941,0.02,0.02,0.00070679,1.56731462
0.9646679,0.02,0.40524628,0.3992464,0.46657941,0.02,0.02,0.00070157,1.56752428
0.97,0.02,0.40524628,0.3992464,0.46657941,0.02,0.02,0.00069329,1.56779162
0.97054694,0.02,0.41269602,0.40431472,0.47040001,0.02,0.02,0.00069244,1.56781473
0.97109388,0.02,0.41269602,0.40431472,0.47040001,0.02,0.02,0.00069158,1.56783709
0.97382856,0.02,0.41269602,0.40431472,0.47040001,0.02,0.02,0.00068723,1.56793831
0.97882594,0.02,0.41269602,0.40431472,0.47040001,0.02,0.02,0.00067897,1.56808203
0.98,0.02,0.41269602,0.40431472,0.47040001,0.02,0.02,0.000677,1.56810888
0.98138018,0.02,0.41405756,0.40642228,0.4733586,0.02,0.02,0.00067468,1.56813742
0.98276035,0.02,0.41405756,0.40642228,0.4733586,0.02,0.02,0.00067236,1.56816289
0.98861225,0.02,0.41405756,0.40642228,0.4733586,0.02,0.02,0.00066259,1.56824168
0.99,0.02,0.41405756,0.40642228,0.4733586,0.02,0.02,0.00066029,1.56825471
