rollout/ep_len_mean,time/total_timesteps,time/fps,time/time_elapsed,time/episodes,rollout/ep_rew_mean,train/actor_loss,train/learning_rate,train/ent_coef,train/ent_coef_loss,train/critic_loss,train/n_updates
29.75,119,1632,0,4,56.35071625,,,,,,
29.625,237,1652,0,8,49.181598124999994,,,,,,
29.75,357,1652,0,12,50.88041258333334,,,,,,
29.4375,471,1654,0,16,51.160073062500004,,,,,,
29.95,599,1652,0,20,52.8178558,,,,,,
30.25,726,1654,0,24,52.85437608333334,,,,,,
30.285714285714285,848,1652,0,28,52.53756975,,,,,,
30.4375,974,1642,0,32,50.94805471875,,,,,,
30.27777777777778,1090,486,2,36,49.67476741666667,-132.45020621163505,0.0007344999999999999,0.9469172124351773,-7.174221004758563,586.3461096627371,88
30.125,1205,292,4,40,47.8884951,-223.8555532182966,0.0007062500000000001,0.8758369620357241,-15.962754453931536,597.9661396571568,201
30.022727272727273,1321,211,6,44,46.663843,-304.27232939621496,0.0006770000000000001,0.8109103708431639,-25.1305559750261,443.7748034247037,318
30.145833333333332,1447,170,8,48,45.687316145833336,-379.19244778540826,0.00064625,0.7504796501128904,-34.008322315831336,60.77638146185106,441
30.346153846153847,1578,148,10,52,44.000704576923084,-433.8620595932007,0.000614,0.6933226808905602,-44.2838259935379,34.71175539493561,570
30.553571428571427,1711,131,12,56,42.77755548214286,-466.183027379653,0.0005805000000000001,0.6403321571209851,-54.79511922948501,30.60156592200784,704
30.733333333333334,1844,121,15,60,43.11722008333333,-477.6892154578007,0.00054775,0.5942208008332686,-64.12580420754172,28.801563205141008,835
30.78125,1970,113,17,64,44.403890328125,-479.25528038872613,0.00051425,0.5534932679600186,-72.74337959289551,26.58305221133762,969
31.13235294117647,2117,106,19,68,46.69073736764706,-472.9348546078331,0.00048,0.5173883940044203,-79.48282322130706,28.167129366021406,1106
31.583333333333332,2274,100,22,72,49.20211566666667,-465.5121358235677,0.00044099999999999993,0.4827450591893423,-84.81101135980515,30.23245820545015,1262
32.0,2432,95,25,76,52.12424310526317,-452.7115667433966,0.00040175000000000003,0.45306716220719473,-91.48607635498047,25.628842035929363,1419
32.4375,2595,92,28,80,53.049686075,-423.7982700892857,0.000362,0.4274673972811018,-96.39739263625373,29.506661732991535,1578
32.73809523809524,2750,88,31,84,53.98591832142857,-404.24298793247766,0.0003215,0.4051349946430751,-102.7195554460798,30.64473261151995,1740
32.78409090909091,2885,86,33,88,54.68794861363636,-387.1667816162109,0.00028825,0.38939869006474814,-105.48456954956055,82.95289688110351,1873
33.02173913043478,3038,84,35,92,56.026557576086965,-369.72506322616186,0.00025025,0.37512480448453855,-110.00325462145683,31.544523532573994,2025
33.03125,3171,82,38,96,56.30830055208333,-356.3132593491498,0.00021425000000000006,0.36294293929548826,-114.63985981660731,35.66277464698343,2169
33.16,3316,81,40,100,56.435253249999995,-337.49441680908205,0.0001805,0.35379633978009223,-117.20119495391846,38.23192572593689,2304
33.59,3478,79,43,104,57.42892953,-325.8507850646973,0.00014000000000000001,0.34500056132674217,-118.6434965133667,29.494787406921386,2466
34.06,3643,78,46,108,58.18868413999999,-316.4075225120367,9.799999999999998e-05,0.3384412464707397,-120.3227441477221,29.882624160411748,2634
34.32,3789,77,48,112,58.421835810000005,-307.98737812042236,6.274999999999998e-05,0.3345386916771531,-123.64754223823547,42.33389973640442,2775
34.71,3942,76,51,116,58.86683654,-296.56077793666293,2.4249999999999993e-05,0.33236049328531536,-125.88768157958984,41.74763881138393,2929
