time/episodes,time/time_elapsed,time/total_timesteps,rollout/ep_len_mean,time/fps,rollout/ep_rew_mean,train/ent_coef_loss,train/learning_rate,train/actor_loss,train/n_updates,train/critic_loss,train/ent_coef
4,0,133,33.25,1244,52.0884975,,,,,,
8,0,276,34.5,1384,49.704198125000005,,,,,,
12,0,415,34.583333333333336,1449,51.506798583333335,,,,,,
16,0,547,34.1875,1486,52.783598437500004,,,,,,
20,0,692,34.6,1513,53.017756600000006,,,,,,
24,0,832,34.666666666666664,1528,53.386359625000004,,,,,,
28,0,964,34.42857142857143,1540,53.456393250000005,,,,,,
32,0,1090,34.0625,1169,50.8423538125,-6.2163474495346485,0.0009992946666666667,-116.02428044499578,66,596.3068410512564,0.954192312988075
36,1,1241,34.47222222222222,824,50.27809597222222,-21.79941357793035,0.0009991973333333334,-227.90994592615075,212,548.8308187948691,0.829771689466528
40,2,1388,34.7,663,49.531778249999995,-34.56448106204762,0.0009990973333333334,-350.13967356962314,362,386.34044692095586,0.7229908266488243
44,2,1534,34.86363636363637,579,51.98784270454544,-48.521851513836836,0.000999,-437.02026449667443,508,130.13006313427076,0.6340264806876311
48,3,1672,34.833333333333336,526,53.44979208333333,-60.75998965176669,0.000998908,-494.4830618193655,646,88.5659575028853,0.5564939831242417
52,3,1831,35.21153846153846,484,53.77330719230769,-69.77636475996538,0.0009988033333333333,-541.9808197021484,803,205.26892384615812,0.484643663872372
56,4,1986,35.464285714285715,456,55.411276107142854,-76.51974639892578,0.0009987026666666667,-580.8823102678572,954,90.00288696289063,0.42345797078950065
60,4,2132,35.53333333333333,434,55.77973178333333,-85.32053248087566,0.0009986040000000002,-605.3979051378038,1102,76.86014556884766,0.37379630075560677
64,5,2268,35.4375,417,53.67889303125,-91.27582078821519,0.0009985133333333333,-608.2509262982537,1238,74.0197945763083,0.33255919112878685
68,5,2404,35.35294117647059,402,52.77915379411765,-92.67679359172952,0.0009984193333333333,-601.0630829909752,1379,438.5933466944201,0.29563583690544654
72,6,2506,34.80555555555556,393,54.257375583333335,-79.0707277570452,0.0009983473333333333,-617.8541201636905,1487,609.1175675165085,0.27228251099586487
76,6,2606,34.28947368421053,384,57.265416855263155,-73.90527670724052,0.0009982786666666668,-628.4915161132812,1590,307.23236374627976,0.2548829714457194
80,7,2744,34.3,378,57.065287787500004,-70.21089433368884,0.0009981966666666666,-648.4826788651316,1713,257.4010178415399,0.23794072631158328
84,7,2916,34.714285714285715,369,57.35647626190477,-71.65645807439631,0.0009980846666666667,-669.0093272816051,1881,122.093111558394,0.21608980203216727
88,8,3082,35.02272727272727,361,55.97370275,-71.64341549995618,0.0009979746666666667,-664.6077301807893,2046,120.4049563285632,0.19552966264578012
92,9,3229,35.09782608695652,354,55.192181880434774,-74.14030240033124,0.0009978733333333334,-658.3368860193201,2198,96.9365807610589,0.17824450618511922
96,9,3368,35.083333333333336,348,56.33552745833333,-61.344673503528945,0.0009977766666666667,-635.4750791607481,2343,124.65149041378137,0.16424947209430463
100,10,3460,34.6,343,54.33928273000001,-56.93245662342418,0.00099771,-631.7580927068537,2443,274.4131511341442,0.1557206931439313
104,10,3603,34.7,340,54.39646536,-67.62954802740188,0.0009976246666666667,-608.3479541596912,2571,108.98856135777065,0.14656722971371242
108,11,3741,34.65,335,54.53906149,-65.35912365383572,0.000997534,-587.8594716389974,2707,93.91277408599854,0.13524524784750408
112,11,3889,34.74,331,55.28611759,-63.08246341504549,0.0009974313333333334,-561.9219585217928,2861,78.88383825201737,0.12459971540068325
116,12,4037,34.9,328,56.00345015,-59.45211224678235,0.0009973353333333334,-539.0570420485276,3005,68.33472012250851,0.11507845173279445
120,12,4205,35.13,325,57.876947830000006,-50.6865115574428,0.0009972266666666667,-514.8288269042969,3168,63.98931644984654,0.10584879602704729
124,13,4328,34.96,321,57.82864852999999,-50.2801523516255,0.000997136,-493.8689525973412,3304,64.48980848250851,0.09953370978755335
128,13,4467,35.03,319,56.19211453,-49.901742332860046,0.0009970446666666666,-475.9222741377981,3441,52.21290718881708,0.09320551255031635
132,14,4624,35.34,317,57.00339706999999,-45.03141318427192,0.0009969446666666668,-456.72432623969183,3591,47.141426192389595,0.08689402706093258
136,15,4763,35.22,313,58.99901888,-44.10268094804552,0.0009968433333333332,-436.8307851155599,3743,81.29139031304254,0.08122737395266692
140,15,4900,35.12,311,61.48862973999999,-31.519374113816482,0.0009967573333333334,-425.3156370505308,3872,101.163391602345,0.07744389600478686
144,16,5061,35.27,310,64.10494561,-27.473345096294697,0.000996658,-410.2882377428886,4021,48.12709759443234,0.07409589527509151
148,16,5225,35.53,308,65.46793447999998,-31.296859389857243,0.0009965446666666666,-399.550093801398,4191,38.83279860647101,0.07007324401485293
152,17,5368,35.37,306,67.16208943000001,-38.22794255343351,0.000996444,-378.1121104847301,4342,55.84691955104019,0.06586763082128583
156,18,5539,35.53,305,72.66282238000001,-9.027532718398355,0.0009963346666666667,-368.2553058971058,4506,25.209355115890503,0.06266327312385495
160,18,5703,35.71,303,76.19028293,-8.78913064459537,0.0009962233333333334,-364.4822621446975,4673,29.406186976331345,0.06189660617011659
164,19,5912,36.44,302,79.14210831,-14.500166335195866,0.0009960933333333334,-354.4973513045401,4868,25.828096749647607,0.0597535399895794
168,20,6050,36.46,300,79.88665545999999,-18.383865005829755,0.0009959873333333334,-347.9255828857422,5027,38.19988822937012,0.057610351701869685
172,20,6187,36.81,299,80.78682812999999,-17.244306748913182,0.0009959,-336.92942170173893,5158,28.592057258852066,0.05543812460476352
176,21,6327,37.21,298,78.08893945999999,-16.572871409929714,0.0009958053333333334,-323.3020199506711,5300,22.399801841148964,0.05297136478699171
180,21,6479,37.35,298,77.63224373,-14.332512952185965,0.0009957073333333333,-309.6496318095439,5447,21.888015953270166,0.050716535364453856
184,22,6626,37.1,297,76.97632324,-7.487677500054643,0.000995608,-295.2910494417758,5596,23.200206189542204,0.04889920686145086
188,22,6778,36.96,296,78.28924293,-9.252353578000456,0.000995508,-286.6431323902027,5746,19.34085915539716,0.04766302616209597
192,23,6945,37.16,295,83.86391009,-1.0919098138809205,0.0009953966666666667,-278.54255828857424,5913,15.285764527320861,0.04713666746392846
196,24,7072,37.04,294,87.71127835000001,1.8452569280351911,0.0009953100000000001,-271.8124703543527,6043,21.862135096958706,0.04779444347534861
200,24,7232,37.72,293,94.92207298000001,2.51984171072642,0.0009952046666666667,-270.1089789980934,6201,17.951490901765368,0.04801105087002119
204,25,7389,37.86,293,99.41994524000003,-8.954226796691483,0.0009951013333333333,-265.7433409819732,6356,18.121799030819453,0.046590533812303804
208,25,7553,38.12,292,101.43065370000002,-10.276531750247592,0.00099499,-253.60912504650298,6523,14.651902085258847,0.04430976962404592
212,26,7733,38.44,292,104.19067624999998,-6.610584448684346,0.0009948833333333334,-245.74289287220347,6683,12.54742804440585,0.042644661258567466
216,27,7904,38.67,290,108.60929192999998,-3.9058509392616076,0.000994756,-235.97730196439304,6874,13.174246934744028,0.041805966542317316
220,27,8048,38.43,290,110.9403613,4.934981285139572,0.0009946613333333334,-231.89424275243005,7016,18.90082541177439,0.041703431498865746
224,28,8194,38.66,289,117.00856997999999,0.7851128412617577,0.000994562,-225.80339898003473,7165,11.401059177186754,0.041365882485277124
228,28,8377,39.1,289,125.59999095,-1.4620229044686193,0.0009944446666666667,-219.4379471488621,7341,11.7107775936956,0.04065570704962896
232,29,8546,39.22,288,129.64166744000002,-1.799845118855321,0.0009943313333333334,-215.1123117846112,7511,16.418407795041105,0.04034227063489515
236,30,8718,39.55,287,132.29671473,-1.3861236932665804,0.0009942146666666667,-211.66024638331214,7686,11.396433519762615,0.03906258516186892
240,30,8894,39.94,287,137.12630335999998,1.5705378184447418,0.0009941073333333333,-205.4587204391892,7847,12.735009090320483,0.03752085999459834
244,31,9080,40.19,286,141.22068157,-2.026057560335506,0.0009939766666666667,-201.5659505670721,8043,7.689736680551008,0.03793871258808808
248,32,9247,40.22,286,146.268203,-0.3689138526501863,0.0009938533333333334,-194.95979740308678,8228,7.919195133706798,0.03783850379936073
252,33,9444,40.76,285,150.40602428999998,0.9312806303302447,0.00099374,-191.10208702087402,8398,15.3513831893603,0.03721817916569611
256,33,9650,41.11,284,145.33347042,2.9571991990774107,0.0009935926666666667,-191.64099981845953,8619,11.477611480615078,0.03866968724208
260,34,9803,41.0,284,141.06438461,0.06898448234651147,0.0009934873333333333,-188.4535652718893,8777,10.365526106299424,0.039159360091860704
264,35,10039,41.27,285,139.9127604,3.5042582617865667,0.000993374,-186.52408548990886,8947,17.3848472489251,0.03918540303905805
268,36,10240,41.9,283,145.17253534000002,3.181956091097423,0.0009932,-189.13278824942452,9208,13.165807400430952,0.04000323658276882
272,36,10449,42.62,283,149.94814064000002,2.4531754797155205,0.0009930686666666667,-188.52109624689277,9405,11.191519191048362,0.04033729942007498
276,37,10641,43.14,282,156.31542156,-3.1914759553395786,0.0009929386666666666,-190.43968670184796,9600,8.58315504514254,0.03800197131931782
280,38,10838,43.59,282,160.1304479,1.3479622491570407,0.000992812,-189.24079717591752,9790,10.491884264835091,0.03686507592021033
284,39,11004,43.78,281,164.53962019,-5.247256358464559,0.000992692,-187.54894111269996,9970,9.934458289827619,0.036644117995387034
288,39,11165,43.87,281,170.81712160000004,0.5548712185450962,0.0009925846666666667,-182.46604774111793,10131,8.988472018923078,0.03603451876413254
292,40,11334,43.89,281,173.42234016000003,0.9113135735193888,0.0009924746666666667,-178.41607705140726,10296,9.749407609303793,0.036275252795372255
296,40,11511,44.39,280,174.04017564999998,-1.3019745725172538,0.000992358,-174.9575757627134,10471,8.424646748436821,0.037006976220894744
300,41,11752,45.2,280,175.75274593999998,1.215570469371608,0.000992208,-172.6258484887295,10696,8.584077694376962,0.037537843843952555
304,42,11986,45.97,280,180.15100196000003,-1.4447782672941685,0.00099204,-170.83626127243042,10948,8.655721671879292,0.0366378512699157
308,43,12162,46.09,279,185.61606063000008,0.5613063951817955,0.0009919253333333334,-168.6312028838367,11120,11.07799611440519,0.035813415195883776
312,44,12392,46.59,279,187.56757102,0.8668724838644266,0.000991772,-167.85283589363098,11350,14.757115602493286,0.03649025212507695
316,45,12654,47.5,279,179.03880224,0.43557391877759966,0.0009916266666666668,-167.167869166324,11568,10.439808920810098,0.03767082075539388
320,46,12915,48.67,278,177.95499419000004,1.8109520718906864,0.0009914333333333335,-165.4373224431818,11858,12.46970856550968,0.03853964681426684
324,47,13170,49.76,278,179.45142438000002,0.8056758221457986,0.000991254,-168.58121019251206,12127,12.538923740386963,0.039433090125813204
328,48,13446,50.69,278,182.25031739,-0.9679836336771647,0.0009910873333333332,-169.8463954671224,12377,11.317514190673828,0.03931200250983238
332,49,13706,51.6,277,185.05542601000002,3.7760087387902397,0.0009909053333333334,-169.67541830880302,12650,21.978297615051268,0.03989722036889621
336,50,13915,51.97,277,185.14577829000007,-0.3444594779322224,0.0009907573333333335,-170.52421323714717,12872,11.54366212506448,0.039453486401227214
340,50,14090,51.96,276,181.05654403,1.1914563485554286,0.0009906373333333333,-174.3506151471819,13052,11.974110412597657,0.03968204270516123
344,51,14298,52.18,276,179.42982682,-1.5695541063944498,0.0009905126666666668,-176.80849134657117,13239,13.930660820007324,0.04010080612368054
348,53,14697,54.5,276,175.41803474999998,-1.412454069785352,0.0009902693333333334,-179.8078290831368,13604,13.975764508517283,0.041957980548998096
352,54,15044,56.0,276,174.32699699999998,-2.2948208379745485,0.00099003,-188.37561248779298,13963,25.408539638519287,0.04436206668615341
356,55,15347,56.97,275,179.74593962,-0.541649374805513,0.0009898086666666668,-199.93681560578892,14295,23.252731698458312,0.044995538646080455
360,56,15543,57.4,274,186.73731518,1.954741588660649,0.0009896633333333334,-206.72664569673083,14513,23.84056845165434,0.045659606832833516
364,57,15705,56.66,274,187.71412287000004,-1.3451530814170838,0.0009895573333333332,-212.52740173339845,14672,27.151360511779785,0.04647825956344605
368,57,15866,56.26,274,185.85505592000004,-3.0292571630233374,0.0009894486666666667,-216.43490091959634,14835,18.373640182690743,0.04506315997777841
372,58,16020,55.71,273,182.71037392,-2.378273677825928,0.000989348,-217.18850453694662,14986,19.951437377929686,0.045872062196334204
376,59,16194,55.53,273,180.30965395000004,3.511351925261477,0.0009892339999999999,-218.780063061004,15157,25.559668500372705,0.045793891270109945
380,59,16387,55.49,273,186.49894365000003,0.7878689315854287,0.000989112,-220.16485813685827,15340,20.968622149253378,0.04657836189987708
384,60,16600,55.96,273,186.72118487,-2.7799584521697116,0.0009889653333333334,-227.31281133798453,15560,24.953666246854343,0.04757323252180448
388,61,16768,56.03,272,184.89260641,-4.2357304607118875,0.000988848,-231.2766342163086,15736,17.96665825162615,0.045764767609181856
392,62,16955,56.21,272,181.43452180999998,0.5321415710449219,0.0009887413333333334,-227.28915649414063,15896,22.064073810577394,0.044647331461310384
396,63,17277,57.66,272,183.44887889999998,2.25903683324014,0.0009885286666666666,-226.33842369817918,16215,21.740962243849232,0.0489507965663428
400,64,17478,57.26,271,177.95208908,3.3765131129938015,0.000988388,-227.74908492144417,16426,16.06271707310396,0.05017190415631322
404,65,17681,56.95,271,172.44255507000003,-1.1383287936449051,0.000988246,-227.70116729736327,16639,21.59510018825531,0.05002995599061251
408,66,17950,57.88,271,173.08579432000002,1.3277516302309538,0.0009880713333333332,-226.13483522649398,16901,24.421528916609915,0.05078472817937533
412,66,18122,57.3,270,174.93612109999998,-1.2082957457273433,0.000987946,-233.6850065573668,17089,27.96880634014423,0.04967060895302357
416,67,18289,56.35,270,183.11759294000004,0.16463176144493952,0.0009878346666666667,-226.2320075141059,17256,21.668066681755914,0.04908532483710183
420,68,18519,56.04,270,186.14198700999998,-2.3007255013172445,0.0009876960000000001,-230.0027768061711,17464,21.357056911175068,0.04915715797016254
424,69,18737,55.67,270,184.49828437000005,1.317969443846722,0.00098755,-231.89244608976404,17683,37.92013750270922,0.05068209448031017
428,70,18911,54.65,269,176.95233623000001,-0.35195271271031076,0.0009874226666666667,-231.78893559153488,17874,23.60029490401105,0.051257483661174774
432,70,19141,54.35,270,172.66651093000002,-0.631534791353977,0.0009872953333333334,-227.94283248438978,18065,26.38574947010387,0.0515483207436222
436,72,19432,55.17,269,174.82371933,0.030785748252162227,0.0009870906666666667,-227.46306836163555,18372,29.603001488579643,0.05042449274548778
440,73,19711,56.21,269,185.61287074,0.3786714330486868,0.0009869,-230.7152978305159,18658,22.022622612701067,0.05112486187068895
444,73,19906,56.08,269,185.71464778000006,0.6585201796363381,0.000986764,-232.04810378130745,18862,24.00056094749301,0.04966336737076441
448,74,20091,53.94,268,189.8839229,0.5842364258236356,0.000986636,-233.97954779730904,19054,24.08092473347982,0.0499398421910074
452,75,20401,53.57,269,196.52524331999993,0.44290391193039114,0.0009864726666666667,-235.42810479525863,19299,21.801514351504974,0.05115818998765671
456,76,20670,53.23,268,198.77104076,2.9310819951455986,0.000986266,-236.4717502878673,19609,21.046370976006806,0.050514976535715274
460,77,20979,54.36,269,198.47810834,0.7346731026967367,0.0009860793333333333,-236.49472147623698,19889,47.333518727620444,0.05239446626769172
464,79,21290,55.85,268,202.40933631,-1.2889083719801628,0.0009858613333333334,-234.9581756591797,20216,25.22347468891363,0.051195593443752706
468,80,21606,57.4,268,204.90395554,0.006676916892711933,0.0009856473333333332,-238.97901427440155,20537,25.520884012564636,0.05064376897345751
472,81,21797,57.77,268,206.36863924000005,1.062527880376699,0.0009854946666666667,-238.07636930504623,20766,30.360903175509705,0.048708800226449966
476,81,21938,57.44,267,204.02243062000002,2.0391444819314137,0.0009853960000000001,-237.35904966081893,20914,24.4751649584089,0.047410729873393266
480,82,22053,56.66,267,194.18948981000003,2.016739116774665,0.000985318,-233.22177689163775,21031,26.320828331841362,0.04807926507459746
484,83,22288,56.88,268,193.40002050000007,-1.5742346342295817,0.0009851873333333334,-230.14800544634258,21227,32.38352543033966,0.050105147931265505
488,84,22605,58.37,268,193.49801365,0.8082105040550231,0.000985018,-230.85927022298176,21481,27.580340719223024,0.050843890942633155
492,85,22839,58.84,267,196.03138492000002,-2.3896755490984236,0.00098481,-226.11884665975765,21793,20.622350692749023,0.05019973332480508
496,86,23134,58.57,268,195.28747539,0.08543105878328022,0.0009846306666666668,-223.8937066329153,22062,21.558091976768093,0.04861391453366531
500,88,23572,60.94,267,199.44354042999998,1.2698958617783038,0.000984312,-220.63867615316516,22540,38.567434088091986,0.0484744153359783
504,89,23848,61.67,267,197.18517923000002,5.195746214301498,0.000984146,-220.43971026385273,22789,48.774105389912926,0.049439790141251355
508,89,24087,61.37,267,192.29475349000003,-1.4017655788841894,0.0009839786666666667,-220.55002348301775,23040,21.383963407096218,0.04984046929215981
512,90,24283,61.61,267,194.0790035,-1.5475227285404594,0.00098385,-219.88213239397322,23233,24.99815539924466,0.0496853310994956
516,91,24524,62.35,267,199.33181269999997,-0.2275199688397921,0.000983692,-220.61998361440806,23470,32.544713123028096,0.04941905307082029
520,92,24842,63.23,267,208.63250514,0.44160423396338877,0.0009835013333333333,-220.08138436330876,23756,18.6372981407273,0.04922445002995746
524,93,25128,63.91,267,214.11217495999998,-3.835720443725586,0.0009832913333333332,-219.7066197713216,24071,24.997102292378745,0.050038308712343375
528,94,25344,64.33,267,220.31456163,0.7588823007982831,0.0009831339999999999,-220.58660498330758,24307,21.404810816742653,0.048998032285030496
532,95,25560,64.19,267,222.33268923,3.048683102224387,0.0009829980000000001,-218.32102846631815,24511,30.58719534032485,0.049152552204973554
536,96,25769,63.37,267,220.68508302,0.9610379960225977,0.0009828613333333334,-220.90740336542544,24716,20.535712138466213,0.04806711767678675
540,97,26005,62.94,267,211.43999249,-1.228588126707768,0.000982704,-218.7749666960343,24952,23.359842217486836,0.04838448465950247
544,98,26272,63.66,266,210.69947996,-1.5924882617863743,0.0009825193333333332,-217.68495420976117,25229,32.0908538644964,0.04754941300912337
548,99,26474,63.83,266,212.21113436,-2.0958373136207706,0.0009823726666666668,-213.58327046378713,25449,34.651688028554446,0.04833901197206779
552,99,26640,62.39,266,206.44577644,-1.2188906073570251,0.0009822693333333334,-213.7873641120063,25604,20.459130075242783,0.04837615343017711
556,100,26956,62.86,266,201.91696399,-0.35609981979148975,0.0009820879999999999,-213.545251376387,25876,27.89985984304677,0.04865035144747167
560,102,27293,63.14,266,196.96320379999997,1.0291769963999589,0.000981856,-212.93051444159613,26224,23.158435583114624,0.04993307523222433
564,103,27548,62.58,266,195.80609079999994,-0.691738593227723,0.0009816926666666667,-212.64884140912224,26469,38.304522780811084,0.05022340202156235
568,104,27861,62.55,266,199.28089158000003,-2.125256642051365,0.000981468,-213.47715759277344,26806,27.889577989992887,0.048064390116411705
572,105,28116,63.19,266,202.16958693,-0.7783210873603821,0.0009813006666666668,-211.48192563264266,27057,28.091009388799254,0.0475180029221203
576,106,28456,65.18,266,207.21342964000004,-0.8484947965588681,0.0009810966666666666,-210.83082349910293,27363,18.713680744171143,0.04685008846396624
580,107,28711,66.58,265,214.51044495999994,0.15331431545994498,0.0009808966666666667,-207.6862397627397,27663,26.35878003727306,0.04678955356675116
584,109,29093,68.05,266,216.18077624,-0.33296873557324314,0.0009806926666666668,-206.28376458615674,27969,24.244423418628926,0.04679164412070294
588,110,29415,68.1,265,217.00666332000003,0.5341959916243032,0.0009804126666666667,-204.9180287593553,28389,28.346877370561874,0.04696836510375768
592,111,29725,68.86,265,215.26296942000002,-0.3203819462408622,0.000980246,-202.7689995765686,28639,27.862234820922215,0.046880912773000695
596,113,30058,69.24,265,221.2598264,-0.3206336058676243,0.000980016,-200.6409357070923,28984,21.78859783411026,0.046797107858583334
600,114,30361,67.89,265,224.67625603000005,-0.014630658011282644,0.000979792,-202.0787829327327,29320,20.84264754223567,0.047600040112131384
604,115,30727,68.79,265,224.36423209999998,-0.22577566690132267,0.000979552,-202.8017466810883,29680,23.99583517137121,0.04728448165000462
608,117,31089,70.02,265,227.89212579999995,-0.10484412004207742,0.0009793246666666667,-203.17334010683257,30021,21.87271047460622,0.047302501533052016
612,117,31287,70.04,265,224.85100258,-0.8331311435803123,0.0009791753333333333,-204.0604891569718,30245,20.406070128731105,0.04621310912720535
616,118,31499,69.75,265,221.83182571999996,-1.141683566570282,0.0009790320000000001,-202.2711602783203,30460,19.024066848754885,0.04634566210210323
620,119,31682,68.4,265,214.76210543999994,0.13402518298890856,0.0009789106666666667,-202.57584567599827,30642,21.169498528374564,0.04657648164365027
624,120,31953,68.25,265,212.15073986,-0.371961472639397,0.0009787693333333334,-201.91381858711813,30854,18.994419766895806,0.04562113623120891
628,121,32296,69.52,265,214.40803110000002,0.146701335365122,0.0009785233333333334,-199.1688999522816,31223,19.270017623901367,0.04579409550536762
632,122,32609,70.49,265,220.04376099,-0.0035928201675415037,0.000978298,-196.22986663818358,31561,20.044382009506226,0.04508242983371019
636,123,32797,70.28,265,223.62406364999998,0.14717806494513222,0.0009781673333333334,-196.11945431731468,31757,26.04801022729208,0.04445974000318106
640,124,33007,70.02,265,227.58957908,-3.4390590653127555,0.0009780266666666666,-195.45027627750318,31968,18.18888570824448,0.044936206723962514
644,125,33309,70.37,265,232.36904125000004,-0.19888561964035034,0.0009778526666666667,-196.29676743804433,32229,22.88280064942407,0.04472083207525191
648,126,33546,70.72,265,233.53411846,1.220545939036778,0.000977664,-193.49061304209184,32512,19.36207843313412,0.04504052557203234
652,127,33749,71.09,264,238.85931127,-1.9751087303819328,0.0009775333333333334,-192.43317807953935,32708,24.72236105491375,0.04482210042147801
656,128,33958,70.02,264,245.00791972999997,1.8020130430950838,0.0009773926666666666,-191.74362451889937,32919,23.375866272870233,0.0442041163789291
660,129,34179,68.86,264,251.94789427,-0.8458863309785432,0.0009772586666666667,-194.57513577330346,33120,19.541982482461368,0.04473501173596756
664,130,34501,69.53,264,255.12370903,0.125553752348675,0.0009770613333333334,-191.48751111534554,33416,20.380922495834227,0.04354227234314128
668,131,34791,69.3,264,251.92953251000003,-1.2420611156196129,0.0009768486666666667,-187.34779432343274,33735,17.069718674915592,0.04467207893002324
672,132,35167,70.51,264,250.77254144999998,-0.7807466582111691,0.000976612,-190.13495635986328,34090,19.345790054487146,0.044457980431616306
676,134,35541,70.85,264,254.14188536,-0.032144799198902826,0.000976406,-189.28683686592208,34399,16.33778952209043,0.044054780785046835
680,135,35827,71.16,264,259.76014083000007,-0.308602032661438,0.0009761720000000001,-190.87700897216797,34750,18.631682529449463,0.04360789224505424
684,136,36085,69.92,264,263.42165869,0.8292011230710953,0.000975972,-184.65685478089347,35050,21.906059552752783,0.04307884025195288
688,137,36341,69.26,264,263.22535382,-0.2610435392342362,0.0009758346666666666,-186.08511202943092,35256,18.918603167814368,0.043354311629253274
692,138,36595,68.7,264,263.81583790999997,0.2599781860004772,0.00097565,-182.1348899147727,35533,18.299916093999688,0.043359652229330754
696,139,36828,67.7,264,257.73943254,0.6783811594209364,0.000975488,-182.84466897287678,35776,16.448222514121763,0.043785969336186684
700,140,37030,66.69,264,255.21742042999995,-1.6587625291612413,0.00097535,-183.40760023328994,35983,16.59629037645128,0.0434564525882403
704,140,37207,64.8,263,260.60351612,-3.6754325276071373,0.0009752273333333333,-185.85513652454722,36167,16.62328973683444,0.043022549457170746
708,141,37412,63.23,263,258.91749598,0.03638173474205865,0.0009750900000000001,-182.92730147750288,36373,18.861961559013086,0.041872630585674885
712,142,37619,63.32,263,259.52304159,1.2388032376766205,0.0009749566666666667,-181.88154945373535,36573,21.603766369819642,0.042841820232570174
716,143,37848,63.49,263,260.3061091299999,1.2324041782832535,0.0009748033333333334,-182.2019413181993,36803,17.342962655864778,0.04297986822050126
720,144,38142,64.6,264,264.34610850999997,2.0867117643356323,0.000974632,-185.03324127197266,37060,18.425559185646676,0.04346492141485214
724,145,38479,65.26,264,268.43588846,-0.902325640706455,0.0009744080000000001,-184.11820131189683,37396,20.934444343342502,0.043828952619258094
728,147,38866,65.7,263,268.32154959,0.3967437712769759,0.0009741446666666667,-183.12482699057213,37791,17.546521509500373,0.04402570883022215
732,148,39280,66.71,263,256.24224773,-2.5247571869056764,0.0009738686666666668,-182.73376516133797,38205,16.86911525245474,0.04360711336636744
736,150,39562,67.65,263,256.66980620999993,1.638581237485332,0.0009736693333333334,-183.78527487477947,38504,19.800373461938673,0.04263958647366493
740,150,39795,67.88,263,256.03796927,0.9271695916769934,0.0009735080000000001,-179.84227139832544,38746,16.786230853346527,0.04205448131580822
744,152,40082,67.73,263,248.87056268999996,0.7628787587850522,0.000973332,-179.5848821004232,39010,17.141244020217503,0.04267038352405413
748,153,40359,68.13,263,249.6720896699999,-2.5717181662718454,0.00097314,-179.75008583068848,39298,17.32329257329305,0.04314736261342963
752,154,40734,69.85,263,248.62542714999995,-1.4004418400750644,0.0009729126666666667,-176.54441424383634,39639,17.58922903088556,0.04232834374019201
756,155,41002,70.44,263,243.87067226000002,-2.7564425276858464,0.000972702,-176.63322176252092,39955,15.808704393250602,0.04141455935314298
760,156,41277,70.98,263,242.15331300000003,0.35427231603944803,0.0009725306666666666,-174.5452822832994,40212,16.579548056696503,0.041070086330595154
764,157,41519,70.18,263,244.6900258,-0.12246452399662562,0.0009723560000000001,-173.36303253173827,40474,17.430892957959855,0.04145859740674496
768,158,41782,69.91,263,249.38744995000002,2.8143749544697423,0.000972194,-174.31441645468436,40717,19.742048202022428,0.042297711716063564
772,159,41993,68.26,263,252.04722898000003,0.5278034329414367,0.0009720346666666667,-171.76745635986327,40956,21.94912389755249,0.042104942947626116
776,160,42206,66.65,263,251.31909549,-1.0144732460683705,0.0009719006666666667,-172.36158409897163,41157,18.625940245025014,0.041963436393713464
780,161,42484,66.57,263,250.50467333,-0.6121711073250606,0.00097174,-170.59366607666016,41398,23.28719898750042,0.042144198548691024
784,162,42772,66.87,263,254.95199743999993,-1.1118069080745472,0.0009715286666666667,-173.08045353608972,41715,21.52963892151328,0.04182361767572515
788,163,43088,67.47,263,264.38103332000003,1.5180576785666045,0.0009713306666666667,-173.47267751224706,42012,21.171223218323753,0.04144018265556117
792,165,43495,69.0,263,266.43006278999997,-0.006070854514837265,0.0009710506666666666,-173.12526779174806,42432,16.30723638534546,0.04119676141999662
796,166,43826,69.98,263,266.4584846,1.2871350395052057,0.000970842,-175.35690387926604,42745,17.388052162371185,0.041321504714065475
800,167,44226,71.96,263,264.78444391,0.4489950357299102,0.0009705820000000001,-174.42941023174086,43135,19.196081663432874,0.04168442033819462
804,169,44539,73.32,263,266.53719256999995,-1.0856700930330487,0.0009703486666666666,-173.63399844699435,43485,18.714476595984564,0.04126446797615952
808,170,44786,73.74,263,266.78481017,-1.210352664727431,0.0009701733333333333,-172.86485900878907,43748,17.975007438659667,0.04131449661575831
812,170,44940,73.21,263,268.86485344,-0.9913670667787877,0.0009700640000000001,-176.10630016792112,43912,17.888483187047445,0.04146114064425957
816,171,45129,72.81,263,270.15138493,1.1478132054490864,0.0009699433333333334,-175.84219187610555,44093,18.131137901881957,0.04140438884496689
820,172,45402,72.6,263,268.64758452,1.6487992198930845,0.0009697773333333334,-177.37710338168674,44342,20.21463867028554,0.0414482732820842
824,173,45652,71.73,263,264.65532989999997,-0.1622224994327711,0.000969606,-177.81627489172894,44599,22.215888520945672,0.04263496269350466
828,174,45952,70.86,263,265.6023124999999,-1.3765052799135447,0.0009694153333333333,-179.86907243728638,44885,21.269042566418648,0.042762041033711284
832,175,46250,69.7,263,276.48701736,0.19078440153146092,0.0009692113333333334,-178.43068318427365,45191,26.00404565545577,0.042512344927350176
836,177,46747,71.85,263,273.68749712,-0.295488368897211,0.0009689200000000001,-180.51973155188182,45628,18.493090470631916,0.042803438823847545
840,179,47200,74.05,263,271.63725037000006,1.9199676383625377,0.0009686,-180.8732480135831,46108,20.826251368089157,0.04280679693276232
844,180,47621,75.39,263,282.94448646000006,-1.002198749118381,0.0009683146666666667,-179.3181790245904,46536,17.8252356449763,0.04364710213202569
848,181,47885,75.26,263,281.5286187500001,1.5022539960987427,0.0009681140000000001,-177.7588842055377,46837,18.34583086125991,0.04385455045849085
852,183,48159,74.25,263,285.2126824,1.084284784243657,0.0009679360000000001,-181.6048147348257,47104,17.437505135169395,0.04332179157779767
856,184,48485,74.83,263,293.37933036000004,0.8186823025993679,0.0009677266666666667,-179.5425567626953,47418,17.187338345292687,0.04306381422540416
860,185,48788,75.11,263,294.57799004000003,-1.925513150060878,0.0009675320000000001,-178.50216809441062,47710,20.20505123979905,0.04291082644725547
864,186,49145,76.26,262,293.44928630000004,-0.5701272742132123,0.000967298,-177.0385107833348,48061,18.462185366769855,0.04317585851871566
868,188,49501,77.19,262,291.17888394000005,-2.0935260728001595,0.0009670633333333334,-178.24080763922797,48413,21.858398424254524,0.0426841338372065
872,190,49943,79.5,262,287.10495298,0.7721543564246252,0.00096679,-176.66585716834436,48823,20.967043228638477,0.0426057039354092
876,191,50176,79.7,262,288.04818671000004,-0.45445834768229515,0.0009665846666666667,-178.3528729142814,49131,19.06981714840593,0.04282944630189189
880,192,50394,79.1,262,282.42955141,0.6064964354038238,0.0009664373333333334,-183.33608842329545,49352,19.10415554046631,0.04432458173144947
884,193,50632,78.6,262,276.04795959,-0.11963901822529142,0.0009662806666666667,-182.70084562755767,49587,20.628055012415327,0.0437188840338162
888,193,50860,77.72,262,270.47294331,-0.24344717201433683,0.000966144,-184.23103894685445,49792,24.117912259018212,0.043576069437620935
892,195,51228,77.33,262,279.03616146999997,-0.23763552783192068,0.0009659113333333333,-187.73818969726562,50141,26.509606928065203,0.04415579782663912
896,196,51648,78.22,262,279.14524455,1.533094561541522,0.0009656500000000001,-188.8005738434968,50533,35.41366904929832,0.04423548027321145
900,198,51978,77.52,261,283.06018058999996,-1.6196518319624442,0.0009653786666666668,-193.36602020263672,50940,21.932593098393195,0.04462787633140882
904,199,52242,77.03,261,273.33793827,2.9569398227490877,0.0009651986666666667,-195.97931008589896,51210,22.13693084214863,0.04465610945695325
908,201,52621,78.35,261,274.97145763000003,2.114079691551544,0.0009649886666666667,-197.17641809484462,51525,25.811267475505453,0.045158598735764784
912,202,52879,79.39,261,273.94470729,-0.43063119897302593,0.0009647913333333334,-203.47592278246609,51821,30.35388669427836,0.04745124906020345
916,202,53038,79.09,261,268.37456698,0.20479078204543502,0.0009646613333333334,-209.74897144458913,52016,28.615360683865017,0.04689157850764416
920,203,53165,77.63,261,259.39196469,0.9744355947740616,0.0009645753333333333,-209.8256353562878,52145,45.471183715328095,0.0459212101995945
924,204,53308,76.56,261,253.55194122,1.178583650975614,0.000964488,-212.2027402310758,52276,29.262329668612093,0.04580301992796563
928,204,53489,75.37,261,250.35938226,3.7448891003926597,0.0009643793333333334,-215.9394989013672,52439,26.177864120120095,0.04615998339085352
932,205,53787,75.37,261,253.41614282999998,0.17581943996617053,0.0009641833333333335,-213.99610050389023,52733,26.548600275008404,0.04784209812518026
936,207,54160,74.13,261,254.34310835999997,-0.11605531060033375,0.0009639353333333333,-219.1814079284668,53105,31.265193223953247,0.048939725591076746
940,208,54493,72.93,261,257.39448089,-0.1368523639382668,0.00096371,-219.4707057915845,53443,48.379868201839116,0.049518855306708694
944,209,54780,71.59,261,257.40944132000004,0.4012173079607779,0.00096353,-221.46752206902755,53713,36.01355448940344,0.04971754949605256
948,211,55122,72.37,261,259.85737861000007,-0.4586216167167381,0.000963286,-225.59275337501808,54079,30.942182752821182,0.05030200064734176
952,212,55502,73.43,261,247.55659931999998,-0.23372034812241457,0.000963056,-227.60668979601914,54424,38.959144785163105,0.051356616231162895
956,213,55838,73.53,260,233.42067222999998,0.8999940245239823,0.0009628233333333334,-233.5441060949255,54773,48.2055344051785,0.05145599920716551
960,215,56127,73.39,260,223.51623393999998,-1.6399223589234881,0.0009626346666666666,-234.95283296373157,55056,38.72268713845147,0.05224019133796295
964,216,56540,73.95,260,214.73174612000003,1.1435863659760663,0.0009623793333333333,-238.15405686993466,55439,41.80818039011732,0.053268879756470704
968,218,56971,74.7,260,216.6511954,-0.15823587002577605,0.0009620993333333334,-248.62832792305653,55859,43.12051280928247,0.05520835836176519
972,220,57371,74.28,260,218.98965425000003,1.2225309046831998,0.0009618126666666667,-259.9989728060636,56289,43.08342893773859,0.05648806589570912
976,221,57747,75.71,260,213.35990304999999,0.3327613767889357,0.0009615593333333333,-265.890722058483,56669,51.99365277634453,0.057060716808149496
980,223,58206,78.12,260,214.61995531000005,-1.0389347053491151,0.0009612566666666667,-264.78651824364294,57123,50.11876087922316,0.05826141051231669
984,225,58596,79.64,260,212.52254311000002,1.5763304022294056,0.0009609913333333333,-273.57721584658077,57521,46.810023826888845,0.05925201341698441
988,226,58908,80.48,260,202.12287834000003,1.592240912813536,0.000960766,-275.6606750488281,57859,52.273746490478516,0.05879062991326963
992,227,59234,80.06,260,192.83900624,1.5881284600810002,0.000960572,-281.43146615279346,58150,54.023849637884844,0.06073801337104095
996,228,59518,78.7,260,191.23200067999997,-0.44837362501356337,0.0009604106666666666,-288.2956047905816,58392,61.62500491672092,0.0606789096362061
1000,230,59866,78.88,259,189.01258196000003,0.9525744401394053,0.000960138,-294.3477372514441,58801,59.14076293782985,0.06316618930469169
1004,231,60153,79.11,259,198.67841582000005,-0.9770232989237859,0.00095993,-306.30565291184644,59113,63.435537118178146,0.06494776532053947
1008,232,60347,77.26,259,197.99339209000004,0.12437036696900712,0.000959802,-308.9061688362284,59305,62.06760341563123,0.064735860900676
1012,232,60548,76.69,259,195.49861443,1.932152371780545,0.0009596706666666667,-318.344430362477,59502,68.86994687248679,0.06545559287655588
1016,234,60836,77.98,259,194.56101783999998,1.8393777019234114,0.0009594733333333333,-319.733636015205,59798,78.99970684256606,0.06775962353073141
1020,235,61109,79.44,259,196.41880188,3.1533465665063742,0.000959322,-322.87646107614773,60025,76.82871981020327,0.06908796148167716
1024,236,61552,82.44,259,203.71506961000003,-0.1810337077799461,0.0009590273333333334,-336.4807572399112,60467,84.21431383640646,0.06961192839222846
1028,239,62145,86.56,259,204.05200978000005,0.6780981498842056,0.000958658,-351.9003191727858,61021,97.63991792385394,0.07065667469914143
1032,240,62533,87.46,259,192.46799742,2.3507374611097513,0.0009583606666666666,-361.7275988391994,61467,95.44783869477891,0.0730541560453238
1036,242,62987,88.27,259,184.62399391999992,-0.11307934134505516,0.000958082,-364.771742473277,61885,93.87114159635796,0.07500291592621988
1040,244,63472,89.79,259,185.47918168,1.7681000637776643,0.0009577953333333334,-369.68297688011984,62315,84.8814619119885,0.07518299596691594
1044,245,63851,90.71,259,168.22733259000003,-0.3033355075505472,0.000957486,-368.7902457944808,62779,91.13681245619252,0.07441829373278926
1048,247,64172,90.5,259,148.24925534,-0.3610978207541901,0.0009572786666666666,-368.4175103937538,63090,98.39944920956509,0.07536892187826842
1052,247,64359,88.57,259,153.17839304,2.8715915870666504,0.0009571233333333333,-375.75243774414065,63323,107.52508331298829,0.0770416398346424
1056,248,64662,88.24,259,155.799712,0.9727466869354248,0.0009569453333333333,-385.33532552083335,63590,116.40742472330729,0.07954657067855199
1060,250,64909,87.82,259,164.49229358,-1.2995299490130678,0.0009567633333333333,-394.7000881895727,63863,129.01181232685946,0.08328554383954223
1064,250,65137,85.97,259,168.86611104,1.810626085315432,0.0009566160000000001,-413.7028923034668,64084,135.13452979496546,0.08240651379206351
1068,252,65526,85.55,259,167.6799539,0.589007762670517,0.0009564166666666667,-423.2057485961914,64383,151.21022483825683,0.0836485705524683
1072,253,65984,86.13,259,167.93307026,2.210488453988106,0.000956124,-439.2636000110257,64822,145.29228300689368,0.08462706304365589
1076,255,66395,86.48,259,174.88617533000001,0.9883822020837816,0.0009557846666666666,-462.6136593576205,65331,162.79437126547603,0.09094836727037268
1080,257,66743,85.37,259,176.88565551,2.3105935673964653,0.0009555606666666668,-475.93268464740953,65667,140.47185074655633,0.0895068246805877
1084,258,67030,84.34,259,181.77472745000003,-0.4572093751695421,0.000955352,-472.2269756983197,65980,159.3961678156777,0.0886334301460357
1088,259,67342,84.34,259,188.10718637999994,0.6148987223606298,0.0009551866666666667,-473.37853580890317,66228,148.9926174654819,0.08913960064401721
1092,260,67695,84.61,259,178.83978477000005,1.8950508832931519,0.0009549413333333333,-481.5097919945578,66596,160.15747440671458,0.09226127525845777
1096,262,68115,85.97,259,171.39472951,-0.0979137508595576,0.000954668,-494.94812812179816,67006,162.57229851894692,0.0953236955111144
1100,264,68560,86.94,259,179.25905235000002,1.3731893599033356,0.0009543580000000001,-501.08519757804225,67471,169.08399730617717,0.09427280496742765
1104,266,69025,88.72,259,181.19985709,-1.649416744709015,0.0009540600000000001,-504.0755289713542,67918,171.99053319295248,0.0952432814364632
1108,267,69319,89.72,259,183.5578047,-2.146694477866678,0.0009538306666666668,-507.1395429723403,68262,174.39959335327148,0.09518726542592049
1112,268,69706,91.58,259,185.25121943000002,1.122741440931956,0.0009536086666666666,-526.3237835112072,68595,209.86218915666853,0.09667280768709523
1116,270,70106,92.7,259,176.00792294000001,0.11631118817762895,0.0009533233333333333,-531.542669955167,69023,199.09709098122337,0.09588245038281787
1120,271,70445,93.36,259,173.52341382000003,0.6502202425684248,0.0009530893333333333,-542.0369140625,69374,207.55116032191685,0.10037218470658575
1124,272,70745,91.93,259,172.83504526000002,0.7577985654006133,0.0009528833333333333,-556.5792223956134,69683,207.53689183415594,0.102108545802735
1128,274,71082,89.37,259,177.19836424999997,-0.7024707910302398,0.0009526706666666667,-558.4685236943233,70002,223.70401694557884,0.10243174782047024
1132,275,71480,89.47,259,186.39233692000002,1.5427457806417497,0.000952406,-567.8662261962891,70399,218.58792411674887,0.10156753747645071
1136,277,71855,88.68,259,195.45553678,-1.9225403345548189,0.0009521733333333333,-581.954815875043,70748,264.54541988163203,0.10611083579587412
1140,279,72392,89.2,259,199.10181277000004,1.0049293579963536,0.0009518346666666668,-598.1019983536158,71256,300.3166189927321,0.10832052620557639
1144,281,72922,90.71,259,206.06100874,0.07409512274193042,0.0009514573333333334,-633.7290728019946,71822,310.1253608934807,0.11542156863618981
1148,282,73322,91.5,259,218.5651285,1.6312696375477482,0.00095119,-673.2577398595676,72223,434.90139104278995,0.12265345029218096
1152,284,73719,93.6,258,210.73863176999996,-0.7767150154361477,0.0009509026666666667,-697.8089456929789,72654,378.49045354669744,0.1294010794394976
1156,285,74024,93.62,258,211.97412372,0.8084114475070305,0.0009506946666666667,-730.3367211683741,72966,491.7861207206294,0.13382135584669294
1160,287,74366,94.57,259,208.00626572,-0.1087629000345866,0.0009505006666666667,-735.9643402099609,73257,493.5101729884292,0.13344243597803693
1164,288,74765,96.28,258,198.32982234000002,0.5903854608535767,0.0009502193333333334,-755.4891064453125,73679,518.4093582153321,0.1393896809220314
1168,290,75130,96.04,258,191.45165183,-0.3101120205486522,0.0009499733333333334,-781.9405535529642,74048,591.1109937780044,0.14107368338633985
1172,291,75432,94.48,258,185.17979294999998,2.4094678685069084,0.0009497513333333335,-804.2067609514509,74381,545.0291944231305,0.1451585359339203
1176,292,75589,91.94,258,174.88340631999995,5.144157018350518,0.0009496213333333334,-840.2826630965523,74576,726.4914962105129,0.15071178357238355
1180,292,75691,89.48,258,168.32429012000003,-3.70368983844916,0.0009495573333333333,-865.4435195922852,74672,523.7841491699219,0.15253745888670286
1184,293,75842,88.12,258,161.16609350000002,0.42592457347902757,0.0009494693333333333,-860.2759536216998,74804,604.6759496228449,0.15168314581287318
1188,294,76118,87.76,258,163.18961097000002,1.863114962654729,0.00094931,-880.5906362225933,75043,610.792719687185,0.15652913383899197
1192,295,76416,87.21,258,173.54339993000002,-0.3313685933748881,0.0009490986666666666,-913.1105726453993,75360,671.3835340711805,0.16164345973067815
1196,296,76605,84.9,258,179.77144031999995,0.9568904346349288,0.00094896,-929.2741138691805,75568,683.0303269989637,0.1655920306030585
1200,296,76781,82.21,258,168.90991803,-0.30946814736654593,0.0009488426666666667,-943.0219556231831,75744,724.0807381563409,0.1628660303215648
1204,298,77138,81.13,258,170.07780884,2.562076213747956,0.0009486259999999999,-979.9714469022529,76069,729.9639424168786,0.16861367589512535
1208,299,77451,81.32,258,167.25641414999998,-1.0791186253229776,0.0009484273333333333,-988.8842970106336,76367,809.9372172037761,0.17338008400466706
1212,300,77815,81.09,258,170.25755203999998,1.01460932978129,0.0009482066666666667,-1020.9216825840837,76698,852.3457589876854,0.17445676382315362
1216,302,78331,82.25,258,182.42504932,1.3297587934049588,0.0009478553333333334,-1087.2790953997269,77225,1072.413622217271,0.18650490768904826
1220,304,78818,83.73,258,186.79633076000002,0.7167811969230915,0.0009475353333333333,-1148.6249789533945,77705,867.7490641276041,0.1897663844042811
1224,306,79285,85.4,258,181.72137708,0.23462833414475123,0.000947214,-1165.1696619669597,78187,1000.413747660319,0.19191302793721357
1228,308,79672,85.9,258,171.15814723999995,0.48912781420208157,0.000946944,-1179.6257731119792,78592,1094.0713082449777,0.19421423929078238
1232,309,79979,84.99,258,161.0858388,2.8745105740351553,0.0009467046666666667,-1217.8117425380608,78951,1334.6869256435295,0.2009620169798533
1236,310,80134,82.79,258,149.29317768,-2.7045518159866333,0.0009466013333333333,-1198.9865953233507,79106,916.5992201063368,0.19899560047520531
1240,310,80348,79.56,258,138.3658223,1.7321066469759554,0.0009465033333333334,-1206.4329108160896,79253,1080.2348385372677,0.19830373815588048
1244,312,80763,78.41,258,139.33988442,0.5958009967880864,0.0009462066666666666,-1215.4652690272178,79698,1088.8955796764742,0.20030416367996123
1248,313,81062,77.4,258,144.90976989,0.8437462085253232,0.000946006,-1223.129435749797,79999,1131.7907112418832,0.20463955963586833
1252,315,81432,77.13,258,151.46552926,0.8395895722445909,0.0009457673333333333,-1237.7845424838833,80357,1194.1343213061352,0.20645390107081488
1256,316,81684,76.6,258,149.98542669999998,0.5302004647809405,0.000945594,-1253.1579334347748,80617,1122.8578931231832,0.21360032901514409
1260,317,82026,76.6,258,148.88939723,1.6505382509792552,0.0009453626666666667,-1304.2264016544118,80964,1327.954530244715,0.21903377052615672
1264,318,82296,75.31,258,159.38704412999996,1.4131233432191483,0.0009451866666666666,-1328.1706270258478,81228,1406.4525023115443,0.22136009849132376
1268,319,82484,73.54,258,161.6375572,1.2004076131554537,0.00094504,-1365.8684394304144,81448,1418.88886207758,0.2280496112829031
1272,319,82654,72.22,258,160.51980676,1.8334676254363287,0.000944926,-1412.503138950893,81619,1535.703837076823,0.23219251242421923
1276,320,82813,72.24,258,159.90889808999998,1.1099260479211808,0.0009448153333333334,-1438.4080688476563,81785,1613.8747528076171,0.23353332765400409
1280,321,83008,73.17,258,160.07454813,-0.37266054231187573,0.0009446973333333333,-1408.9585385529892,81962,1491.939132027004,0.22803353323884631
1284,322,83281,74.39,258,167.54950251999998,0.33394108800327077,0.0009445273333333333,-1440.3736679974725,82217,1584.1372878130744,0.2329479289405486
1288,323,83643,75.25,258,171.32812186999996,0.3821915067159213,0.0009442853333333334,-1461.4459624983306,82580,1640.4383607522036,0.23042537208296296
1292,325,83977,75.61,258,164.74505607999998,-1.1794526778734646,0.000944072,-1471.8215970552885,82900,1775.6677978515625,0.23386666889374072
1296,326,84385,77.8,258,160.98596354,0.9820527006279338,0.0009438146666666667,-1493.3730324485084,83286,1681.5032248757102,0.23386820175430992
1300,328,84764,79.83,258,164.34756712,1.1745064428874425,0.0009435593333333333,-1528.8048666421469,83669,1850.2693299132509,0.24726105703935994
1304,329,85107,79.69,258,164.23566780000002,0.2289968556668385,0.0009433253333333333,-1549.0937352927335,84020,1920.9274108151355,0.25129691592182024
1308,331,85548,80.97,258,174.92018174,-0.26925011660371506,0.0009430506666666667,-1594.600284249442,84432,1863.1595554896764,0.25641137255089624
1312,332,85822,80.07,257,174.14143071,0.5782602514539447,0.0009428253333333333,-1585.7036606146364,84770,1951.5403454838968,0.24718493147163975
1316,333,86056,77.25,258,174.50851272,-0.371935091636799,0.0009426746666666666,-1623.106953938802,84996,2242.043748643663,0.2514836412888986
1320,334,86287,74.69,257,175.15175723000002,1.199391003968059,0.0009425086666666666,-1640.6865517436595,85245,2180.980612049932,0.2613266883552938
1324,335,86586,73.01,258,170.61473008000004,1.4238594193011522,0.0009423286666666667,-1707.446907043457,85515,2478.527442932129,0.26730266958475113
1328,336,86843,71.71,257,170.30931178999998,-0.579149167984724,0.000942126,-1740.8150901794434,85819,2413.1022148132324,0.2769070826470852
1332,337,87138,71.59,257,171.87518814999996,0.545039584036587,0.0009419386666666668,-1797.27932510895,86100,3091.407105322598,0.2790548787230537
1336,339,87481,73.47,257,183.2454518,0.799681148108314,0.0009417393333333334,-1856.834912109375,86399,2966.415633616728,0.2940602239440469
1340,340,87826,74.78,257,188.72933091,1.1205162405967712,0.0009415166666666667,-1935.0694305419922,86733,3747.2633728027345,0.3047624580562115
1344,342,88292,75.29,257,189.67247459,0.45004546457482864,0.000941252,-2062.1051214646923,87130,3662.0019266291183,0.32854989841002824
1348,344,88684,76.22,257,185.72079309,-0.3310688423438811,0.0009409266666666667,-2190.7397374972493,87618,3856.976737868618,0.3448582276911803
1352,345,88957,75.25,257,186.08721798000002,1.1198950340581495,0.0009407253333333333,-2300.6526673782705,87920,4733.03689362282,0.356742367494938
1356,346,89306,76.22,257,186.68997629,-0.03943643718957901,0.000940528,-2351.8220963911576,88216,4539.323170055042,0.3520306352187287
1360,348,89733,77.07,257,189.33351143,-0.7103148163581381,0.0009402573333333333,-2429.7289889588646,88622,4690.1108597735965,0.3574235381520524
1364,349,90191,78.95,257,187.17344651,1.2222182235202275,0.0009399593333333334,-2500.44115990991,89069,5225.702627920889,0.3741680799840807
1368,351,90526,80.42,257,189.67741759,0.20333345988217522,0.0009396913333333334,-2609.2279268152574,89471,5317.1443905101105,0.3975190471200382
1372,352,90829,81.75,257,192.91385981,0.44671634377026165,0.0009394893333333333,-2669.8459792840677,89774,6055.799700627562,0.40432342642643415
1376,353,91139,83.26,257,201.97054140999998,0.2264860487261484,0.0009393093333333333,-2698.0784741778707,90044,6389.519173555596,0.41202399377212967
1380,355,91481,84.73,257,210.40698679000005,-0.8588978259099854,0.0009390666666666668,-2732.744479709201,90408,5693.051188151042,0.4134516691168149
1384,356,91769,84.88,257,212.04594162,1.715048016020746,0.0009388673333333333,-2798.0382745916195,90707,5451.806270714962,0.41204201542969904
1388,357,92030,83.87,257,209.42609809,0.2424012137686505,0.0009386906666666667,-2814.4157427619484,90972,5803.539414349724,0.4250195530407569
1392,358,92481,85.04,257,215.18523396,0.4180109001785876,0.0009384246666666667,-2922.516001506024,91371,6797.526267178087,0.44305656652852715
1396,360,92901,85.16,257,216.29467859999997,0.6393565929264103,0.0009381326666666666,-2985.705559686783,91809,6482.5592791356075,0.4496273715561683
1400,362,93335,85.71,257,206.43218184,0.13336040668126917,0.000937866,-3051.4673528591125,92209,7831.45037995667,0.46675879038682505
1404,363,93527,84.2,257,197.11566762,0.3674604699418351,0.0009376753333333333,-3127.6025456608954,92495,7880.498627533784,0.47227507588025686
1408,363,93697,81.49,257,183.02206563000004,0.6396981369365345,0.0009375746666666667,-3180.1173872514205,92646,8020.420617305871,0.4837873424544479
1412,364,93900,80.78,257,175.87242099999992,0.717694176255532,0.0009374426666666667,-3208.9017955852005,92844,8714.960559772995,0.49440579031998255
1416,365,94256,82.0,257,176.39289474999998,-0.07755853732426961,0.0009372313333333333,-3235.2236124674478,93161,8429.111375596789,0.5080663801895248
1420,367,94572,82.85,257,178.39461069,0.6734894374469379,0.0009369873333333334,-3335.801166156391,93527,8788.296048001126,0.5070214760196101
1424,368,94910,83.24,257,188.85501300999996,-0.09257818630763463,0.000936792,-3454.969533575149,93820,9078.937686011905,0.5230865926969619
1428,369,95273,84.3,257,193.21287865,-0.25326193406664094,0.0009365673333333333,-3550.899510876886,94157,13352.672784213362,0.534080413908794
1432,371,95619,84.81,257,199.33401555999998,0.2935010352068477,0.0009363166666666667,-3660.2784175166375,94533,11937.880900065104,0.5425615178214179
1436,372,95926,84.45,257,204.83269596999997,0.039008578395142275,0.0009360986666666666,-3781.176513671875,94860,11055.361766142003,0.5646015852689743
1440,374,96366,85.4,257,208.76295273000002,0.15953373612824434,0.0009358306666666668,-3891.46566867236,95262,12397.087757181676,0.5713338685331878
1444,375,96820,85.28,257,207.08960436,-0.1040555969874064,0.0009355433333333334,-4054.1768359375,95693,13321.553763020833,0.5976514712969462
1448,377,97298,86.14,257,205.2319675,-0.20864930458828412,0.0009352133333333333,-4163.0164654487,96188,12509.225201362002,0.6101304440371758
1452,379,97742,87.85,257,204.74729694000004,0.15791579196741293,0.000934914,-4219.974204262534,96637,13024.259948059753,0.6219685627863958
1456,381,98135,88.29,257,208.23177109,0.2693559032514555,0.0009346426666666666,-4270.958576727351,97044,13770.491524512614,0.6199974882493325
1460,382,98551,88.18,257,201.58907624000003,0.2475316247519325,0.0009343826666666667,-4273.052814797794,97434,13654.61424632353,0.6565104428459616
1464,384,99065,88.74,257,203.57582341,-0.3448403774635166,0.0009340273333333333,-4288.960610247673,97967,14346.980821974734,0.6402822931607565
1468,386,99384,88.58,257,206.61837107,0.5325999601433674,0.0009338026666666667,-4429.664869520399,98304,14983.208034939236,0.6614403045839734
1472,387,99628,87.99,257,209.28311105999998,-0.4211803893653714,0.0009336166666666667,-4374.613007214604,98583,14881.79673549107,0.6504915563427672
1476,388,99897,87.58,257,206.18623021000002,-0.11412850592066259,0.0009334580000000001,-4456.0825733858,98821,15287.542595358456,0.6441560624276891
1480,389,100175,86.94,257,202.34073202999997,0.009592456817626953,0.0009332486666666667,-4427.626044921875,99135,17032.28305989583,0.6507153582572937
1484,390,100634,88.65,257,205.63312803000005,-0.233203888553934,0.000933014,-4521.238512806057,99487,16773.363875241623,0.667577146254864
1488,392,100897,88.67,257,204.6004862,-0.007532678820468762,0.0009327773333333334,-4619.972520616319,99842,19956.279369212964,0.7012985083791945
1492,393,101112,86.31,257,204.94769240999997,0.11377351046824942,0.0009326266666666667,-4738.967962771046,100068,20575.05709901148,0.7267449108921752
1496,394,101514,86.13,257,211.58463411999998,0.2484845668077469,0.0009323786666666667,-4918.212079729353,100440,22005.466020856584,0.7519859581121376
1500,396,101924,85.89,257,218.39758558000003,0.22712026116522877,0.0009321,-5118.009943181818,100858,23528.80411931818,0.7815622188828208
1504,397,102231,87.04,257,216.16087299999998,-0.0014413809664895602,0.00093191,-5185.9802268910635,101143,24272.777964369157,0.7967736169556591
1508,398,102603,89.06,257,221.89114613000004,0.08786669675562833,0.0009316506666666667,-5321.142701295045,101532,23923.562060106982,0.8150699482307778
1512,400,102945,90.45,257,232.04607251999997,-0.2073986549408008,0.0009314246666666667,-5539.103102463942,101871,25174.642978766027,0.8240544650799189
1516,401,103253,89.97,257,234.57225054,0.11800352111458778,0.0009312226666666666,-5612.240212180398,102174,27415.941006747158,0.8098283660682765
1520,402,103667,90.95,257,238.33287325000003,-0.11799474727983277,0.0009309720000000001,-5752.1203053792315,102550,25990.30535888672,0.818934228271246
1524,404,104046,91.36,257,237.0437645,-0.05347068102232048,0.0009306913333333334,-5770.328421456473,102971,27463.679338727678,0.8482517195599419
1528,405,104357,90.84,257,242.65998209999998,0.163600913222347,0.0009304813333333333,-5980.785232979911,103286,32472.114369419643,0.8734042014394487
1532,407,104700,90.81,257,244.91341799999998,0.08734577845620073,0.0009302586666666667,-6033.544805112092,103620,30679.95028023098,0.8823740313882413
1536,408,105158,92.32,257,241.69789404,0.21756669983407048,0.0009299726666666667,-6175.357572466413,104049,35792.500237295564,0.8966543964136426
1540,410,105588,92.22,257,237.50784516999997,0.02976974988622325,0.000929648,-6497.654813058036,104536,37177.94810267857,0.9671824029513768
1544,411,105832,90.12,257,241.19934969000002,0.009280405661099524,0.0009294886666666667,-6630.885072544643,104775,50846.63702566965,0.9976930141448974
1548,412,106102,88.04,257,248.84554152,-0.005736310301082475,0.000929314,-6732.426664806548,105037,46931.85984002976,1.0057076026522924
1552,414,106475,87.33,256,246.58839276000003,-0.03617143289823281,0.000929034,-7122.213425164474,105457,48904.13667763158,1.092017452340377
1556,415,106875,87.4,257,238.0462281,0.0363310893899516,0.0009288366666666667,-7242.510737047697,105753,47025.57267680921,1.0897249196705066
1560,416,107145,85.94,256,244.01872441000003,-0.11641866881020214,0.0009286146666666667,-7531.737748126594,106086,48701.47666214924,1.1363800751919648
1564,418,107564,84.99,257,242.07892636,-0.1585959499748815,0.0009283813333333333,-7837.317440257353,106436,53323.357142857145,1.2089106165060477
1568,420,107968,85.84,256,240.05004985,0.023180239911501605,0.0009280613333333334,-8279.580281575521,106916,62002.42036946615,1.2504335455596447
1572,421,108353,87.25,256,238.19621858,-0.05070811977400582,0.000927824,-8517.709333972818,107272,64028.82643768491,1.25672002022083
1576,423,108739,88.42,257,238.72059552000002,0.18266349605151586,0.0009275826666666667,-8547.744947783802,107634,62139.816167091834,1.263344301252949
1580,424,109096,89.21,257,237.52664027999995,-0.09102945450855338,0.0009273266666666667,-8760.597666864809,108018,64134.630264945656,1.2617811560630798
1584,426,109571,89.37,257,221.50113502,-0.013543696370389727,0.000927012,-8827.123531539351,108490,62536.28668981481,1.2640456393912987
1588,427,110007,91.1,257,219.03151166,0.25738963019957234,0.000926766,-8967.306161303039,108859,76549.22487815368,1.300414315057457
1592,429,110438,93.26,257,220.97971555,-0.08247234230324374,0.0009264313333333334,-9118.907880362818,109361,70351.71749205509,1.3119222966291137
1596,430,110754,92.4,257,215.9458007,-0.09372967752543362,0.0009262273333333333,-9223.439021915585,109667,72875.17674512987,1.3486760823757618
1600,432,111206,92.82,257,226.34828546,-0.23270862616464763,0.000925922,-9405.431880379865,110125,85531.1756642964,1.3669993777474958
1604,434,111671,94.4,257,241.41524571000002,0.13219789625371545,0.000925646,-9498.994870676577,110539,82136.3518279733,1.3638558989589653
1608,435,112075,94.72,257,239.64687425999992,-0.23032894914912194,0.0009253966666666666,-9733.527313547036,110913,93774.58191043814,1.4196280855493448
1612,437,112461,95.16,256,235.40177492000004,-0.27387383157337036,0.000925074,-9975.295779666385,111397,83691.17213893581,1.42648852515865
1616,439,112967,97.14,256,229.37609104000003,-0.23778128623962402,0.0009247573333333334,-10247.702156643907,111872,94586.07878151261,1.5108601405840962
1620,441,113388,97.21,256,215.25634288999998,-0.38627978175058275,0.0009244986666666667,-10508.351526662844,112260,90442.54153526376,1.5573373136170414
1624,442,113819,97.73,256,221.6989044,0.21639520134634643,0.0009241986666666666,-10557.429247674141,112710,90823.2551884542,1.53771348126972
1628,444,114095,97.38,256,222.91244457999997,-0.17087823299110913,0.0009239840000000001,-10878.154328893443,113032,98287.1606045082,1.5502102101435427
1632,445,114420,97.2,256,225.40650914000005,-0.1409479736588722,0.0009237853333333334,-10935.819778797239,113330,135348.11736918605,1.5666149230890496
1636,447,114864,97.06,256,233.75276242,-0.07469980120658874,0.000923512,-11105.997173108553,113740,119232.75238486842,1.555980850520887
1640,449,115302,97.14,256,226.10833422000007,0.04431500683228175,0.0009232013333333334,-11499.907014973958,114206,123975.06380208333,1.6006396234035491
1644,450,115578,97.46,256,228.30962539,0.047299199634128146,0.0009229893333333333,-11821.119642469617,114524,113254.22319878472,1.6182048403554492
1648,451,116023,99.21,256,220.99220258000003,-0.4875688004222783,0.0009227273333333334,-11942.945556640625,114917,132664.53639914774,1.6903710067272186
1652,453,116475,100.0,256,222.53503872999997,-0.344782334275362,0.0009223926666666667,-12421.455882002667,115419,145904.4688929116,1.7695687943842353
1656,455,116912,100.37,256,231.60166032,0.14275354927494413,0.0009221406666666668,-12546.98443312872,115797,144071.50427827382,1.787673152628399
1660,457,117285,101.4,256,234.12279314,0.3087993529471722,0.0009218773333333334,-12711.020282451924,116192,142489.07426167582,1.7954134836301698
1664,458,117702,101.38,256,232.54643498,0.10297886687930267,0.0009215846666666668,-12977.468556621287,116631,157257.49706064357,1.8250186183665058
1668,459,117956,99.88,256,220.39189359000002,0.27678102119402453,0.0009214286666666667,-13059.779185901989,116865,142488.54225852274,1.8832832222635096
1672,460,118237,98.84,256,208.58084907,-0.39517256014403845,0.0009212253333333334,-13315.962146577382,117170,158120.2658110119,1.9039268919399805
1676,462,118605,98.66,256,198.62880511999992,-0.3492778432503175,0.0009209880000000001,-13567.836036253511,117526,167510.78546348316,1.9817094936799466
1680,463,118836,97.4,256,195.45260323,0.07351153426700169,0.0009208233333333334,-13883.633138020834,117773,179406.79722222223,2.0288866890801325
1684,464,119047,94.76,256,199.60933113000002,-0.5745451619040292,0.0009206726666666667,-14043.580594044812,117999,188900.47331957548,2.057588851676797
1688,465,119264,92.57,256,198.16608323000003,-1.3343274705814865,0.0009205366666666667,-14340.613539209906,118203,186123.57473466982,2.086047505432705
1692,466,119526,90.88,256,195.08881130999998,-0.6886082999408245,0.000920372,-14552.247782389322,118450,229589.00358072916,2.157675916949908
1696,467,120011,92.57,256,200.68664628,-0.44036729418369663,0.000920056,-15011.314676675453,118924,220220.4262989458,2.192390315503959
1700,469,120494,92.88,256,191.84436007,-0.3876078853319431,0.00091977,-15464.90159449084,119353,207097.1869612069,2.2269516443384103
1704,471,120894,92.23,256,187.76736937999993,0.5082645390714918,0.0009194526666666667,-15794.556863839285,119829,219254.45290178573,2.2413851158959526
1708,472,121249,91.74,256,199.40700681999996,0.09677418826640337,0.0009192466666666667,-16197.187511224856,120138,220765.16289511495,2.28384796778361
1712,474,121736,92.75,256,192.32953371,-0.024518145705169102,0.0009189146666666667,-16331.304798054245,120636,226524.79554834907,2.2334297985400795
1716,476,122182,92.15,256,184.33481535999996,0.05347487456362012,0.0009185986666666667,-16441.536270356515,121110,257355.09639084508,2.33604934349866
1720,478,122645,92.57,256,182.49762578,-0.9010853624751425,0.0009183046666666666,-17119.445554553953,121551,263483.78018162394,2.426551001703637
1724,479,122968,91.49,256,168.56658679,-1.2060827972560093,0.00091811,-17250.632635708513,121843,288499.653825431,2.492759272970002
1728,481,123581,94.86,256,161.87402206,-0.7869431501762434,0.0009177213333333334,-17921.461692116478,122426,313398.7430752841,2.581234732812101
1732,482,123839,94.19,256,159.13073862999997,0.6739413791469165,0.0009174786666666666,-18062.225237165178,122790,312129.3348214286,2.6602377550942555
1736,483,124089,92.25,256,147.01575746,-0.4047480558944961,0.000917316,-18191.60109904661,123034,316045.8940677966,2.786979331808575
1740,484,124345,90.43,256,153.61470484,0.122878375378522,0.0009171466666666667,-18487.61024798769,123288,339771.6477272727,2.823762676932595
1744,485,124607,90.29,256,149.31512364999998,-0.7603751328484766,0.0009169793333333334,-18929.851966594826,123539,319868.8952047414,2.7893462633264474
1748,487,124991,89.68,256,155.03691203999998,1.1874693741492175,0.0009167380000000001,-19259.546194094037,123901,326016.19309059635,2.801752659158969
1752,489,125493,90.18,256,158.07683086,-0.7583626917028051,0.000916412,-19893.465935654527,124390,353845.5562253937,2.8393907302946557
1756,491,125989,90.77,256,155.59589709,-0.9525269633900803,0.000916076,-20864.52768943584,124894,408721.04009955755,2.9498373765861037
1760,492,126422,91.37,256,141.88307178000002,0.16897291796548025,0.0009158026666666667,-21323.498697916668,125304,441065.2135416667,3.06567968357177
1764,494,126843,91.41,256,141.56590592999999,-0.39987334981560707,0.000915518,-21737.10513305664,125731,435042.7956542969,3.0887129940092564
1768,495,127147,91.91,256,147.41663050999998,0.7133559038241705,0.0009152773333333333,-22158.685616629464,126092,428068.4910714286,3.143292784690857
1772,496,127456,92.19,256,158.13673848,-0.6437266870685245,0.0009150693333333333,-22510.2685546875,126404,431898.38892663043,3.186706587024357
1776,498,127810,92.05,256,170.63894548999997,-0.7777721218848497,0.00091483,-22613.47149315309,126763,475369.8851825843,3.2055982311120195
1780,499,128222,93.86,256,178.41714492000003,-0.414272320472588,0.0009145906666666667,-22889.11215572034,127122,506175.09878177964,3.262721653711998
1784,501,128561,95.14,256,175.17746670999998,-0.2166090236193892,0.00091435,-23177.914373867752,127483,585113.9461050725,3.3079760143722314
1788,502,128868,96.04,256,173.70611746999998,-0.48090494854349486,0.000914146,-23583.170857174297,127789,513737.36971830984,3.3458637150240618
1792,503,129291,97.65,256,171.81148393,0.639687832895216,0.000913876,-24522.00420673077,128194,575032.090315934,3.507282914696159
1796,505,129600,95.89,256,166.19130559,-0.8524834368287063,0.000913644,-24870.859732278965,128542,628346.5198170731,3.4285402181671887
1800,506,129904,94.1,256,159.65218099999998,0.03164808831962885,0.0009134166666666667,-25023.48898973652,128883,602606.0257352941,3.535522458600063
1804,507,130283,93.89,256,157.34767316,1.0877312507766943,0.0009132433333333333,-25453.271766075723,129143,666607.3804086539,3.5771359480344334
1808,509,130697,94.48,256,139.55906934000004,-1.140385775566101,0.000912966,-25780.686421875,129559,688382.8345,3.5932529888153075
1812,511,131214,94.78,256,147.4620018,-0.19101065999329692,0.0009125853333333334,-26527.064827967173,130130,768815.0517676767,3.7983176756386805
1816,512,131474,92.92,256,157.0411707,-1.4996638178825379,0.0009124053333333333,-26938.968619791667,130400,798069.43125,3.8524755398432413
1820,513,131888,92.43,256,172.58583764,-0.5431839367922615,0.0009121706666666667,-27338.88823146446,130752,732393.3492647059,4.033806370753868
1824,515,132406,94.38,256,181.20937997,-0.8951367194555244,0.0009118279999999999,-29106.91509885204,131266,834033.550382653,4.154507028813264
1828,517,132806,92.25,256,177.57383821000002,-0.7670702589882745,0.0009115133333333333,-29547.572547743057,131738,862402.4548611111,4.135162576039632
1832,518,133138,92.99,256,172.21724475000002,-1.2749116369656155,0.0009113266666666666,-29510.825669642858,132018,1003105.2419642857,4.104820122037615
1836,520,133664,95.75,256,172.57671307999996,0.059580155721930574,0.0009109566666666666,-29965.959738372094,132573,984810.7994186047,4.301883340436359
1840,522,134131,97.86,256,169.68247699999995,1.1276609843915648,0.0009106473333333334,-30791.627375422297,133037,948009.1880630631,4.417373060106157
1844,524,134546,99.39,256,165.42434330999995,0.2212015777020841,0.0009103679999999999,-31371.777475717907,133456,1017659.7964527027,4.518593949240607
1848,525,134907,99.16,256,152.6988751,-2.0122640392054683,0.0009101153333333335,-32030.875226449276,133835,980364.1005434783,4.60352259096892
1852,527,135449,99.56,256,147.16193145,0.1584198412142302,0.0009097446666666666,-32748.861720619017,134391,1072523.1507177034,4.785180691897014
1856,529,135856,98.67,256,152.15856524999998,0.25618224463811734,0.0009095106666666667,-33197.342344702745,134742,1099049.700457317,4.735385912220653
1860,530,136164,97.42,256,166.85317132,0.3612519351832838,0.0009092753333333333,-33677.58229009789,135095,1113082.5466867469,4.778813925134131
1864,531,136514,96.71,256,177.59600083000004,1.7266321128064936,0.0009090540000000001,-34307.21535422585,135427,1095109.9026988635,4.879422431642359
1868,533,137150,100.03,256,183.89293052000002,0.22632287197475193,0.0009086993333333333,-34744.34164853639,135959,1170630.028085443,4.898433341255671
1872,535,137595,101.39,256,197.35172967,0.10749630097831998,0.0009083586666666667,-35013.22106933594,136470,1210108.3660714286,4.898924538067409
1876,537,137998,101.88,256,194.66938316,0.013400023819034936,0.0009080693333333334,-35219.63267895299,136904,1243770.1127136752,5.0194334290985365
1880,538,138326,101.04,256,176.68127399999995,1.6905690154363944,0.0009078366666666666,-35794.73183139535,137253,1199271.5595930233,5.135929107666016
1884,540,138614,100.53,256,177.16011239999997,0.36429357305865423,0.0009076473333333334,-35925.45062426986,137537,1392665.8931074766,5.179362542161318
1888,541,138995,101.27,256,181.10625157999996,-0.026953305283637895,0.0009074073333333333,-36549.909861943495,137897,1412725.8159246575,5.3122191037217235
1892,543,139458,101.67,256,185.40608022,0.037730499550148296,0.000907104,-37432.193522135414,138352,1421390.8275462964,5.422729911627592
1896,545,140120,105.2,256,192.20867698,-1.10033632805393,0.000906674,-38247.16403761943,138997,1478301.4562101911,5.4842885740243705
1900,547,140515,106.11,256,196.90969456,-0.39906082380385627,0.000906378,-39223.98415178571,139441,1557114.4910714286,5.676514798118955
1904,549,140985,107.02,256,199.89452988999997,-0.046123680559176844,0.0009060873333333333,-40580.6726714199,139877,1562186.5145631067,5.816348034201316
1908,550,141223,105.26,256,204.24837988000002,-1.418099424113398,0.0009058833333333334,-41547.657155797104,140183,1740888.9927536233,5.982364191525225
1912,551,141443,102.29,256,200.03643240000005,-1.3294668717817826,0.0009057293333333335,-42805.25113636364,140414,1996636.0386363636,5.997384010661732
1916,552,141800,103.26,256,203.50025005999998,2.0822276945771843,0.0009055393333333334,-42326.71547234195,140699,1899918.2399425288,6.065179358953717
1920,554,142225,103.37,256,196.08484597000003,-1.2162300562590695,0.0009052473333333333,-43868.58900983146,141137,1910239.8651685393,6.24992536694816
1924,555,142529,101.23,256,179.86846853999998,-6.371189394722814,0.0009050106666666667,-46226.04330842391,141492,2056851.3342391304,6.579916010732236
1928,556,142713,99.07,256,173.88138298,-0.031549173852671746,0.0009048893333333334,-46061.95524796196,141674,2353481.211956522,6.744214244510816
1932,556,142895,97.57,256,166.52388611000003,-2.305489788884702,0.000904766,-46592.73420516304,141859,2354529.9429347827,6.819050457166589
1936,558,143328,96.64,256,155.7587647,0.058132326699853916,0.0009045466666666666,-47912.45658663618,142188,2489426.3689024393,6.917826857993274
1940,560,143856,97.25,256,152.87307245000002,0.5910534634686156,0.0009041813333333333,-48836.86747588087,142736,2427538.5847315434,6.973404484307206
1944,562,144381,98.35,256,155.12656629000003,-0.24426195388886987,0.0009038406666666667,-50967.91717479675,143247,2643325.8689024393,7.212384425527681
1948,564,144802,98.95,256,175.48562090000004,1.712594736814499,0.0009035433333333334,-51295.6288671875,143693,2578725.775,7.293850054740906
1952,565,145142,96.93,256,182.15295700000001,-1.5315357069425946,0.0009032973333333333,-51949.2793215981,144062,2767335.389240506,7.329344483870495
1956,566,145382,95.26,256,171.35348108999997,-0.3324392431525774,0.0009031120000000001,-52714.41322244624,144340,2720442.323924731,7.443907271149338
1960,567,145762,95.98,256,165.59743918999996,-0.9410203201276762,0.0009028933333333334,-52745.20411036036,144668,2897750.7972972975,7.670946344598994
1964,569,146292,97.78,256,159.99098542,0.5002772066057944,0.000902546,-53667.79797114158,145189,2926722.923469388,7.594822474888393
1968,571,146723,95.73,256,156.34541065999997,0.046159421575480496,0.0009022086666666667,-54746.19771461925,145695,3190023.369971264,7.722631476391321
1972,573,147095,95.0,256,128.55283631,-2.1913728952407836,0.0009019846666666666,-55320.454917279414,146031,3535186.9529411765,7.8582088863148405
1976,574,147456,94.58,256,117.17932881,-1.1153397692574396,0.0009017666666666667,-56246.09844539141,146358,3636121.217171717,7.98965039397731
1980,575,147836,95.1,256,128.5617124,-4.627621141134524,0.000901506,-57372.892118566175,146749,3506017.2524509802,8.391901221929812
1984,577,148153,95.39,256,135.48853806,-2.416431098514133,0.0009012933333333333,-58250.644140625,147068,3686100.888888889,8.747699038187664
1988,578,148606,96.11,256,139.77737059,0.9684183606734642,0.0009010133333333334,-58832.00706129808,147488,3958735.7865384617,8.838343906402589
1992,580,149020,95.62,256,137.38366555,-2.9048137351976218,0.0009007066666666667,-61581.80296985816,147948,4016913.154255319,9.171435741668052
1996,582,149408,92.88,256,137.69544875999998,2.547032369245397,0.0009004746666666667,-62606.86521503713,148296,4461621.448019802,9.444860175104424
2000,583,149843,93.28,256,148.94634319,-0.7442084768108118,0.000900174,-64131.34521028037,148747,4804502.757009346,9.58337181305217
2004,585,150287,93.02,256,148.23846242999997,-0.2879096720398975,0.0008998880000000001,-64924.31023503151,149176,4779565.737394958,9.656459431688324
2008,587,150701,94.78,256,149.78928877,1.005617281323985,0.0008996186666666667,-67262.06763980263,149580,4996522.421052632,10.017256335208291
2012,588,151070,96.27,256,143.22454418,-3.119443230330944,0.0008993113333333333,-68903.80204264323,150041,5447358.669270833,10.15326044956843
2016,589,151373,95.73,256,134.61363709000003,-4.518172447498028,0.0008991546666666666,-70754.28109975961,150276,5127370.865384615,10.288223816798283
2020,590,151692,94.67,256,127.96426707000002,1.6442859558498157,0.0008989553333333334,-69801.09145220589,150575,6398604.014705882,10.308647417554669
2024,592,152127,95.98,256,140.2125051,-0.9018260818896907,0.0008986473333333334,-72013.33818069307,151037,5914087.014851485,10.424813421645966
2028,594,152539,98.26,256,147.00781521000002,-3.510622923744136,0.00089839,-73668.34519800647,151423,5888631.299568965,10.815890131325558
2032,596,153005,101.1,256,153.85242102,-3.6556136846542358,0.0008980473333333333,-75666.268125,151937,6688281.193333333,11.301291211446125
2036,597,153272,99.44,256,158.20715288,-0.853337197303772,0.0008978606666666666,-76172.09640625,152217,6917908.99,11.338501205444336
2040,598,153562,97.06,256,158.82025401,-0.9425916314125061,0.0008976793333333333,-77555.55947265626,152489,7253166.75,11.24801026582718
2044,599,153967,95.86,256,145.9071803,0.6162828339470757,0.0008974453333333333,-78765.6771701389,152840,6514167.072222223,11.532767666710747
2048,601,154477,96.75,256,135.59292739000003,-1.0593230811032381,0.0008970899999999999,-80665.02194602272,153373,7730940.054545455,11.789876278963956
2052,603,154966,98.24,256,125.43769393000001,-1.604206339005501,0.0008967493333333333,-82663.3648563508,153884,7510301.004032258,11.95256487015755
2056,606,155471,100.89,256,135.83911539000002,-0.5858286002299169,0.0008964073333333334,-85657.38346809441,154397,8192083.486013986,12.560878220138017
2060,607,155994,102.32,256,149.22375776,-0.9128547028287665,0.0008960973333333334,-86193.1408786526,154862,8479119.886363637,12.686773368290492
2064,610,156553,102.61,256,147.69599151,0.014289719868550259,0.0008957126666666668,-88564.8967090708,155439,8742684.74778761,12.79421475503297
2068,611,156974,102.51,256,142.78069996,0.7413048059852035,0.0008954486666666667,-89252.68192997685,155835,9204065.731481481,12.777318857334278
2072,613,157377,102.82,256,150.56577712,1.684056513449725,0.0008951453333333333,-89552.40716911765,156290,8922253.62184874,12.897045440032702
2076,614,157793,103.37,256,158.22064099,-2.7958932566916808,0.0008948739999999999,-92168.029454023,156697,10462163.971264368,13.120184229708267
2080,616,158134,102.98,256,145.47095983,-3.466595742760635,0.0008946366666666666,-94225.64319740854,157053,10312289.00609756,13.67450572223198
2084,617,158524,103.71,256,137.28574437999998,-2.252277401455662,0.000894408,-95672.82970120614,157396,9733853.20614035,13.862469564404403
2088,619,158954,103.48,256,146.20102080999996,-2.0393777276262823,0.0008940980000000001,-99516.43402777778,157861,10377357.425925925,14.269476749278882
2092,620,159295,102.75,256,151.34687183999998,1.2423181232199612,0.0008938673333333334,-100267.50969503012,158207,11083375.789156627,14.461986633668463
2096,622,159603,101.95,256,149.11253907999998,3.496694955825806,0.0008936593333333334,-101233.91604166667,158519,11323125.653333334,14.210482025146485
2100,623,159941,100.98,256,140.90218048,-2.3511584209016534,0.0008934493333333333,-102262.36421745867,158834,11717382.545454545,14.197008952621585
2104,625,160471,101.84,256,136.88546308,0.8517946714087378,0.0008930853333333333,-104054.82861946203,159380,12569394.189873418,14.57375942906247
2108,627,160977,102.76,256,137.37922767,-0.03551379117098721,0.0008927906666666666,-106359.37038352272,159822,12560120.686363636,14.892726464705033
2112,629,161469,103.99,256,142.78383917000002,-0.701102770291842,0.0008924486666666666,-109183.78521634615,160335,13819316.984615386,15.716367613963591
2116,631,161859,104.86,256,147.52352033999998,-0.7605412351079734,0.0008921773333333334,-112253.19879518072,160742,14333111.120481927,15.974162515387478
2120,632,162209,105.17,256,156.01521234999998,-1.3727803113413792,0.0008919046666666666,-114663.57130821078,161151,14742418.235294119,16.465673053965848
2124,634,162512,103.85,256,158.15975447000002,-2.6929337637765065,0.0008916846666666667,-114580.54732142857,161481,15542764.485714287,16.543821716308592
2128,635,162994,104.55,256,156.10341018,1.5815174209349083,0.000891428,-116461.90743371213,161866,15367890.18939394,16.967514717217647
2132,637,163404,103.99,256,158.61092240999997,-0.4292589729907466,0.000891138,-117722.39667585785,162301,15273915.55882353,16.748941384109795
2136,638,163820,105.48,256,166.73702405,-1.2002103940034523,0.000890858,-120791.38521634616,162721,16028912.192307692,17.278502415388058
2140,640,164160,105.98,256,168.36032396000002,-3.5532171673827118,0.0008905993333333333,-122420.80168269231,163109,17337813.736263737,17.958543337308445
2144,641,164553,105.86,256,181.72156682999997,3.537302307460619,0.0008903713333333333,-122329.61548913043,163451,19005818.97826087,18.001918647600256
2148,643,165011,105.34,256,177.80807602000004,-2.6143753377359307,0.0008900646666666667,-125702.6122318097,163911,20053365.69402985,18.374926382036353
2152,645,165492,105.26,256,183.86489281,-0.09333324432373047,0.0008897806666666667,-129086.15915697675,164337,18091044.18604651,18.751491147418356
2156,647,166010,105.39,256,177.33020133000002,-1.6001808534141715,0.0008894166666666666,-131155.4401240458,164883,19309705.79389313,19.079901484132723
2160,649,166526,105.32,256,172.85460471000002,2.5630324394472184,0.0008890793333333334,-132986.12394153225,165389,20060042.038709678,19.63702447952763
2164,651,166950,103.97,256,185.13269589,4.778314395384355,0.000888764,-133497.42409446024,165862,20705323.306818184,19.74934859709306
2168,652,167255,102.81,256,188.57596569,-1.5329581239949102,0.0008885673333333334,-138027.02122961957,166157,21188908.56521739,20.130356830099355
2172,653,167532,101.55,256,196.54450367,-1.7182472855297488,0.0008883566666666667,-139376.76749067163,166473,25481026.08955224,19.92725167345645
2176,655,167897,101.04,256,208.59790611,-0.3250864755989301,0.0008881280000000001,-140293.80136138614,166816,23518090.108910892,20.508878707885742
